session_id,ike_version,ike_mode,encryption_algorithm,key_length_bits,hash_algorithm,dh_group,auth_method,operation_mode,pfs_enabled,sa_lifetime_seconds,risk_score,risk_label,flagged_issues
642059fd-8d27-4c08-a674-81e6dc7ea9c5,IKEv2,Main,AES-256-GCM,256,SHA256,31,PSK,Tunnel,True,28800,5,Low,None
a0510d6e-6734-4ab4-b84c-a972e7be4884,IKEv1,Quick,AES-128-CBC,128,SHA512,14,ECDSA-Sig,Transport,True,28800,16,Low,Legacy IKEv1 used
2ab464c4-1980-4725-ac1f-db4d3a19f83d,IKEv2,Main,ChaCha20-Poly1305,256,SHA1,31,PSK,Tunnel,False,28800,45,Moderate,Weak hash SHA1; Perfect Forward Secrecy (PFS) is disabled
5225440b-5db2-4cfa-9fb2-d072e2188228,IKEv2,Main,AES-256-CBC,256,MD5,1,ECDSA-Sig,Tunnel,True,28800,59,Moderate,Weak hash MD5; Weak DH group 1
2bca1b3b-cbd1-475e-ab16-14f74d0c2a12,IKEv1,Quick,ChaCha20-Poly1305,256,SHA256,14,ECDSA-Sig,Transport,False,3600,38,Strong,Legacy IKEv1 used; Perfect Forward Secrecy (PFS) is disabled
ff0d173e-61f5-4645-9611-d4219528105c,IKEv1,Quick,AES-256-GCM,256,MD5,21,RSA-Sig,Transport,True,28800,48,Moderate,Legacy IKEv1 used; Weak hash MD5
445f7583-20a9-427d-8ec0-62318c0f1e77,IKEv2,Main,DES,56,SHA1,19,RSA-Sig,Transport,False,86400,87,Critical,Weak encryption DES; Weak hash SHA1; Perfect Forward Secrecy (PFS) is disabled
13bc873e-50ca-424f-88c7-338870a342f1,IKEv2,Main,AES-256-CBC,256,SHA512,31,ECDSA-Sig,Tunnel,False,3600,16,Low,Perfect Forward Secrecy (PFS) is disabled
53dbd5f4-1102-46aa-b5a9-a34346fa9f10,IKEv1,Aggressive,ChaCha20-Poly1305,256,SHA1,14,RSA-Sig,Tunnel,True,28800,85,Critical,Legacy IKEv1 used; IKEv1 Aggressive mode vulnerable to offline dictionary attacks; Weak hash SHA1
05bf353c-5433-4a8a-ab1f-2f054606966a,IKEv2,Main,3DES,112,SHA1,20,RSA-Sig,Tunnel,False,86400,93,Critical,Weak encryption 3DES; Weak hash SHA1; Perfect Forward Secrecy (PFS) is disabled
92a8c901-404d-44c6-b677-d43c2e8d4718,IKEv1,Quick,AES-256-CBC,256,MD5,20,PSK,Transport,True,28800,46,Moderate,Legacy IKEv1 used; Weak hash MD5
a5625aed-e113-4ccd-8697-7552c1c820f0,IKEv2,Main,3DES,112,MD5,14,PSK,Tunnel,True,86400,74,Weak,Weak encryption 3DES; Weak hash MD5
545d4197-c0fa-47cb-95f2-e388faed5ac2,IKEv1,Main,DES,56,MD5,14,ECDSA-Sig,Tunnel,True,3600,91,Critical,Legacy IKEv1 used; Weak encryption DES; Weak hash MD5
84d3e4c9-20a3-423a-ac40-dca25be68167,IKEv2,Main,AES-128-CBC,128,MD5,5,PSK,Transport,True,28800,55,Moderate,Weak hash MD5; Weak DH group 5
3052550c-c961-4c18-93c5-34f2fdb35c95,IKEv1,Quick,DES,56,SHA384,2,PSK,Transport,True,86400,85,Critical,Legacy IKEv1 used; Weak encryption DES; Weak DH group 2
98e636d4-2d7a-4015-b92e-5524868f78a4,IKEv2,Main,AES-256-GCM,256,SHA256,14,RSA-Sig,Tunnel,True,3600,0,Low,None
2f121fe5-625c-4890-a21a-486ec651ce72,IKEv2,Main,ChaCha20-Poly1305,256,SHA256,1,PSK,Transport,True,86400,28,Strong,Weak DH group 1
9a2fd95f-b564-49e7-a20a-6f813c28901b,IKEv1,Quick,DES,56,SHA1,2,PSK,Tunnel,True,86400,100,Critical,Legacy IKEv1 used; Weak encryption DES; Weak hash SHA1; Weak DH group 2
143be207-0f31-439f-ae9b-554982f2189a,IKEv2,Main,AES-256-GCM,256,SHA384,20,PSK,Tunnel,True,3600,3,Low,None
31b1d7a8-e409-4095-b8fb-d27bfc218407,IKEv2,Main,AES-256-GCM,256,SHA384,19,ECDSA-Sig,Tunnel,True,28800,4,Low,None
3e503d11-5a80-414c-ba0b-1d805543ba15,IKEv2,Main,3DES,112,SHA512,20,PSK,Tunnel,False,28800,55,Moderate,Weak encryption 3DES; Perfect Forward Secrecy (PFS) is disabled
1ddc9943-1531-4103-a79d-6ba6ab397578,IKEv2,Main,3DES,112,SHA384,1,ECDSA-Sig,Transport,True,3600,73,Weak,Weak encryption 3DES; Weak DH group 1
3f06f185-2459-47a2-9241-267212a05bfc,IKEv1,Aggressive,DES,56,SHA384,19,PSK,Tunnel,True,28800,100,Critical,Legacy IKEv1 used; IKEv1 Aggressive mode vulnerable to offline dictionary attacks; Weak encryption DES; PSK with Aggressive Mode is highly risky
346bbfb1-20b9-4685-84ab-ae82fde7cb0f,IKEv2,Main,DES,56,SHA512,1,ECDSA-Sig,Transport,False,86400,95,Critical,Weak encryption DES; Weak DH group 1; Perfect Forward Secrecy (PFS) is disabled
1608ada0-daab-498c-9d70-2b1981cf7060,IKEv1,Main,AES-256-CBC,256,MD5,20,PSK,Transport,False,28800,73,Weak,Legacy IKEv1 used; Weak hash MD5; Perfect Forward Secrecy (PFS) is disabled
5f8f1bfa-c61f-4068-aa6c-6a57332edaa5,IKEv2,Main,AES-128-CBC,128,MD5,19,PSK,Transport,True,86400,31,Strong,Weak hash MD5
3f6101c8-6be7-4d4d-8f96-ce2951f1b452,IKEv2,Main,3DES,112,SHA384,20,ECDSA-Sig,Tunnel,False,3600,58,Moderate,Weak encryption 3DES; Perfect Forward Secrecy (PFS) is disabled
9cbb9a5e-c4cf-4b83-a631-d3a693cf3bca,IKEv2,Main,ChaCha20-Poly1305,256,SHA1,19,RSA-Sig,Transport,False,86400,52,Moderate,Weak hash SHA1; Perfect Forward Secrecy (PFS) is disabled
791674a2-aa48-4b7b-8f07-e2930e9db1a5,IKEv2,Main,AES-128-CBC,128,SHA256,1,ECDSA-Sig,Transport,False,3600,54,Moderate,Weak DH group 1; Perfect Forward Secrecy (PFS) is disabled
afecdbd1-985a-4260-b949-1490a6aa2928,IKEv2,Main,ChaCha20-Poly1305,256,SHA256,21,PSK,Tunnel,False,86400,19,Low,Perfect Forward Secrecy (PFS) is disabled
d407ddf3-3cda-4bd7-af24-45113d82a569,IKEv1,Main,AES-128-CBC,128,SHA384,14,ECDSA-Sig,Transport,True,28800,15,Low,Legacy IKEv1 used
c7ce236e-0e6f-4963-a362-b7d77478445d,IKEv2,Main,AES-128-CBC,128,SHA384,31,ECDSA-Sig,Transport,True,3600,0,Low,None
206ca43d-458c-4b47-9967-7eb94e3f8539,IKEv2,Main,3DES,112,MD5,5,PSK,Tunnel,False,86400,100,Critical,Weak encryption 3DES; Weak hash MD5; Weak DH group 5; Perfect Forward Secrecy (PFS) is disabled
3a8cd7fb-0b92-4f06-a831-25086b4978f1,IKEv2,Main,3DES,112,SHA256,21,RSA-Sig,Transport,True,3600,40,Moderate,Weak encryption 3DES
8b926b72-8cd6-4bbe-8909-7f5aedc60f0c,IKEv1,Aggressive,AES-256-CBC,256,SHA512,19,ECDSA-Sig,Tunnel,True,3600,49,Moderate,Legacy IKEv1 used; IKEv1 Aggressive mode vulnerable to offline dictionary attacks
e0f1a237-97de-4181-8a10-cce1a12423db,IKEv2,Main,AES-128-CBC,128,SHA384,31,RSA-Sig,Transport,True,86400,0,Low,None
31b4a249-6ccf-4cb4-97ec-c2f23da9abad,IKEv2,Main,AES-256-CBC,256,SHA384,20,ECDSA-Sig,Transport,False,3600,18,Low,Perfect Forward Secrecy (PFS) is disabled
20fbfd07-4fe5-4dd8-a992-91a6188a0c89,IKEv2,Main,AES-256-GCM,256,SHA1,31,RSA-Sig,Transport,False,28800,50,Moderate,Weak hash SHA1; Perfect Forward Secrecy (PFS) is disabled
a721a3de-c500-48f6-b720-2dbca0f28c38,IKEv2,Main,AES-256-GCM,256,MD5,14,PSK,Transport,True,28800,26,Strong,Weak hash MD5
47194e94-c8ff-4116-a644-0672a66f718f,IKEv2,Main,AES-256-CBC,256,SHA256,1,PSK,Transport,False,86400,46,Moderate,Weak DH group 1; Perfect Forward Secrecy (PFS) is disabled
100fdbde-f747-4d2d-818f-a5b6045fc886,IKEv2,Main,ChaCha20-Poly1305,256,SHA512,5,RSA-Sig,Transport,True,86400,31,Strong,Weak DH group 5
a8b0eb0f-feaa-4920-8316-b597b442e767,IKEv2,Main,ChaCha20-Poly1305,256,MD5,14,ECDSA-Sig,Transport,True,3600,26,Strong,Weak hash MD5
ec82a08a-d43c-4087-9ba0-d64e33edd2ad,IKEv1,Quick,AES-256-CBC,256,SHA256,31,PSK,Transport,True,28800,20,Strong,Legacy IKEv1 used
3f9bdf0e-149e-4ffd-ba6b-2f4a0303106b,IKEv2,Main,AES-256-GCM,256,SHA256,14,PSK,Tunnel,False,3600,20,Strong,Perfect Forward Secrecy (PFS) is disabled
055016a0-cd98-4b84-8182-afbc8333bb1c,IKEv2,Main,AES-256-GCM,256,SHA256,14,PSK,Transport,True,3600,4,Low,None
b875012e-2c0f-4730-89ec-d95cbbc06a3c,IKEv2,Main,DES,56,SHA256,31,RSA-Sig,Tunnel,False,86400,59,Moderate,Weak encryption DES; Perfect Forward Secrecy (PFS) is disabled
19708fad-73c1-42c4-852f-30e22f250d1f,IKEv2,Main,AES-128-CBC,128,SHA1,31,ECDSA-Sig,Transport,True,28800,25,Strong,Weak hash SHA1
5c8d92da-2e20-4ba5-974c-f735a8b29b53,IKEv1,Aggressive,3DES,112,SHA1,1,PSK,Tunnel,True,28800,100,Critical,Legacy IKEv1 used; IKEv1 Aggressive mode vulnerable to offline dictionary attacks; Weak encryption 3DES; Weak hash SHA1; Weak DH group 1; PSK with Aggressive Mode is highly risky
9b09967a-e2f2-4e68-aad3-35267cefba69,IKEv2,Main,AES-256-GCM,256,SHA1,21,RSA-Sig,Tunnel,False,3600,53,Moderate,Weak hash SHA1; Perfect Forward Secrecy (PFS) is disabled
90e07da7-041e-4052-a18c-60402c2c3d20,IKEv2,Main,AES-256-CBC,256,SHA1,21,PSK,Transport,True,3600,26,Strong,Weak hash SHA1
49d60133-f01e-4d64-9764-882caa3f6f06,IKEv1,Aggressive,ChaCha20-Poly1305,256,SHA384,5,ECDSA-Sig,Tunnel,False,28800,100,Critical,Legacy IKEv1 used; IKEv1 Aggressive mode vulnerable to offline dictionary attacks; Weak DH group 5; Perfect Forward Secrecy (PFS) is disabled
3ec767ae-cc4b-4504-9378-0afc7c57432b,IKEv1,Quick,ChaCha20-Poly1305,256,SHA256,1,RSA-Sig,Tunnel,False,3600,66,Weak,Legacy IKEv1 used; Weak DH group 1; Perfect Forward Secrecy (PFS) is disabled
88fabc8e-ee5c-46d3-a067-96ddce904c0b,IKEv2,Main,3DES,112,MD5,14,RSA-Sig,Transport,True,28800,73,Weak,Weak encryption 3DES; Weak hash MD5
c174dfb8-363c-405d-9130-b6a3294281f4,IKEv2,Main,AES-256-GCM,256,MD5,31,PSK,Transport,False,3600,49,Moderate,Weak hash MD5; Perfect Forward Secrecy (PFS) is disabled
dbececf2-6efb-497c-b71b-b9339ea79b86,IKEv2,Main,ChaCha20-Poly1305,256,SHA512,31,RSA-Sig,Tunnel,True,86400,5,Low,None
28a881bb-6932-437c-b8a9-ef30623e5656,IKEv1,Main,3DES,112,SHA384,2,RSA-Sig,Tunnel,True,86400,94,Critical,Legacy IKEv1 used; Weak encryption 3DES; Weak DH group 2
273745f7-c23f-45d2-84ce-3172436f7892,IKEv2,Main,3DES,112,SHA1,19,RSA-Sig,Tunnel,False,86400,90,Critical,Weak encryption 3DES; Weak hash SHA1; Perfect Forward Secrecy (PFS) is disabled
0379304c-aa8c-42ed-b9d7-8871d5a34621,IKEv2,Main,AES-256-CBC,256,SHA512,1,RSA-Sig,Transport,True,86400,34,Strong,Weak DH group 1
f54d7333-4f24-4ff5-96ed-c4a40c06672f,IKEv1,Aggressive,ChaCha20-Poly1305,256,MD5,31,PSK,Tunnel,True,3600,98,Critical,Legacy IKEv1 used; IKEv1 Aggressive mode vulnerable to offline dictionary attacks; Weak hash MD5; PSK with Aggressive Mode is highly risky
f3756223-0f0b-456b-a7cf-76dc1df64607,IKEv2,Main,AES-256-GCM,256,SHA512,21,ECDSA-Sig,Transport,False,86400,16,Low,Perfect Forward Secrecy (PFS) is disabled
651b3bac-5db3-4198-af38-6f931aa159f8,IKEv2,Main,DES,56,SHA512,20,PSK,Tunnel,True,28800,35,Strong,Weak encryption DES
b792c19d-443a-4b26-84cd-40811becfb71,IKEv2,Main,AES-256-CBC,256,SHA512,14,RSA-Sig,Transport,False,3600,25,Strong,Perfect Forward Secrecy (PFS) is disabled
98a87951-579a-4801-90a9-2034b14a2c8b,IKEv2,Main,DES,56,SHA512,21,RSA-Sig,Transport,False,3600,58,Moderate,Weak encryption DES; Perfect Forward Secrecy (PFS) is disabled
75d93433-86ad-4b17-90b6-74eee6eb81c3,IKEv2,Main,AES-256-CBC,256,SHA1,2,ECDSA-Sig,Transport,False,3600,79,Weak,Weak hash SHA1; Weak DH group 2; Perfect Forward Secrecy (PFS) is disabled
7dab09d3-4f16-4c27-ba41-0fc11367e4f9,IKEv2,Main,AES-256-GCM,256,SHA384,31,ECDSA-Sig,Transport,True,86400,0,Low,None
18cdae3f-3000-4b72-9c1d-a9a9413c65c9,IKEv2,Main,AES-256-CBC,256,SHA1,5,PSK,Tunnel,True,86400,58,Moderate,Weak hash SHA1; Weak DH group 5
a8c29330-c1e9-4cc1-b13c-484403728167,IKEv2,Main,AES-256-CBC,256,SHA256,1,PSK,Transport,False,86400,46,Moderate,Weak DH group 1; Perfect Forward Secrecy (PFS) is disabled
2fe7a3d5-369a-48b8-902f-7f1c5eb60368,IKEv1,Main,AES-256-CBC,256,SHA1,19,ECDSA-Sig,Transport,True,86400,51,Moderate,Legacy IKEv1 used; Weak hash SHA1
9ed8dde6-ed19-4064-ac15-7994f0ed0837,IKEv1,Main,3DES,112,SHA1,2,RSA-Sig,Transport,True,3600,100,Critical,Legacy IKEv1 used; Weak encryption 3DES; Weak hash SHA1; Weak DH group 2
fb82f60b-fbd6-4e8f-83ff-6aa750baa48b,IKEv2,Main,3DES,112,SHA512,2,PSK,Tunnel,True,3600,72,Weak,Weak encryption 3DES; Weak DH group 2
615cfd64-16fd-4b96-9c46-53c4e770c8a2,IKEv2,Main,DES,56,SHA384,2,PSK,Tunnel,False,86400,95,Critical,Weak encryption DES; Weak DH group 2; Perfect Forward Secrecy (PFS) is disabled
bf68802a-f64c-4b72-a3fe-374b3781a844,IKEv2,Main,AES-256-CBC,256,SHA1,1,ECDSA-Sig,Transport,False,86400,80,Critical,Weak hash SHA1; Weak DH group 1; Perfect Forward Secrecy (PFS) is disabled
c2e85e24-071e-4e78-bf1e-3d4915ed1b05,IKEv2,Main,AES-256-GCM,256,SHA384,1,ECDSA-Sig,Tunnel,True,3600,27,Strong,Weak DH group 1
3e3f56e5-b981-437f-aad7-0d9e9ef26a0b,IKEv1,Aggressive,DES,56,MD5,20,PSK,Transport,True,86400,100,Critical,Legacy IKEv1 used; IKEv1 Aggressive mode vulnerable to offline dictionary attacks; Weak encryption DES; Weak hash MD5; PSK with Aggressive Mode is highly risky
c97a2641-d154-4b8e-a780-a6fb8789b0ea,IKEv1,Main,DES,56,SHA256,14,PSK,Tunnel,False,28800,80,Critical,Legacy IKEv1 used; Weak encryption DES; Perfect Forward Secrecy (PFS) is disabled
77c950b5-f8e3-4bcd-a9a8-c5dda8f310fa,IKEv2,Main,AES-256-CBC,256,SHA256,2,ECDSA-Sig,Transport,True,3600,28,Strong,Weak DH group 2
3292daa6-2214-4475-8fae-ae44b344e4a8,IKEv1,Main,AES-256-CBC,256,SHA256,19,PSK,Tunnel,False,3600,45,Moderate,Legacy IKEv1 used; Perfect Forward Secrecy (PFS) is disabled
e9ffa681-6daf-48f6-825a-cb44928e1dfb,IKEv1,Main,3DES,112,SHA1,21,RSA-Sig,Tunnel,False,3600,100,Critical,Legacy IKEv1 used; Weak encryption 3DES; Weak hash SHA1; Perfect Forward Secrecy (PFS) is disabled
c1a250ef-1d9b-4272-8904-74854b0f2fd3,IKEv2,Main,AES-256-GCM,256,SHA256,5,RSA-Sig,Tunnel,False,3600,55,Moderate,Weak DH group 5; Perfect Forward Secrecy (PFS) is disabled
2f89dd24-290d-4ebb-8fbe-f6b1df5410b3,IKEv2,Main,AES-256-CBC,256,MD5,19,RSA-Sig,Tunnel,False,3600,55,Moderate,Weak hash MD5; Perfect Forward Secrecy (PFS) is disabled
3b3e34d2-58f2-470a-99ab-4a462210853d,IKEv1,Main,3DES,112,SHA256,2,RSA-Sig,Tunnel,True,3600,86,Critical,Legacy IKEv1 used; Weak encryption 3DES; Weak DH group 2
351460a0-8134-47c4-976d-5a1bc94c10fd,IKEv1,Main,DES,56,SHA384,1,ECDSA-Sig,Tunnel,True,3600,94,Critical,Legacy IKEv1 used; Weak encryption DES; Weak DH group 1
4c204fda-deb5-4e42-b26b-94f710655754,IKEv2,Main,ChaCha20-Poly1305,256,SHA384,21,ECDSA-Sig,Tunnel,False,28800,25,Strong,Perfect Forward Secrecy (PFS) is disabled
7a7e22bb-fdcf-4227-bdc0-5a145583a81e,IKEv2,Main,3DES,112,SHA1,5,ECDSA-Sig,Transport,True,3600,97,Critical,Weak encryption 3DES; Weak hash SHA1; Weak DH group 5
c9b3c2c3-5eea-4394-bc4b-e85a0ed8709a,IKEv1,Aggressive,3DES,112,SHA384,14,PSK,Tunnel,True,86400,100,Critical,Legacy IKEv1 used; IKEv1 Aggressive mode vulnerable to offline dictionary attacks; Weak encryption 3DES; PSK with Aggressive Mode is highly risky
c8e1aed1-5ced-4ae7-90e5-96a28ce02677,IKEv2,Main,AES-256-GCM,256,SHA384,20,PSK,Tunnel,False,3600,18,Low,Perfect Forward Secrecy (PFS) is disabled
50905f5a-9db6-4cca-8691-3516c6543125,IKEv1,Main,ChaCha20-Poly1305,256,SHA512,20,RSA-Sig,Transport,True,3600,17,Low,Legacy IKEv1 used
a5cfe3ac-4ca1-4823-9eae-6af24c92de1c,IKEv1,Main,ChaCha20-Poly1305,256,SHA512,5,PSK,Transport,True,86400,52,Moderate,Legacy IKEv1 used; Weak DH group 5
2d1b5664-3c84-4255-aeb7-1011ad044de2,IKEv2,Main,3DES,112,MD5,1,RSA-Sig,Tunnel,True,3600,100,Critical,Weak encryption 3DES; Weak hash MD5; Weak DH group 1
cd5ffe1f-8c25-4e30-9376-a3810bbd65d3,IKEv2,Main,ChaCha20-Poly1305,256,SHA256,31,ECDSA-Sig,Tunnel,True,28800,0,Low,None
618efe08-1d4d-4040-b2fe-e0e86634c038,IKEv2,Main,ChaCha20-Poly1305,256,SHA384,31,PSK,Transport,False,28800,25,Strong,Perfect Forward Secrecy (PFS) is disabled
67ab83fc-c040-408d-a20e-00d5348c0ae5,IKEv2,Main,AES-256-CBC,256,SHA1,14,PSK,Tunnel,False,86400,53,Moderate,Weak hash SHA1; Perfect Forward Secrecy (PFS) is disabled
1b9c8cfa-da4a-4847-a364-5392891ce110,IKEv2,Main,DES,56,MD5,1,PSK,Transport,True,3600,98,Critical,Weak encryption DES; Weak hash MD5; Weak DH group 1
221cb13f-5943-4c12-b7ca-6cf9314fdf28,IKEv1,Quick,AES-256-GCM,256,SHA1,5,PSK,Tunnel,True,28800,85,Critical,Legacy IKEv1 used; Weak hash SHA1; Weak DH group 5
8e9eb710-fbb5-4eb9-ac71-da45f51aa5e9,IKEv1,Aggressive,3DES,112,SHA256,19,PSK,Tunnel,False,3600,100,Critical,Legacy IKEv1 used; IKEv1 Aggressive mode vulnerable to offline dictionary attacks; Weak encryption 3DES; PSK with Aggressive Mode is highly risky; Perfect Forward Secrecy (PFS) is disabled
80e99bf9-49bd-4ff8-8f67-8f707f08173b,IKEv2,Main,3DES,112,MD5,5,PSK,Transport,True,3600,95,Critical,Weak encryption 3DES; Weak hash MD5; Weak DH group 5
3dcf5ae4-9d80-456c-9f28-4bec38356005,IKEv2,Main,AES-128-CBC,128,MD5,19,PSK,Transport,True,86400,28,Strong,Weak hash MD5
984cacfa-5950-4d7a-a2b8-b156e24a12bf,IKEv1,Main,ChaCha20-Poly1305,256,SHA384,1,PSK,Tunnel,True,28800,45,Moderate,Legacy IKEv1 used; Weak DH group 1
b6a05596-87bd-4058-95c2-4e944ccaf603,IKEv2,Main,AES-256-GCM,256,SHA512,19,RSA-Sig,Transport,True,3600,0,Low,None
f04d985a-2517-4d91-a37f-370484300bd4,IKEv1,Main,ChaCha20-Poly1305,256,MD5,5,PSK,Tunnel,False,28800,100,Critical,Legacy IKEv1 used; Weak hash MD5; Weak DH group 5; Perfect Forward Secrecy (PFS) is disabled
bbab662d-ec49-4a17-89d7-9c7e2e45a6f0,IKEv2,Main,3DES,112,SHA384,21,ECDSA-Sig,Transport,False,28800,59,Moderate,Weak encryption 3DES; Perfect Forward Secrecy (PFS) is disabled
cc0f3c57-3f72-49e0-8f2b-2e5624a6a3fb,IKEv2,Main,AES-128-CBC,128,SHA256,2,PSK,Transport,False,3600,46,Moderate,Weak DH group 2; Perfect Forward Secrecy (PFS) is disabled
7d56b56a-9a70-4a61-aa21-0860255aea64,IKEv1,Quick,DES,56,MD5,31,ECDSA-Sig,Tunnel,True,86400,88,Critical,Legacy IKEv1 used; Weak encryption DES; Weak hash MD5
28add7be-d3cd-4087-8332-0392a809d5ac,IKEv2,Main,ChaCha20-Poly1305,256,SHA1,5,ECDSA-Sig,Tunnel,False,28800,84,Critical,Weak hash SHA1; Weak DH group 5; Perfect Forward Secrecy (PFS) is disabled
cd9b3ea9-dbd1-42ef-bed8-50067866513a,IKEv2,Main,3DES,112,SHA1,20,ECDSA-Sig,Tunnel,True,86400,70,Weak,Weak encryption 3DES; Weak hash SHA1
8e04afe0-7d83-4c8d-8775-30277a00655f,IKEv2,Main,DES,56,MD5,31,ECDSA-Sig,Transport,False,86400,88,Critical,Weak encryption DES; Weak hash MD5; Perfect Forward Secrecy (PFS) is disabled
8720ed16-3c38-4932-b92c-1edf02886fd8,IKEv2,Main,DES,56,SHA512,19,RSA-Sig,Transport,True,28800,45,Moderate,Weak encryption DES
00e44eea-05b5-4a5c-b51d-fdafdfae7b3e,IKEv2,Main,AES-256-CBC,256,SHA512,2,RSA-Sig,Tunnel,False,3600,52,Moderate,Weak DH group 2; Perfect Forward Secrecy (PFS) is disabled
72c34504-ccd9-4a8e-921b-b819314c3190,IKEv1,Quick,AES-128-CBC,128,SHA256,21,PSK,Tunnel,True,86400,21,Strong,Legacy IKEv1 used
2a5eecef-3c85-4166-9005-30551963d6db,IKEv2,Main,AES-256-CBC,256,SHA384,31,PSK,Tunnel,False,86400,25,Strong,Perfect Forward Secrecy (PFS) is disabled
b88b64f9-541a-4236-a32c-c52b13c9bbb3,IKEv2,Main,3DES,112,SHA512,2,ECDSA-Sig,Tunnel,True,3600,72,Weak,Weak encryption 3DES; Weak DH group 2
ad90a22d-19c0-48b6-9a4b-95c12d811fed,IKEv2,Main,3DES,112,SHA512,20,PSK,Transport,True,3600,37,Strong,Weak encryption 3DES
c3d8b27b-4b60-4c89-a231-a5c8d5bb5e08,IKEv2,Main,3DES,112,SHA1,1,RSA-Sig,Transport,True,86400,99,Critical,Weak encryption 3DES; Weak hash SHA1; Weak DH group 1
ee30322f-6caa-4377-b212-3277acfcd26b,IKEv1,Main,DES,56,SHA256,21,PSK,Tunnel,False,3600,77,Weak,Legacy IKEv1 used; Weak encryption DES; Perfect Forward Secrecy (PFS) is disabled
5bb6cc46-6c75-46d1-b785-853ef3973377,IKEv1,Quick,AES-256-GCM,256,SHA384,21,ECDSA-Sig,Tunnel,False,28800,38,Strong,Legacy IKEv1 used; Perfect Forward Secrecy (PFS) is disabled
7c7a183b-8612-4e77-8d42-9d27abfc9bf0,IKEv1,Quick,ChaCha20-Poly1305,256,SHA1,19,RSA-Sig,Transport,True,86400,53,Moderate,Legacy IKEv1 used; Weak hash SHA1
36c40105-8009-491b-8132-f19a213c9c27,IKEv2,Main,ChaCha20-Poly1305,256,SHA256,21,PSK,Transport,False,28800,23,Strong,Perfect Forward Secrecy (PFS) is disabled
914499f8-2c4b-483d-8d5f-36b5a6bdccf3,IKEv2,Main,DES,56,SHA512,14,RSA-Sig,Tunnel,True,3600,39,Strong,Weak encryption DES
3a374955-eaa6-4eb5-8364-7ac9a15635e0,IKEv1,Aggressive,ChaCha20-Poly1305,256,SHA384,1,PSK,Tunnel,False,3600,100,Critical,Legacy IKEv1 used; IKEv1 Aggressive mode vulnerable to offline dictionary attacks; Weak DH group 1; PSK with Aggressive Mode is highly risky; Perfect Forward Secrecy (PFS) is disabled
0a012ad1-f77e-40de-b53d-5fcfee8074d1,IKEv2,Main,AES-128-CBC,128,MD5,19,RSA-Sig,Tunnel,False,86400,51,Moderate,Weak hash MD5; Perfect Forward Secrecy (PFS) is disabled
9b94b5da-0dac-4829-9432-9a529dca1f00,IKEv2,Main,DES,56,SHA384,5,RSA-Sig,Tunnel,True,28800,74,Weak,Weak encryption DES; Weak DH group 5
f16f6cfd-7386-491d-8d91-ddd2daeefe52,IKEv2,Main,3DES,112,SHA256,31,ECDSA-Sig,Tunnel,False,3600,61,Weak,Weak encryption 3DES; Perfect Forward Secrecy (PFS) is disabled
037acaa8-821f-427e-b34a-443e51f562e3,IKEv2,Main,AES-256-GCM,256,SHA512,20,RSA-Sig,Tunnel,False,28800,20,Strong,Perfect Forward Secrecy (PFS) is disabled
2264df66-37c6-481d-a8b3-f76d57ef4db1,IKEv1,Aggressive,ChaCha20-Poly1305,256,MD5,21,ECDSA-Sig,Tunnel,True,3600,78,Weak,Legacy IKEv1 used; IKEv1 Aggressive mode vulnerable to offline dictionary attacks; Weak hash MD5
95898de8-e25f-497d-b885-77647ba66018,IKEv2,Main,ChaCha20-Poly1305,256,SHA1,14,ECDSA-Sig,Transport,True,28800,27,Strong,Weak hash SHA1
6bc68b0e-a1e0-4291-9f28-fef5437d4aed,IKEv2,Main,ChaCha20-Poly1305,256,SHA256,20,PSK,Transport,True,86400,3,Low,None
9a537045-3d52-4c67-a8b4-1de7483cf85b,IKEv2,Main,AES-128-CBC,128,SHA512,14,PSK,Transport,False,28800,22,Strong,Perfect Forward Secrecy (PFS) is disabled
e4f19c6b-2964-4cea-8813-d1288325654a,IKEv2,Main,AES-256-CBC,256,MD5,14,PSK,Transport,True,3600,26,Strong,Weak hash MD5
251e5a3f-1040-45fb-b15d-c959dca11bfb,IKEv2,Main,ChaCha20-Poly1305,256,SHA512,20,ECDSA-Sig,Tunnel,False,3600,15,Low,Perfect Forward Secrecy (PFS) is disabled
392ac537-3fac-42fa-a55c-c36f0b104dfa,IKEv2,Main,DES,56,SHA1,31,RSA-Sig,Tunnel,True,28800,66,Weak,Weak encryption DES; Weak hash SHA1
0b9a15d1-7fcc-4f0f-8673-1334f312781a,IKEv2,Main,AES-256-GCM,256,SHA1,14,PSK,Tunnel,True,3600,27,Strong,Weak hash SHA1
79ee777c-87ec-427d-b1d8-3f4ece794697,IKEv2,Main,AES-128-CBC,128,SHA256,20,ECDSA-Sig,Tunnel,True,28800,5,Low,None
400a0b6b-c71c-4b55-889d-83a1ad93cef5,IKEv2,Main,3DES,112,SHA512,31,ECDSA-Sig,Tunnel,False,86400,57,Moderate,Weak encryption 3DES; Perfect Forward Secrecy (PFS) is disabled
58ce3e73-afd5-42f0-8cca-e77e78a60c32,IKEv1,Aggressive,AES-256-CBC,256,SHA512,31,ECDSA-Sig,Tunnel,True,28800,55,Moderate,Legacy IKEv1 used; IKEv1 Aggressive mode vulnerable to offline dictionary attacks
6ad11edb-c82e-4cf3-9167-0493f4bd0666,IKEv2,Main,AES-128-CBC,128,SHA512,19,PSK,Tunnel,True,28800,1,Low,None
b71ad4b0-e767-4288-a61e-e17f0f5f5855,IKEv2,Main,AES-256-CBC,256,MD5,19,RSA-Sig,Tunnel,False,86400,54,Moderate,Weak hash MD5; Perfect Forward Secrecy (PFS) is disabled
fb27c205-ec35-4825-98e9-87d48cfaf4c9,IKEv2,Main,AES-128-CBC,128,SHA512,20,PSK,Tunnel,True,86400,0,Low,None
fc229209-1769-4bce-b7e2-642f301c4684,IKEv2,Main,DES,56,MD5,21,ECDSA-Sig,Transport,False,3600,91,Critical,Weak encryption DES; Weak hash MD5; Perfect Forward Secrecy (PFS) is disabled
c540b82e-13b6-4d2b-b103-c14639dadd74,IKEv2,Main,AES-128-CBC,128,SHA256,20,RSA-Sig,Tunnel,True,86400,1,Low,None
6927daa9-8563-40e0-83f4-2ac74a2618d6,IKEv2,Main,AES-256-CBC,256,SHA512,1,RSA-Sig,Tunnel,True,3600,34,Strong,Weak DH group 1
9b28d59b-40d8-4dbd-ab24-e1cb17896bf2,IKEv1,Main,AES-256-GCM,256,SHA512,5,ECDSA-Sig,Tunnel,False,28800,72,Weak,Legacy IKEv1 used; Weak DH group 5; Perfect Forward Secrecy (PFS) is disabled
a03e75d8-7709-43f8-a1e4-0f6b7336eff1,IKEv2,Main,AES-256-GCM,256,SHA256,2,PSK,Transport,False,3600,53,Moderate,Weak DH group 2; Perfect Forward Secrecy (PFS) is disabled
dbbbf523-1e7d-4bb7-8263-6a7723d47cd7,IKEv1,Main,AES-256-CBC,256,SHA512,31,PSK,Tunnel,True,3600,19,Low,Legacy IKEv1 used
95a74110-097a-4484-b420-f7156cbbec1f,IKEv2,Main,AES-128-CBC,128,SHA256,14,RSA-Sig,Tunnel,True,3600,3,Low,None
00c89893-ba3b-48fd-94fe-4529611edcd8,IKEv2,Main,ChaCha20-Poly1305,256,SHA1,31,RSA-Sig,Transport,False,86400,45,Moderate,Weak hash SHA1; Perfect Forward Secrecy (PFS) is disabled
ad502c8b-05dd-4e42-9267-58e1ae44549b,IKEv2,Main,ChaCha20-Poly1305,256,SHA256,14,RSA-Sig,Tunnel,False,28800,25,Strong,Perfect Forward Secrecy (PFS) is disabled
f1e880d5-3377-47c1-ad10-2ae412023ee6,IKEv1,Main,AES-256-CBC,256,SHA256,14,PSK,Transport,True,86400,16,Low,Legacy IKEv1 used
afb1448a-f972-4312-b49b-56f87d72e207,IKEv1,Quick,3DES,112,MD5,20,ECDSA-Sig,Tunnel,False,3600,100,Critical,Legacy IKEv1 used; Weak encryption 3DES; Weak hash MD5; Perfect Forward Secrecy (PFS) is disabled
42b1106b-a25f-4cd7-b1fa-9f6980d9e60b,IKEv2,Main,DES,56,SHA512,19,RSA-Sig,Transport,False,28800,63,Weak,Weak encryption DES; Perfect Forward Secrecy (PFS) is disabled
9a099fbf-ed93-41ed-9827-38fe68bef599,IKEv2,Main,DES,56,SHA256,31,ECDSA-Sig,Tunnel,True,3600,39,Strong,Weak encryption DES
f6a1a596-cb84-47c6-a087-06dd4ded1490,IKEv2,Main,3DES,112,SHA384,1,PSK,Transport,True,86400,75,Weak,Weak encryption 3DES; Weak DH group 1
18fa5d22-28ee-4823-bd8c-07ace36acdcc,IKEv2,Main,DES,56,SHA1,5,RSA-Sig,Transport,True,28800,100,Critical,Weak encryption DES; Weak hash SHA1; Weak DH group 5
fa55a9c3-ca89-4907-a606-b56e37779b89,IKEv2,Main,AES-128-CBC,128,MD5,31,ECDSA-Sig,Tunnel,False,86400,46,Moderate,Weak hash MD5; Perfect Forward Secrecy (PFS) is disabled
16ce6e6b-32f2-48fb-ad87-d0e653e11a8f,IKEv1,Main,AES-256-CBC,256,SHA512,31,PSK,Tunnel,True,86400,19,Low,Legacy IKEv1 used
aa70970f-7e26-4ab0-bebd-957eb29cc77c,IKEv1,Aggressive,AES-256-CBC,256,SHA1,19,PSK,Tunnel,True,3600,100,Critical,Legacy IKEv1 used; IKEv1 Aggressive mode vulnerable to offline dictionary attacks; Weak hash SHA1; PSK with Aggressive Mode is highly risky
40d68228-2fdd-4cd9-b33b-2803f910d7e0,IKEv1,Aggressive,ChaCha20-Poly1305,256,SHA384,21,PSK,Transport,True,86400,67,Weak,Legacy IKEv1 used; IKEv1 Aggressive mode vulnerable to offline dictionary attacks; PSK with Aggressive Mode is highly risky
1b0aa4e4-8d12-4dc8-8eb0-cddf4ed41007,IKEv2,Main,AES-256-GCM,256,SHA256,5,ECDSA-Sig,Transport,False,28800,52,Moderate,Weak DH group 5; Perfect Forward Secrecy (PFS) is disabled
c43a02db-534a-4167-8991-63ad329440ae,IKEv1,Main,AES-256-GCM,256,SHA256,2,PSK,Transport,True,86400,45,Moderate,Legacy IKEv1 used; Weak DH group 2
83dc2a75-8259-45c0-a1b3-cc80338070fc,IKEv2,Main,ChaCha20-Poly1305,256,SHA384,1,RSA-Sig,Transport,False,86400,49,Moderate,Weak DH group 1; Perfect Forward Secrecy (PFS) is disabled
13d106ae-d3ea-47d1-a04e-926a73500f03,IKEv1,Main,AES-256-GCM,256,SHA256,31,RSA-Sig,Transport,True,28800,23,Strong,Legacy IKEv1 used
aad167d6-e5a8-4082-89ac-64417679b619,IKEv2,Main,DES,56,SHA384,31,RSA-Sig,Tunnel,True,3600,37,Strong,Weak encryption DES
5598a94b-1c65-4c98-9e93-02062493d84c,IKEv2,Main,AES-128-CBC,128,SHA256,21,PSK,Transport,False,3600,23,Strong,Perfect Forward Secrecy (PFS) is disabled
98ae7391-72b5-42a2-a17e-5f1b3ca372f9,IKEv2,Main,AES-128-CBC,128,SHA256,1,ECDSA-Sig,Transport,False,86400,46,Moderate,Weak DH group 1; Perfect Forward Secrecy (PFS) is disabled
70d21dc2-2441-4f60-89b3-3832e95af385,IKEv1,Aggressive,ChaCha20-Poly1305,256,SHA256,31,PSK,Transport,True,28800,75,Weak,Legacy IKEv1 used; IKEv1 Aggressive mode vulnerable to offline dictionary attacks; PSK with Aggressive Mode is highly risky
a009ce2b-558e-4372-8e5e-48b56265840b,IKEv1,Aggressive,3DES,112,MD5,21,PSK,Tunnel,False,3600,100,Critical,Legacy IKEv1 used; IKEv1 Aggressive mode vulnerable to offline dictionary attacks; Weak encryption 3DES; Weak hash MD5; PSK with Aggressive Mode is highly risky; Perfect Forward Secrecy (PFS) is disabled
23b03d58-4f83-4f7e-83f4-e450d8986ec8,IKEv2,Main,AES-256-GCM,256,SHA384,2,RSA-Sig,Tunnel,True,3600,35,Strong,Weak DH group 2
99aac2be-fa7c-4d98-88dd-c464eea02318,IKEv2,Main,3DES,112,SHA1,5,ECDSA-Sig,Tunnel,False,3600,100,Critical,Weak encryption 3DES; Weak hash SHA1; Weak DH group 5; Perfect Forward Secrecy (PFS) is disabled
1d486a47-8ebc-4517-81ce-20a3338aed38,IKEv2,Main,ChaCha20-Poly1305,256,MD5,2,PSK,Transport,True,28800,64,Weak,Weak hash MD5; Weak DH group 2
94fe553a-4114-4068-a42d-743f7a2ff300,IKEv2,Main,DES,56,SHA1,20,ECDSA-Sig,Transport,True,3600,68,Weak,Weak encryption DES; Weak hash SHA1
501bc4d7-be34-48f8-b2bd-0daf51b00731,IKEv2,Main,DES,56,MD5,31,RSA-Sig,Tunnel,True,86400,67,Weak,Weak encryption DES; Weak hash MD5
f670bf12-dd7d-4a01-b3ff-9be4b342fd49,IKEv1,Aggressive,AES-128-CBC,128,SHA384,2,RSA-Sig,Tunnel,True,28800,80,Critical,Legacy IKEv1 used; IKEv1 Aggressive mode vulnerable to offline dictionary attacks; Weak DH group 2
b5ffba6a-4067-4409-8f5f-aed5208b0881,IKEv1,Quick,ChaCha20-Poly1305,256,SHA1,31,PSK,Transport,False,3600,67,Weak,Legacy IKEv1 used; Weak hash SHA1; Perfect Forward Secrecy (PFS) is disabled
921b583b-8a6a-40b8-9491-c372b2cb25a0,IKEv1,Main,AES-256-GCM,256,MD5,20,RSA-Sig,Transport,True,3600,53,Moderate,Legacy IKEv1 used; Weak hash MD5
c8201b50-ba6a-4661-a721-ebde1ca8b990,IKEv1,Main,AES-128-CBC,128,MD5,21,RSA-Sig,Tunnel,False,28800,73,Weak,Legacy IKEv1 used; Weak hash MD5; Perfect Forward Secrecy (PFS) is disabled
b3219f47-4f65-4720-8132-c86c61df8ef8,IKEv2,Main,DES,56,SHA512,21,RSA-Sig,Tunnel,True,28800,35,Strong,Weak encryption DES
282a9620-2e20-4116-9d8c-7f894f7aeda4,IKEv2,Main,ChaCha20-Poly1305,256,SHA1,20,RSA-Sig,Transport,False,86400,54,Moderate,Weak hash SHA1; Perfect Forward Secrecy (PFS) is disabled
a122c278-9d37-4e5b-84a3-fee001d11513,IKEv1,Main,AES-256-CBC,256,SHA256,2,PSK,Tunnel,True,86400,50,Moderate,Legacy IKEv1 used; Weak DH group 2
792578fb-2e4d-4c42-a056-53cb21c505c8,IKEv2,Main,DES,56,SHA256,21,ECDSA-Sig,Transport,False,86400,62,Weak,Weak encryption DES; Perfect Forward Secrecy (PFS) is disabled
f9127972-8436-46d3-8e5c-e9e42d679a94,IKEv2,Main,ChaCha20-Poly1305,256,SHA512,31,PSK,Transport,False,86400,15,Low,Perfect Forward Secrecy (PFS) is disabled
a601ff93-a975-4a03-9125-60a6c38c5508,IKEv1,Quick,AES-256-CBC,256,SHA256,1,RSA-Sig,Tunnel,True,86400,46,Moderate,Legacy IKEv1 used; Weak DH group 1
55c0ecc2-b0e9-4aa9-a5fd-2c2dd87715a2,IKEv2,Main,3DES,112,SHA1,19,PSK,Tunnel,False,3600,90,Critical,Weak encryption 3DES; Weak hash SHA1; Perfect Forward Secrecy (PFS) is disabled
9885d51c-6b14-48da-a56b-7535aadc5f7f,IKEv2,Main,AES-256-GCM,256,SHA256,31,RSA-Sig,Tunnel,True,86400,0,Low,None
7f7338ae-d336-4a18-a1b4-7b739ff17478,IKEv2,Main,AES-256-GCM,256,SHA384,14,ECDSA-Sig,Transport,False,28800,18,Low,Perfect Forward Secrecy (PFS) is disabled
abc6cdbb-b2df-4774-9cf4-16ce55599c5f,IKEv1,Main,AES-256-CBC,256,SHA256,5,PSK,Tunnel,True,28800,45,Moderate,Legacy IKEv1 used; Weak DH group 5
55902cba-0272-464b-ad1f-33c33c3d3294,IKEv2,Main,DES,56,SHA384,20,ECDSA-Sig,Transport,True,3600,38,Strong,Weak encryption DES
3e421b9c-c8d7-424d-82bb-436d1fef1de0,IKEv2,Main,AES-256-GCM,256,MD5,2,PSK,Transport,True,86400,64,Weak,Weak hash MD5; Weak DH group 2
a2ceda76-189f-471f-8bb0-92add843b4dc,IKEv2,Main,AES-256-GCM,256,SHA1,21,RSA-Sig,Transport,True,3600,26,Strong,Weak hash SHA1
c77cd1b9-d017-4a53-b87e-361d0d79b175,IKEv1,Main,ChaCha20-Poly1305,256,SHA1,21,RSA-Sig,Tunnel,True,86400,46,Moderate,Legacy IKEv1 used; Weak hash SHA1
b83be227-7b70-40a6-a0d9-bc6b2c01285e,IKEv1,Aggressive,AES-128-CBC,128,SHA512,2,ECDSA-Sig,Transport,False,86400,100,Critical,Legacy IKEv1 used; IKEv1 Aggressive mode vulnerable to offline dictionary attacks; Weak DH group 2; Perfect Forward Secrecy (PFS) is disabled
f5f621b5-2eac-4c68-b202-686192c8fa66,IKEv2,Main,AES-128-CBC,128,SHA1,21,PSK,Transport,True,86400,26,Strong,Weak hash SHA1
ee02ab71-632f-462d-aecc-047d85e310e7,IKEv2,Main,AES-256-GCM,256,SHA1,5,PSK,Tunnel,False,28800,83,Critical,Weak hash SHA1; Weak DH group 5; Perfect Forward Secrecy (PFS) is disabled
17aee004-4847-473b-a2b0-f33801525de4,IKEv2,Main,AES-256-CBC,256,MD5,14,PSK,Transport,True,3600,27,Strong,Weak hash MD5
0afa1a18-0443-4aff-a17e-27da5534e0fe,IKEv2,Main,AES-256-GCM,256,SHA1,14,RSA-Sig,Transport,True,86400,27,Strong,Weak hash SHA1
417556dd-2dad-4d43-8c26-5e2a189f416f,IKEv2,Main,ChaCha20-Poly1305,256,SHA256,21,PSK,Tunnel,False,86400,25,Strong,Perfect Forward Secrecy (PFS) is disabled
fdbc39b9-2847-4fc0-bf3f-c57b50d84a49,IKEv1,Aggressive,AES-256-CBC,256,SHA512,20,PSK,Tunnel,False,3600,92,Critical,Legacy IKEv1 used; IKEv1 Aggressive mode vulnerable to offline dictionary attacks; PSK with Aggressive Mode is highly risky; Perfect Forward Secrecy (PFS) is disabled
b0f4d068-80ce-4ed7-85e9-dbe6d4a2f196,IKEv2,Main,AES-256-CBC,256,MD5,2,RSA-Sig,Tunnel,True,86400,63,Weak,Weak hash MD5; Weak DH group 2
dd4cc43a-dde8-400f-a8c8-f4406b01d010,IKEv2,Main,DES,56,MD5,5,PSK,Transport,False,28800,100,Critical,Weak encryption DES; Weak hash MD5; Weak DH group 5; Perfect Forward Secrecy (PFS) is disabled
42615fea-03f9-419b-bb76-3971d6d26ab1,IKEv2,Main,3DES,112,SHA512,1,PSK,Tunnel,False,86400,89,Critical,Weak encryption 3DES; Weak DH group 1; Perfect Forward Secrecy (PFS) is disabled
6b34de71-f8ff-4f6e-96e8-b1d4365d1102,IKEv2,Main,DES,56,MD5,31,ECDSA-Sig,Transport,True,3600,73,Weak,Weak encryption DES; Weak hash MD5
60c6ee44-4c44-45f4-bb2e-ed9ad3bc498f,IKEv1,Aggressive,ChaCha20-Poly1305,256,SHA256,20,PSK,Transport,True,86400,74,Weak,Legacy IKEv1 used; IKEv1 Aggressive mode vulnerable to offline dictionary attacks; PSK with Aggressive Mode is highly risky
3a3c2872-dfdc-4b3c-8356-237918d3b037,IKEv2,Main,AES-128-CBC,128,SHA384,19,ECDSA-Sig,Transport,True,86400,1,Low,None
1a207ef8-892c-4b03-9616-1ceee430cc7f,IKEv2,Main,3DES,112,SHA256,2,PSK,Transport,True,3600,68,Weak,Weak encryption 3DES; Weak DH group 2
57f6621b-464a-42f5-837d-76e977db7c93,IKEv2,Main,ChaCha20-Poly1305,256,SHA512,19,RSA-Sig,Tunnel,True,3600,3,Low,None
b54aabab-3b1b-4e2e-8749-f77147078451,IKEv2,Main,AES-256-CBC,256,SHA1,1,PSK,Tunnel,False,86400,78,Weak,Weak hash SHA1; Weak DH group 1; Perfect Forward Secrecy (PFS) is disabled
e6068e6a-5723-4f7e-98f9-1c44d4a557fd,IKEv2,Main,ChaCha20-Poly1305,256,MD5,31,ECDSA-Sig,Transport,True,28800,29,Strong,Weak hash MD5
331de7c7-b000-4a0a-b6f0-19bab847eee6,IKEv2,Main,AES-256-GCM,256,MD5,1,RSA-Sig,Tunnel,False,86400,81,Critical,Weak hash MD5; Weak DH group 1; Perfect Forward Secrecy (PFS) is disabled
68b567c5-2111-4656-bff0-c2170fe95c26,IKEv2,Main,AES-128-CBC,128,SHA256,14,PSK,Tunnel,True,3600,5,Low,None
07acd390-a7e8-43b1-8f21-d42a106fb602,IKEv2,Main,3DES,112,MD5,21,PSK,Tunnel,True,86400,75,Weak,Weak encryption 3DES; Weak hash MD5
f34eb6ae-5b90-4ccf-8bba-02d6a8540e76,IKEv1,Quick,ChaCha20-Poly1305,256,SHA256,19,RSA-Sig,Transport,False,3600,40,Moderate,Legacy IKEv1 used; Perfect Forward Secrecy (PFS) is disabled
8e83ce67-fc4d-4b5c-9dc9-0f0be7445516,IKEv1,Main,AES-256-CBC,256,SHA512,19,PSK,Transport,False,3600,42,Moderate,Legacy IKEv1 used; Perfect Forward Secrecy (PFS) is disabled
df08c6d0-4817-4669-b24d-eeace7bf17a7,IKEv2,Main,AES-256-GCM,256,SHA256,2,ECDSA-Sig,Transport,False,28800,53,Moderate,Weak DH group 2; Perfect Forward Secrecy (PFS) is disabled
59a65095-74df-4cae-abc5-767d3d5c6d56,IKEv2,Main,AES-256-GCM,256,SHA512,1,RSA-Sig,Transport,True,3600,32,Strong,Weak DH group 1
ef021eb6-a385-4c25-991c-2d239854b7d5,IKEv1,Main,AES-256-GCM,256,SHA256,19,PSK,Tunnel,False,86400,36,Strong,Legacy IKEv1 used; Perfect Forward Secrecy (PFS) is disabled
29c9666a-2269-45d4-b230-0d55291df865,IKEv2,Main,AES-256-CBC,256,SHA512,5,PSK,Transport,True,86400,28,Strong,Weak DH group 5
350942db-10e8-4344-9f18-bda742473291,IKEv2,Main,3DES,112,SHA1,31,ECDSA-Sig,Tunnel,False,86400,88,Critical,Weak encryption 3DES; Weak hash SHA1; Perfect Forward Secrecy (PFS) is disabled
0216e6aa-ca6a-4f6c-a9f9-79499a1bffcc,IKEv1,Aggressive,ChaCha20-Poly1305,256,SHA512,19,ECDSA-Sig,Transport,False,3600,66,Weak,Legacy IKEv1 used; IKEv1 Aggressive mode vulnerable to offline dictionary attacks; Perfect Forward Secrecy (PFS) is disabled
7982cdc7-1f1f-4625-a9a1-3779908e6356,IKEv2,Main,DES,56,MD5,1,ECDSA-Sig,Transport,False,3600,100,Critical,Weak encryption DES; Weak hash MD5; Weak DH group 1; Perfect Forward Secrecy (PFS) is disabled
71ee4ed4-b0c5-4b06-a66b-4254bbf70478,IKEv2,Main,ChaCha20-Poly1305,256,SHA256,20,ECDSA-Sig,Transport,True,28800,0,Low,None
56df7121-d59f-4647-9db3-95b133f02b8d,IKEv2,Main,AES-256-CBC,256,SHA512,19,RSA-Sig,Transport,False,28800,24,Strong,Perfect Forward Secrecy (PFS) is disabled
bec6f931-2ca9-4793-89a8-2a0515df2344,IKEv2,Main,DES,56,SHA384,20,PSK,Transport,False,3600,63,Weak,Weak encryption DES; Perfect Forward Secrecy (PFS) is disabled
75980d94-b584-42c9-abff-08023010a2e9,IKEv1,Quick,3DES,112,SHA1,20,ECDSA-Sig,Tunnel,False,86400,100,Critical,Legacy IKEv1 used; Weak encryption 3DES; Weak hash SHA1; Perfect Forward Secrecy (PFS) is disabled
90168fbe-5029-45ff-b306-f6f36b501e9e,IKEv1,Main,AES-256-CBC,256,SHA512,5,PSK,Transport,True,86400,54,Moderate,Legacy IKEv1 used; Weak DH group 5
6160143d-5c1c-456f-9093-037c9fd5e32a,IKEv2,Main,AES-128-CBC,128,SHA1,21,RSA-Sig,Transport,False,28800,48,Moderate,Weak hash SHA1; Perfect Forward Secrecy (PFS) is disabled
79400ec4-ec28-4fb5-af00-e56bdad22837,IKEv2,Main,DES,56,SHA256,19,PSK,Tunnel,True,86400,35,Strong,Weak encryption DES
caa14e94-15f3-43a0-959e-9d3f448a48c8,IKEv2,Main,AES-128-CBC,128,SHA384,31,RSA-Sig,Tunnel,False,28800,16,Low,Perfect Forward Secrecy (PFS) is disabled
02d926c9-395f-4f93-884a-7a8f68477cac,IKEv1,Quick,DES,56,SHA384,31,PSK,Tunnel,True,3600,65,Weak,Legacy IKEv1 used; Weak encryption DES
98bd91e4-bf01-4ae6-b18c-44ed62788b2d,IKEv2,Main,ChaCha20-Poly1305,256,SHA256,1,PSK,Tunnel,True,3600,25,Strong,Weak DH group 1
d4014ea2-134b-4bfd-80ee-c0b87a278584,IKEv2,Main,ChaCha20-Poly1305,256,SHA1,19,ECDSA-Sig,Transport,True,3600,28,Strong,Weak hash SHA1
47c42a5c-47fb-4c42-838c-b39e5c9712bb,IKEv2,Main,3DES,112,SHA384,31,ECDSA-Sig,Transport,False,28800,56,Moderate,Weak encryption 3DES; Perfect Forward Secrecy (PFS) is disabled
85cf6e2f-f192-4d9c-a4dd-30cc317022db,IKEv1,Main,AES-256-GCM,256,SHA256,20,RSA-Sig,Transport,True,86400,15,Low,Legacy IKEv1 used
887e75fe-3ffb-43bf-9d8c-f3e3927bce80,IKEv2,Main,AES-256-CBC,256,SHA512,31,RSA-Sig,Tunnel,False,28800,20,Strong,Perfect Forward Secrecy (PFS) is disabled
657026d9-2720-4818-aada-97b220a35b3f,IKEv2,Main,ChaCha20-Poly1305,256,MD5,20,PSK,Transport,False,3600,46,Moderate,Weak hash MD5; Perfect Forward Secrecy (PFS) is disabled
ad640991-3b4f-4b51-b152-1001d16fc048,IKEv1,Aggressive,ChaCha20-Poly1305,256,SHA512,19,RSA-Sig,Transport,False,86400,73,Weak,Legacy IKEv1 used; IKEv1 Aggressive mode vulnerable to offline dictionary attacks; Perfect Forward Secrecy (PFS) is disabled
07a13007-e62b-4566-9184-4d74a4cfaa09,IKEv2,Main,DES,56,SHA512,2,RSA-Sig,Transport,False,28800,88,Critical,Weak encryption DES; Weak DH group 2; Perfect Forward Secrecy (PFS) is disabled
194f9c39-d761-41d8-816c-1cabd347815b,IKEv2,Main,ChaCha20-Poly1305,256,SHA256,19,PSK,Tunnel,False,28800,19,Low,Perfect Forward Secrecy (PFS) is disabled
fcdb600c-29fe-4880-848f-7728f3938e34,IKEv2,Main,AES-128-CBC,128,SHA256,31,PSK,Tunnel,False,3600,25,Strong,Perfect Forward Secrecy (PFS) is disabled
0dc7b0a6-3e3d-4568-8a6c-f9f833fdea42,IKEv2,Main,ChaCha20-Poly1305,256,SHA384,14,PSK,Transport,False,28800,22,Strong,Perfect Forward Secrecy (PFS) is disabled
230e45c4-4e06-410b-ba3b-34a39a5266e3,IKEv2,Main,3DES,112,MD5,1,PSK,Tunnel,False,3600,100,Critical,Weak encryption 3DES; Weak hash MD5; Weak DH group 1; Perfect Forward Secrecy (PFS) is disabled
0d274b81-8e57-4962-bc40-0705dedb87fe,IKEv2,Main,3DES,112,SHA1,20,ECDSA-Sig,Transport,False,28800,93,Critical,Weak encryption 3DES; Weak hash SHA1; Perfect Forward Secrecy (PFS) is disabled
7fe85697-6e9b-44c9-be54-25057a4c9e14,IKEv2,Main,3DES,112,SHA1,21,PSK,Transport,True,3600,67,Weak,Weak encryption 3DES; Weak hash SHA1
2506e78f-dc16-4b9e-9a73-5d1a7a499c2e,IKEv2,Main,ChaCha20-Poly1305,256,MD5,20,PSK,Tunnel,True,3600,34,Strong,Weak hash MD5
9fd7a7a0-e2a0-4f15-b642-12c181e51254,IKEv2,Main,3DES,112,SHA384,20,RSA-Sig,Tunnel,True,86400,44,Moderate,Weak encryption 3DES
ac833c79-ffd5-4538-813e-1542f8cb340b,IKEv1,Aggressive,3DES,112,SHA1,21,ECDSA-Sig,Tunnel,True,28800,100,Critical,Legacy IKEv1 used; IKEv1 Aggressive mode vulnerable to offline dictionary attacks; Weak encryption 3DES; Weak hash SHA1
17c1a136-cbc1-4378-9264-a0cab7cfcb31,IKEv2,Main,3DES,112,SHA384,21,PSK,Tunnel,True,86400,38,Strong,Weak encryption 3DES
e967df92-76a1-4983-9ffa-871dbd394a0f,IKEv1,Quick,ChaCha20-Poly1305,256,SHA384,19,PSK,Tunnel,True,86400,22,Strong,Legacy IKEv1 used
e66b04ab-93db-490d-8268-3f62d9c56713,IKEv1,Aggressive,ChaCha20-Poly1305,256,SHA1,5,RSA-Sig,Tunnel,False,3600,100,Critical,Legacy IKEv1 used; IKEv1 Aggressive mode vulnerable to offline dictionary attacks; Weak hash SHA1; Weak DH group 5; Perfect Forward Secrecy (PFS) is disabled
401c46f1-abd1-4967-a7f6-a7d655355292,IKEv2,Main,AES-256-CBC,256,SHA1,5,ECDSA-Sig,Tunnel,True,28800,58,Moderate,Weak hash SHA1; Weak DH group 5
30a059d2-61d9-4bf1-930d-41ed6d9d3a81,IKEv1,Main,AES-256-CBC,256,MD5,20,PSK,Tunnel,False,3600,66,Weak,Legacy IKEv1 used; Weak hash MD5; Perfect Forward Secrecy (PFS) is disabled
1649b4df-9025-4967-a805-d2f03a6a4417,IKEv2,Main,AES-256-GCM,256,SHA384,14,RSA-Sig,Transport,False,28800,16,Low,Perfect Forward Secrecy (PFS) is disabled
14c1b386-7a80-4e1a-a474-9bb03f741bb0,IKEv2,Main,DES,56,SHA384,2,PSK,Transport,False,28800,95,Critical,Weak encryption DES; Weak DH group 2; Perfect Forward Secrecy (PFS) is disabled
18c0d753-b1ee-4e5d-8ddd-213141740999,IKEv2,Main,AES-256-CBC,256,SHA1,5,ECDSA-Sig,Transport,False,3600,81,Critical,Weak hash SHA1; Weak DH group 5; Perfect Forward Secrecy (PFS) is disabled
0c200042-18c2-4f94-9dd3-1253f19ce6e8,IKEv1,Main,3DES,112,SHA512,21,PSK,Tunnel,False,28800,80,Critical,Legacy IKEv1 used; Weak encryption 3DES; Perfect Forward Secrecy (PFS) is disabled
eb97ab64-dac7-43b6-88d9-5cb9c20445b3,IKEv1,Aggressive,ChaCha20-Poly1305,256,SHA1,21,PSK,Tunnel,False,3600,100,Critical,Legacy IKEv1 used; IKEv1 Aggressive mode vulnerable to offline dictionary attacks; Weak hash SHA1; PSK with Aggressive Mode is highly risky; Perfect Forward Secrecy (PFS) is disabled
d3ece102-6474-4d1b-9e92-ab9f8428b8a8,IKEv2,Main,ChaCha20-Poly1305,256,SHA384,19,ECDSA-Sig,Transport,False,86400,21,Strong,Perfect Forward Secrecy (PFS) is disabled
6b0ada47-c015-4381-a700-2922b9e56cdf,IKEv2,Main,3DES,112,MD5,5,PSK,Tunnel,False,28800,100,Critical,Weak encryption 3DES; Weak hash MD5; Weak DH group 5; Perfect Forward Secrecy (PFS) is disabled
6bc4000d-3e65-4fe3-84c6-cb816f3cd44d,IKEv2,Main,AES-256-GCM,256,MD5,31,PSK,Tunnel,True,86400,25,Strong,Weak hash MD5
84a5da01-c360-434b-b846-460794436bb3,IKEv1,Quick,ChaCha20-Poly1305,256,SHA1,19,RSA-Sig,Transport,False,3600,75,Weak,Legacy IKEv1 used; Weak hash SHA1; Perfect Forward Secrecy (PFS) is disabled
dbf4a82a-a246-4599-9e7c-3c37c54946f0,IKEv2,Main,AES-256-CBC,256,SHA256,14,PSK,Tunnel,False,28800,25,Strong,Perfect Forward Secrecy (PFS) is disabled
40855aa7-134c-482f-b4fd-b6b5188c8f61,IKEv1,Main,AES-128-CBC,128,SHA512,21,PSK,Transport,True,3600,25,Strong,Legacy IKEv1 used
2ab1dcb4-cd76-47d4-b2d2-4a16a259599f,IKEv2,Main,AES-256-CBC,256,SHA384,21,ECDSA-Sig,Transport,False,86400,16,Low,Perfect Forward Secrecy (PFS) is disabled
28a92bd9-142e-4b5e-977d-e4e62324f857,IKEv1,Aggressive,ChaCha20-Poly1305,256,SHA1,1,ECDSA-Sig,Tunnel,False,28800,100,Critical,Legacy IKEv1 used; IKEv1 Aggressive mode vulnerable to offline dictionary attacks; Weak hash SHA1; Weak DH group 1; Perfect Forward Secrecy (PFS) is disabled
51888be0-bad0-417c-9af3-33ad4ee3144a,IKEv1,Quick,AES-128-CBC,128,SHA512,19,ECDSA-Sig,Tunnel,True,3600,21,Strong,Legacy IKEv1 used
d18e7a15-24f5-45fe-940c-572a2472b5ca,IKEv2,Main,AES-256-CBC,256,SHA1,14,PSK,Transport,False,86400,50,Moderate,Weak hash SHA1; Perfect Forward Secrecy (PFS) is disabled
891893f2-fb89-4651-ac08-2ec7f53bccd8,IKEv1,Aggressive,DES,56,SHA1,19,PSK,Tunnel,True,86400,100,Critical,Legacy IKEv1 used; IKEv1 Aggressive mode vulnerable to offline dictionary attacks; Weak encryption DES; Weak hash SHA1; PSK with Aggressive Mode is highly risky
1b30fcb4-96e7-4a95-82c9-7d8d2c6e101c,IKEv2,Main,AES-256-CBC,256,SHA384,21,RSA-Sig,Tunnel,False,28800,18,Low,Perfect Forward Secrecy (PFS) is disabled
6d302a89-b93f-49ca-adab-9e6d1a0cd034,IKEv1,Quick,3DES,112,SHA512,1,ECDSA-Sig,Transport,True,28800,88,Critical,Legacy IKEv1 used; Weak encryption 3DES; Weak DH group 1
e5f18b73-1519-4e6b-9aad-4e158eda7cef,IKEv2,Main,ChaCha20-Poly1305,256,SHA1,1,ECDSA-Sig,Tunnel,False,86400,78,Weak,Weak hash SHA1; Weak DH group 1; Perfect Forward Secrecy (PFS) is disabled
7a27da72-15fc-4287-acdc-55faa0df03cb,IKEv2,Main,3DES,112,SHA1,1,RSA-Sig,Transport,True,3600,100,Critical,Weak encryption 3DES; Weak hash SHA1; Weak DH group 1
c812f4f9-8192-43a0-ae39-3faa3eaa1c20,IKEv1,Main,ChaCha20-Poly1305,256,SHA384,1,PSK,Tunnel,True,28800,52,Moderate,Legacy IKEv1 used; Weak DH group 1
4b27dc5d-6bdb-4b11-b17e-ccaab0e804fa,IKEv2,Main,AES-256-GCM,256,MD5,2,RSA-Sig,Transport,False,28800,77,Weak,Weak hash MD5; Weak DH group 2; Perfect Forward Secrecy (PFS) is disabled
021d2a18-e43d-4641-8420-3513f3db9871,IKEv2,Main,DES,56,MD5,1,PSK,Transport,True,3600,100,Critical,Weak encryption DES; Weak hash MD5; Weak DH group 1
7b87d3f5-8995-42dd-826e-ed57c4067efa,IKEv1,Quick,DES,56,SHA256,14,RSA-Sig,Tunnel,False,28800,77,Weak,Legacy IKEv1 used; Weak encryption DES; Perfect Forward Secrecy (PFS) is disabled
5e15cebe-8a21-4e0e-a385-5ae83af5f00d,IKEv2,Main,AES-128-CBC,128,SHA1,2,PSK,Tunnel,True,86400,59,Moderate,Weak hash SHA1; Weak DH group 2
19c2ccf1-fe58-4bb4-bbfc-f0956812ab92,IKEv2,Main,DES,56,MD5,19,ECDSA-Sig,Tunnel,False,28800,92,Critical,Weak encryption DES; Weak hash MD5; Perfect Forward Secrecy (PFS) is disabled
35dbc480-e999-401e-9c15-6bed81aedd69,IKEv2,Main,AES-256-GCM,256,SHA256,14,PSK,Tunnel,True,3600,0,Low,None
4b8c95d3-81f6-46cf-a108-e544c7fefb97,IKEv2,Main,AES-128-CBC,128,SHA384,20,RSA-Sig,Tunnel,True,28800,0,Low,None
d127847f-047d-4585-ad4a-417159198439,IKEv2,Main,3DES,112,MD5,5,PSK,Transport,False,28800,100,Critical,Weak encryption 3DES; Weak hash MD5; Weak DH group 5; Perfect Forward Secrecy (PFS) is disabled
8ecbb113-1eb6-4b89-8f42-411f973865f1,IKEv2,Main,AES-256-GCM,256,SHA512,2,PSK,Transport,True,28800,33,Strong,Weak DH group 2
0196d0fa-acb5-418e-977f-344a9d9108ef,IKEv2,Main,AES-256-CBC,256,SHA384,21,ECDSA-Sig,Transport,True,28800,0,Low,None
5c95e01a-ea2e-46cf-9314-92320bd40ea1,IKEv2,Main,AES-256-CBC,256,SHA256,5,PSK,Tunnel,True,86400,25,Strong,Weak DH group 5
32e6b868-2c56-43bf-877b-13f7c3deb5fb,IKEv1,Quick,AES-256-GCM,256,SHA384,21,PSK,Transport,True,86400,25,Strong,Legacy IKEv1 used
0d397e25-9b79-4c30-8c49-3459db64e2fa,IKEv1,Main,AES-256-GCM,256,SHA256,2,RSA-Sig,Tunnel,False,3600,73,Weak,Legacy IKEv1 used; Weak DH group 2; Perfect Forward Secrecy (PFS) is disabled
1c3b8da2-1a47-412f-a89e-624a4ff7567d,IKEv1,Quick,AES-256-GCM,256,SHA384,5,RSA-Sig,Transport,False,28800,65,Weak,Legacy IKEv1 used; Weak DH group 5; Perfect Forward Secrecy (PFS) is disabled
1f638432-9053-4b99-a140-01eb7cf615d1,IKEv2,Main,AES-256-GCM,256,SHA384,2,PSK,Transport,True,86400,26,Strong,Weak DH group 2
a1439444-bc93-4552-b8ad-9f1b03ef7182,IKEv2,Main,3DES,112,SHA512,21,ECDSA-Sig,Tunnel,False,3600,58,Moderate,Weak encryption 3DES; Perfect Forward Secrecy (PFS) is disabled
363d23e3-5b88-44b7-b064-f159b592b623,IKEv2,Main,3DES,112,SHA384,14,RSA-Sig,Tunnel,False,3600,57,Moderate,Weak encryption 3DES; Perfect Forward Secrecy (PFS) is disabled
a93e5ccb-2be3-4d7a-9978-07d3231f6052,IKEv2,Main,AES-256-GCM,256,SHA1,21,ECDSA-Sig,Tunnel,True,28800,31,Strong,Weak hash SHA1
0982e717-7681-479d-9eb7-d6273dad00e1,IKEv2,Main,ChaCha20-Poly1305,256,SHA384,1,RSA-Sig,Tunnel,True,28800,32,Strong,Weak DH group 1
ba65e6e0-c13c-4d1f-acfc-8e2f10817a4d,IKEv1,Main,AES-256-GCM,256,SHA1,31,PSK,Transport,True,3600,52,Moderate,Legacy IKEv1 used; Weak hash SHA1
6d1350c0-58f6-436d-82a5-c649ec68b53e,IKEv2,Main,AES-128-CBC,128,SHA384,14,ECDSA-Sig,Transport,True,28800,0,Low,None
555e793a-1624-49ff-87fd-c258663bd687,IKEv2,Main,3DES,112,MD5,21,RSA-Sig,Tunnel,True,3600,71,Weak,Weak encryption 3DES; Weak hash MD5
e0f5477e-050b-4bba-aaa5-79e304973b08,IKEv2,Main,3DES,112,MD5,21,PSK,Tunnel,False,3600,85,Critical,Weak encryption 3DES; Weak hash MD5; Perfect Forward Secrecy (PFS) is disabled
2297415e-b14b-48e4-9490-0e0087d6db76,IKEv2,Main,AES-256-CBC,256,SHA256,2,PSK,Transport,True,3600,27,Strong,Weak DH group 2
7787c203-7bba-4fea-9b51-181bf9a90643,IKEv1,Main,3DES,112,SHA256,21,PSK,Transport,True,28800,61,Weak,Legacy IKEv1 used; Weak encryption 3DES
6afcf1ae-ddce-424a-a91f-e7c84d0f3b40,IKEv2,Main,DES,56,MD5,5,ECDSA-Sig,Transport,False,28800,100,Critical,Weak encryption DES; Weak hash MD5; Weak DH group 5; Perfect Forward Secrecy (PFS) is disabled
b2b108a2-9307-4b4e-aafc-f63260842762,IKEv1,Aggressive,ChaCha20-Poly1305,256,SHA1,31,ECDSA-Sig,Tunnel,False,3600,100,Critical,Legacy IKEv1 used; IKEv1 Aggressive mode vulnerable to offline dictionary attacks; Weak hash SHA1; Perfect Forward Secrecy (PFS) is disabled
f4b75529-17ec-44ed-8990-f60a50db1a20,IKEv2,Main,AES-128-CBC,128,MD5,31,PSK,Tunnel,False,3600,49,Moderate,Weak hash MD5; Perfect Forward Secrecy (PFS) is disabled
c374980c-eda9-4fa0-9ffa-2965fa81bf4a,IKEv2,Main,AES-256-GCM,256,MD5,14,RSA-Sig,Transport,True,86400,32,Strong,Weak hash MD5
68f58e3e-5a30-4aad-9d84-63f05bd1938b,IKEv2,Main,ChaCha20-Poly1305,256,SHA1,5,RSA-Sig,Transport,True,28800,59,Moderate,Weak hash SHA1; Weak DH group 5
82dca613-9f86-4fe2-bb2e-999a60f81c56,IKEv2,Main,ChaCha20-Poly1305,256,SHA1,21,RSA-Sig,Transport,True,86400,31,Strong,Weak hash SHA1
4fa8daff-5c77-42e4-b806-b68c84e5ead3,IKEv2,Main,ChaCha20-Poly1305,256,SHA384,31,RSA-Sig,Transport,False,3600,23,Strong,Perfect Forward Secrecy (PFS) is disabled
dc962c33-b48f-4c9a-b036-25f1c4e77f0a,IKEv1,Quick,DES,56,SHA1,20,RSA-Sig,Tunnel,True,3600,95,Critical,Legacy IKEv1 used; Weak encryption DES; Weak hash SHA1
02f5a4dc-814f-4b06-a8a4-27af4a436a11,IKEv2,Main,AES-256-CBC,256,SHA256,31,RSA-Sig,Tunnel,True,86400,2,Low,None
89254418-0176-4a95-a767-0f26d250611d,IKEv1,Main,AES-256-CBC,256,SHA384,1,PSK,Transport,True,28800,47,Moderate,Legacy IKEv1 used; Weak DH group 1
4af5c303-1f1c-4298-9e4e-bcdf85c1f0bf,IKEv1,Quick,DES,56,SHA512,31,RSA-Sig,Transport,False,3600,78,Weak,Legacy IKEv1 used; Weak encryption DES; Perfect Forward Secrecy (PFS) is disabled
c3e5d462-2e38-4840-84df-a42868dff54c,IKEv1,Main,3DES,112,SHA512,2,PSK,Tunnel,False,86400,100,Critical,Legacy IKEv1 used; Weak encryption 3DES; Weak DH group 2; Perfect Forward Secrecy (PFS) is disabled
21162d1b-e846-484a-8e6d-98d737b132a0,IKEv1,Main,AES-128-CBC,128,SHA256,14,RSA-Sig,Tunnel,False,28800,38,Strong,Legacy IKEv1 used; Perfect Forward Secrecy (PFS) is disabled
e8ef37f9-144e-4c40-aaa6-12f72098757e,IKEv2,Main,AES-128-CBC,128,SHA256,21,RSA-Sig,Transport,True,28800,0,Low,None
bd6595e6-d3e9-4c6e-8399-798d2c40a246,IKEv2,Main,DES,56,SHA1,20,RSA-Sig,Tunnel,True,28800,74,Weak,Weak encryption DES; Weak hash SHA1
2ddd34a8-0cf0-4c37-9d47-be3cd1796516,IKEv2,Main,ChaCha20-Poly1305,256,SHA256,31,ECDSA-Sig,Transport,False,3600,23,Strong,Perfect Forward Secrecy (PFS) is disabled
6071fbed-3ce9-4a7a-937f-36442a5a7630,IKEv2,Main,AES-128-CBC,128,SHA1,5,RSA-Sig,Tunnel,False,28800,75,Weak,Weak hash SHA1; Weak DH group 5; Perfect Forward Secrecy (PFS) is disabled
b0380920-ac31-45ed-aeba-5315871c605a,IKEv2,Main,3DES,112,MD5,2,PSK,Tunnel,False,3600,100,Critical,Weak encryption 3DES; Weak hash MD5; Weak DH group 2; Perfect Forward Secrecy (PFS) is disabled
b96e132e-2e7a-4cc8-ba01-c5fa9681cd3e,IKEv2,Main,ChaCha20-Poly1305,256,MD5,20,RSA-Sig,Transport,True,86400,25,Strong,Weak hash MD5
24e88dfb-b41d-4ed0-8ec4-f997c5152da7,IKEv2,Main,ChaCha20-Poly1305,256,MD5,19,PSK,Transport,False,3600,45,Moderate,Weak hash MD5; Perfect Forward Secrecy (PFS) is disabled
d8a29609-ca96-4835-952e-e4dec7b14f43,IKEv1,Main,AES-256-CBC,256,SHA512,14,PSK,Tunnel,False,28800,44,Moderate,Legacy IKEv1 used; Perfect Forward Secrecy (PFS) is disabled
1f380ef0-1c9b-4d8a-ae5c-d332fea6b7e8,IKEv1,Quick,ChaCha20-Poly1305,256,SHA512,5,RSA-Sig,Transport,False,86400,72,Weak,Legacy IKEv1 used; Weak DH group 5; Perfect Forward Secrecy (PFS) is disabled
cfcc7645-dc4d-4fe1-9749-7ffd63b278e6,IKEv1,Quick,AES-256-GCM,256,SHA256,2,RSA-Sig,Tunnel,False,28800,73,Weak,Legacy IKEv1 used; Weak DH group 2; Perfect Forward Secrecy (PFS) is disabled
115b5cb1-012b-4c2e-a70d-d4f1a1d69fce,IKEv2,Main,AES-256-GCM,256,MD5,21,ECDSA-Sig,Tunnel,True,3600,33,Strong,Weak hash MD5
fe6da9df-3cc8-4a56-9c4a-c0ba18e2bd2d,IKEv1,Aggressive,ChaCha20-Poly1305,256,SHA256,21,PSK,Transport,False,86400,87,Critical,Legacy IKEv1 used; IKEv1 Aggressive mode vulnerable to offline dictionary attacks; PSK with Aggressive Mode is highly risky; Perfect Forward Secrecy (PFS) is disabled
7d6b0fd7-6205-4806-aaf6-ae31b6e3709b,IKEv1,Main,AES-256-CBC,256,SHA384,19,RSA-Sig,Tunnel,False,86400,35,Strong,Legacy IKEv1 used; Perfect Forward Secrecy (PFS) is disabled
cbe16de1-e3d5-41c8-888a-c07baf82b278,IKEv2,Main,ChaCha20-Poly1305,256,SHA512,5,ECDSA-Sig,Tunnel,False,28800,53,Moderate,Weak DH group 5; Perfect Forward Secrecy (PFS) is disabled
d18b2edd-8a75-41ed-ac5d-0be89ce3f640,IKEv2,Main,AES-256-GCM,256,SHA512,20,PSK,Transport,True,28800,0,Low,None
7b64a033-5735-42a9-a058-c8c16e2b3b77,IKEv1,Main,ChaCha20-Poly1305,256,SHA512,2,ECDSA-Sig,Transport,False,86400,67,Weak,Legacy IKEv1 used; Weak DH group 2; Perfect Forward Secrecy (PFS) is disabled
8d8c7951-e693-4a44-b6d6-f55fe70af491,IKEv2,Main,AES-256-GCM,256,SHA512,2,RSA-Sig,Tunnel,True,3600,26,Strong,Weak DH group 2
f7312ea9-9a46-42a1-b4fb-174be314126a,IKEv2,Main,AES-256-GCM,256,SHA384,1,ECDSA-Sig,Tunnel,False,86400,54,Moderate,Weak DH group 1; Perfect Forward Secrecy (PFS) is disabled
cb48ede2-42e8-4c6a-bc2b-214a7ccd20df,IKEv2,Main,AES-256-CBC,256,SHA512,2,RSA-Sig,Transport,False,28800,46,Moderate,Weak DH group 2; Perfect Forward Secrecy (PFS) is disabled
26f8e8d6-ad26-444f-ad4f-834d755b56a4,IKEv2,Main,DES,56,SHA512,14,PSK,Transport,False,3600,65,Weak,Weak encryption DES; Perfect Forward Secrecy (PFS) is disabled
a74f9253-d774-4ca2-be3f-2408ffb81be0,IKEv2,Main,DES,56,MD5,31,PSK,Transport,True,3600,68,Weak,Weak encryption DES; Weak hash MD5
df6ff00b-e663-476b-bebb-0c1384ed1f00,IKEv2,Main,AES-256-CBC,256,SHA512,1,RSA-Sig,Transport,False,3600,51,Moderate,Weak DH group 1; Perfect Forward Secrecy (PFS) is disabled
3d7cc815-de9e-4149-aa3b-aec8faaac3e3,IKEv2,Main,3DES,112,SHA256,20,PSK,Tunnel,True,86400,36,Strong,Weak encryption 3DES
4ad82fa9-1fde-4992-8404-3ca42b531a44,IKEv2,Main,AES-128-CBC,128,SHA512,31,PSK,Tunnel,True,3600,4,Low,None
1e7bbcc1-149c-413c-af30-0b3d0dd754c5,IKEv1,Quick,AES-128-CBC,128,MD5,19,ECDSA-Sig,Transport,True,3600,48,Moderate,Legacy IKEv1 used; Weak hash MD5
02879be0-3932-4c19-bdd1-e400dfb12c54,IKEv2,Main,AES-256-GCM,256,SHA1,21,RSA-Sig,Transport,True,86400,34,Strong,Weak hash SHA1
d98f4d1b-f74d-4b36-92c5-0db332d8108e,IKEv2,Main,AES-128-CBC,128,SHA384,5,ECDSA-Sig,Transport,True,3600,34,Strong,Weak DH group 5
32c16316-729e-4012-8f93-e968cf608a65,IKEv2,Main,3DES,112,SHA384,1,ECDSA-Sig,Transport,False,3600,85,Critical,Weak encryption 3DES; Weak DH group 1; Perfect Forward Secrecy (PFS) is disabled
afcf2071-2384-4be2-bc53-aa19ed491544,IKEv2,Main,3DES,112,SHA256,1,RSA-Sig,Transport,False,3600,94,Critical,Weak encryption 3DES; Weak DH group 1; Perfect Forward Secrecy (PFS) is disabled
a076707b-c0c7-4433-8357-a3eb96bc0fd8,IKEv2,Main,3DES,112,SHA1,2,PSK,Transport,False,86400,100,Critical,Weak encryption 3DES; Weak hash SHA1; Weak DH group 2; Perfect Forward Secrecy (PFS) is disabled
784fdb8d-a905-44d1-81f9-bd25a11a2fd8,IKEv2,Main,ChaCha20-Poly1305,256,SHA512,19,ECDSA-Sig,Transport,False,28800,21,Strong,Perfect Forward Secrecy (PFS) is disabled
17fb2cb8-fe2b-48df-8f08-1cd51f6004e0,IKEv1,Quick,DES,56,SHA1,21,PSK,Tunnel,False,86400,100,Critical,Legacy IKEv1 used; Weak encryption DES; Weak hash SHA1; Perfect Forward Secrecy (PFS) is disabled
daef8f6f-b79c-4e16-b667-6df02568713a,IKEv2,Main,3DES,112,MD5,2,RSA-Sig,Transport,False,3600,100,Critical,Weak encryption 3DES; Weak hash MD5; Weak DH group 2; Perfect Forward Secrecy (PFS) is disabled
34d0cff9-97a7-444b-a195-e55ad6f0cf7f,IKEv2,Main,AES-128-CBC,128,MD5,31,PSK,Tunnel,False,28800,54,Moderate,Weak hash MD5; Perfect Forward Secrecy (PFS) is disabled
9245097f-e845-4258-9d11-34d6deb9da9d,IKEv2,Main,DES,56,SHA384,1,ECDSA-Sig,Transport,True,3600,73,Weak,Weak encryption DES; Weak DH group 1
710d8170-5ed7-436b-bb96-d8b84ed8ebe0,IKEv1,Aggressive,ChaCha20-Poly1305,256,SHA384,31,ECDSA-Sig,Transport,False,28800,70,Weak,Legacy IKEv1 used; IKEv1 Aggressive mode vulnerable to offline dictionary attacks; Perfect Forward Secrecy (PFS) is disabled
2a9dbacf-97bb-4c19-895d-0b48b6deb325,IKEv2,Main,ChaCha20-Poly1305,256,SHA384,19,PSK,Transport,False,3600,19,Low,Perfect Forward Secrecy (PFS) is disabled
afb77a58-ef71-4a6b-aa0a-00422a15d2ea,IKEv2,Main,AES-256-CBC,256,SHA256,2,ECDSA-Sig,Tunnel,True,86400,28,Strong,Weak DH group 2
4f6b4b7e-1dd1-4b00-97ac-cb11fc6880e0,IKEv2,Main,AES-256-GCM,256,SHA256,19,PSK,Tunnel,False,86400,25,Strong,Perfect Forward Secrecy (PFS) is disabled
dd25349f-bce5-48a3-89cd-167f1404139f,IKEv1,Quick,AES-256-GCM,256,SHA384,21,PSK,Transport,True,86400,20,Strong,Legacy IKEv1 used
6e9167e7-c53c-480a-939f-a1af3bcb8799,IKEv1,Aggressive,DES,56,SHA384,19,ECDSA-Sig,Tunnel,False,86400,100,Critical,Legacy IKEv1 used; IKEv1 Aggressive mode vulnerable to offline dictionary attacks; Weak encryption DES; Perfect Forward Secrecy (PFS) is disabled
2ee573a0-65ae-4401-874a-5284a661afd1,IKEv2,Main,3DES,112,SHA1,5,PSK,Transport,True,28800,99,Critical,Weak encryption 3DES; Weak hash SHA1; Weak DH group 5
9a01f2ec-0fbf-4c08-981b-af36c17b061c,IKEv2,Main,AES-128-CBC,128,SHA1,1,PSK,Tunnel,False,28800,81,Critical,Weak hash SHA1; Weak DH group 1; Perfect Forward Secrecy (PFS) is disabled
76307240-29bc-4312-a56c-3f9b11802e26,IKEv2,Main,3DES,112,SHA384,1,RSA-Sig,Transport,True,28800,67,Weak,Weak encryption 3DES; Weak DH group 1
b5a32e9e-9762-4145-a2e3-50dbbf99ba94,IKEv2,Main,AES-256-CBC,256,SHA256,31,ECDSA-Sig,Tunnel,True,28800,5,Low,None
5852ad45-b143-4f38-9807-985d27f37e2a,IKEv2,Main,AES-256-GCM,256,SHA1,14,ECDSA-Sig,Tunnel,False,28800,55,Moderate,Weak hash SHA1; Perfect Forward Secrecy (PFS) is disabled
168bb2bb-7a84-4144-b237-ac043cfde976,IKEv2,Main,AES-128-CBC,128,SHA1,19,RSA-Sig,Tunnel,False,86400,49,Moderate,Weak hash SHA1; Perfect Forward Secrecy (PFS) is disabled
d51588f9-6d1e-46e6-9c6e-dfc933875dd5,IKEv1,Aggressive,ChaCha20-Poly1305,256,SHA384,14,PSK,Tunnel,False,3600,92,Critical,Legacy IKEv1 used; IKEv1 Aggressive mode vulnerable to offline dictionary attacks; PSK with Aggressive Mode is highly risky; Perfect Forward Secrecy (PFS) is disabled
9dd85272-1ae3-4917-8837-143268b94c86,IKEv2,Main,AES-256-CBC,256,SHA512,20,ECDSA-Sig,Transport,True,28800,0,Low,None
942b9d0f-ce6f-4130-a3b3-48d9370d54f4,IKEv2,Main,AES-256-CBC,256,SHA1,20,RSA-Sig,Tunnel,True,86400,26,Strong,Weak hash SHA1
c78186df-d949-44a6-840d-66ecacaac1b9,IKEv2,Main,ChaCha20-Poly1305,256,SHA256,20,PSK,Transport,False,28800,15,Low,Perfect Forward Secrecy (PFS) is disabled
20e65207-8603-4a03-834e-07e7142b4cb5,IKEv2,Main,AES-256-CBC,256,SHA256,31,PSK,Transport,False,86400,22,Strong,Perfect Forward Secrecy (PFS) is disabled
859ef1cc-ddc6-4c31-aa55-4ea145edda6b,IKEv2,Main,DES,56,SHA1,21,PSK,Tunnel,False,86400,94,Critical,Weak encryption DES; Weak hash SHA1; Perfect Forward Secrecy (PFS) is disabled
2189577f-dcd8-43b9-b1b9-714508f4a7e8,IKEv2,Main,DES,56,SHA384,20,PSK,Tunnel,True,28800,44,Moderate,Weak encryption DES
8fdda71e-0cf4-4bd7-955f-99ce28907bcf,IKEv2,Main,AES-128-CBC,128,SHA384,5,ECDSA-Sig,Tunnel,False,3600,46,Moderate,Weak DH group 5; Perfect Forward Secrecy (PFS) is disabled
1d9504fe-952c-47b0-94b2-4c3bfa6b0bf0,IKEv1,Main,3DES,112,SHA1,5,PSK,Tunnel,True,28800,100,Critical,Legacy IKEv1 used; Weak encryption 3DES; Weak hash SHA1; Weak DH group 5
bbeeab4e-1cad-4cca-9eee-f2e07a50b8dc,IKEv2,Main,AES-256-GCM,256,MD5,5,PSK,Tunnel,True,86400,63,Weak,Weak hash MD5; Weak DH group 5
9fb5a328-0899-40f4-a2b2-c91e5ea6286e,IKEv1,Aggressive,3DES,112,SHA256,19,PSK,Transport,True,3600,100,Critical,Legacy IKEv1 used; IKEv1 Aggressive mode vulnerable to offline dictionary attacks; Weak encryption 3DES; PSK with Aggressive Mode is highly risky
c96d9835-9f45-4129-b0e7-2618675b4852,IKEv2,Main,AES-256-GCM,256,SHA384,20,RSA-Sig,Transport,False,86400,23,Strong,Perfect Forward Secrecy (PFS) is disabled
bbde03aa-f1d6-4112-8a02-8613982923cf,IKEv2,Main,AES-128-CBC,128,MD5,31,PSK,Transport,False,3600,49,Moderate,Weak hash MD5; Perfect Forward Secrecy (PFS) is disabled
bf637d43-2b83-4728-8c11-d5bfc35bad7b,IKEv1,Main,AES-256-CBC,256,MD5,14,PSK,Transport,False,28800,67,Weak,Legacy IKEv1 used; Weak hash MD5; Perfect Forward Secrecy (PFS) is disabled
3edf35ed-19b4-4d8a-b712-4fd4ea41f289,IKEv1,Quick,AES-128-CBC,128,SHA384,20,RSA-Sig,Transport,False,28800,40,Moderate,Legacy IKEv1 used; Perfect Forward Secrecy (PFS) is disabled
cdf3990d-1734-484d-8585-76888236e716,IKEv2,Main,DES,56,SHA512,20,PSK,Tunnel,False,86400,56,Moderate,Weak encryption DES; Perfect Forward Secrecy (PFS) is disabled
499337fb-df02-4ad8-a2ce-b20d08ceec97,IKEv1,Aggressive,AES-128-CBC,128,MD5,19,RSA-Sig,Tunnel,True,86400,78,Weak,Legacy IKEv1 used; IKEv1 Aggressive mode vulnerable to offline dictionary attacks; Weak hash MD5
67c51554-74d0-416e-8ae1-a903baf0f230,IKEv1,Quick,3DES,112,SHA256,14,ECDSA-Sig,Transport,True,3600,60,Weak,Legacy IKEv1 used; Weak encryption 3DES
c5a30786-f6e1-48e7-9a52-c523ef27490e,IKEv1,Aggressive,DES,56,SHA512,2,PSK,Transport,True,86400,100,Critical,Legacy IKEv1 used; IKEv1 Aggressive mode vulnerable to offline dictionary attacks; Weak encryption DES; Weak DH group 2; PSK with Aggressive Mode is highly risky
5850c327-8bbd-47e9-a452-f9c3114280bf,IKEv2,Main,AES-256-GCM,256,MD5,5,ECDSA-Sig,Tunnel,True,3600,57,Moderate,Weak hash MD5; Weak DH group 5
cf6585e6-2126-4293-8eb5-c67ec8200988,IKEv1,Main,3DES,112,SHA512,14,ECDSA-Sig,Transport,True,86400,62,Weak,Legacy IKEv1 used; Weak encryption 3DES
f7617b8f-7d38-44e5-aeb4-312aa34c6077,IKEv2,Main,DES,56,MD5,31,PSK,Tunnel,False,28800,93,Critical,Weak encryption DES; Weak hash MD5; Perfect Forward Secrecy (PFS) is disabled
79bb5630-f446-4d5e-9e9b-5a64d9fe8cdb,IKEv2,Main,ChaCha20-Poly1305,256,MD5,1,RSA-Sig,Transport,False,28800,79,Weak,Weak hash MD5; Weak DH group 1; Perfect Forward Secrecy (PFS) is disabled
52b45ea0-37f0-4e82-9d04-bac2a72359af,IKEv2,Main,3DES,112,SHA512,19,RSA-Sig,Transport,False,3600,64,Weak,Weak encryption 3DES; Perfect Forward Secrecy (PFS) is disabled
139cbc02-5870-4019-8cd3-74a64eafdfe6,IKEv2,Main,3DES,112,SHA256,19,ECDSA-Sig,Transport,False,86400,65,Weak,Weak encryption 3DES; Perfect Forward Secrecy (PFS) is disabled
54971af9-a28d-44cd-a60a-e102573fc88a,IKEv2,Main,AES-256-CBC,256,SHA256,2,ECDSA-Sig,Transport,True,86400,33,Strong,Weak DH group 2
cb3168b4-6a92-443e-9887-4139c2e168bd,IKEv2,Main,AES-256-GCM,256,SHA384,2,ECDSA-Sig,Transport,False,28800,45,Moderate,Weak DH group 2; Perfect Forward Secrecy (PFS) is disabled
57aeaf75-ddc1-4bc0-8366-3a54dffd4b77,IKEv1,Main,ChaCha20-Poly1305,256,SHA384,14,RSA-Sig,Tunnel,True,3600,25,Strong,Legacy IKEv1 used
7a2f37d3-d5ea-44f3-8562-8fcc3b12b52e,IKEv2,Main,AES-256-CBC,256,SHA1,1,ECDSA-Sig,Transport,True,28800,63,Weak,Weak hash SHA1; Weak DH group 1
a3ff53df-ce5d-4195-a69f-2bbf5b06e7a0,IKEv2,Main,AES-256-CBC,256,MD5,2,ECDSA-Sig,Transport,True,86400,59,Moderate,Weak hash MD5; Weak DH group 2
5a3d34ca-70b3-4968-a145-821be2cb8789,IKEv2,Main,3DES,112,SHA256,5,PSK,Tunnel,True,28800,75,Weak,Weak encryption 3DES; Weak DH group 5
419eae4c-5856-403f-bfe9-972a0a25d5a7,IKEv1,Main,AES-256-CBC,256,SHA512,19,ECDSA-Sig,Tunnel,True,86400,16,Low,Legacy IKEv1 used
1c1a5c0e-58ed-4b19-9e3d-5afe505b9e42,IKEv2,Main,3DES,112,SHA1,14,RSA-Sig,Transport,False,86400,87,Critical,Weak encryption 3DES; Weak hash SHA1; Perfect Forward Secrecy (PFS) is disabled
1e078da2-0909-4b8f-a397-8a89176a0848,IKEv2,Main,AES-256-GCM,256,SHA256,5,RSA-Sig,Tunnel,False,28800,49,Moderate,Weak DH group 5; Perfect Forward Secrecy (PFS) is disabled
ea50bf0b-f29c-4b56-9709-938c96ecf551,IKEv1,Main,AES-256-GCM,256,SHA384,31,ECDSA-Sig,Tunnel,False,28800,36,Strong,Legacy IKEv1 used; Perfect Forward Secrecy (PFS) is disabled
add0b384-0c96-46a6-ba29-1a4486bc2da3,IKEv2,Main,ChaCha20-Poly1305,256,SHA256,31,PSK,Transport,True,28800,0,Low,None
d2be2eaa-7c0e-45df-9660-3f103e84af9d,IKEv2,Main,DES,56,SHA512,21,PSK,Tunnel,False,3600,63,Weak,Weak encryption DES; Perfect Forward Secrecy (PFS) is disabled
01409704-71c0-400b-b7e4-43e677902f78,IKEv2,Main,AES-256-CBC,256,SHA1,21,ECDSA-Sig,Tunnel,False,86400,47,Moderate,Weak hash SHA1; Perfect Forward Secrecy (PFS) is disabled
0f7af716-b1ee-4667-b35c-50ba26830777,IKEv2,Main,AES-128-CBC,128,MD5,14,PSK,Transport,False,28800,49,Moderate,Weak hash MD5; Perfect Forward Secrecy (PFS) is disabled
e9898982-dd78-47e1-9df5-9c60e5a86398,IKEv1,Main,AES-128-CBC,128,SHA512,14,PSK,Tunnel,False,28800,39,Strong,Legacy IKEv1 used; Perfect Forward Secrecy (PFS) is disabled
59506a71-d9fc-4464-9c74-736f8b8bba96,IKEv2,Main,AES-128-CBC,128,SHA384,14,PSK,Tunnel,False,86400,24,Strong,Perfect Forward Secrecy (PFS) is disabled
1ab38e08-d324-4e35-8b31-73070022aba8,IKEv2,Main,DES,56,SHA512,31,RSA-Sig,Transport,True,28800,38,Strong,Weak encryption DES
93fddab6-f1fe-40fb-be74-73a654a30613,IKEv1,Main,AES-256-CBC,256,SHA1,20,PSK,Tunnel,True,28800,50,Moderate,Legacy IKEv1 used; Weak hash SHA1
83e0fd24-e053-44bb-8db7-9d4f2e3ee877,IKEv2,Main,3DES,112,SHA1,5,PSK,Tunnel,False,28800,100,Critical,Weak encryption 3DES; Weak hash SHA1; Weak DH group 5; Perfect Forward Secrecy (PFS) is disabled
4ddc0646-7595-47cd-8311-57ff73647f81,IKEv2,Main,AES-256-CBC,256,SHA256,20,ECDSA-Sig,Tunnel,True,3600,5,Low,None
53ff7784-4ca9-43df-a695-4f4465eed9b2,IKEv1,Aggressive,3DES,112,SHA256,31,ECDSA-Sig,Tunnel,False,3600,100,Critical,Legacy IKEv1 used; IKEv1 Aggressive mode vulnerable to offline dictionary attacks; Weak encryption 3DES; Perfect Forward Secrecy (PFS) is disabled
2444d49c-ba48-4b91-b386-649384e401a9,IKEv2,Main,DES,56,SHA256,14,RSA-Sig,Tunnel,True,28800,39,Strong,Weak encryption DES
c4f5d901-a1da-4b24-a9e4-657447fb3a81,IKEv2,Main,AES-256-GCM,256,SHA256,1,PSK,Tunnel,False,28800,53,Moderate,Weak DH group 1; Perfect Forward Secrecy (PFS) is disabled
b3f1a62e-c32d-4196-8c85-5f9cec7a0de6,IKEv2,Main,DES,56,MD5,5,PSK,Tunnel,False,86400,100,Critical,Weak encryption DES; Weak hash MD5; Weak DH group 5; Perfect Forward Secrecy (PFS) is disabled
ba08a82f-68a1-4740-85c9-cb40ed67c2fc,IKEv2,Main,AES-128-CBC,128,SHA256,21,ECDSA-Sig,Tunnel,False,28800,19,Low,Perfect Forward Secrecy (PFS) is disabled
a262e76e-5dc4-4d36-a932-330f2d62ed83,IKEv2,Main,AES-256-CBC,256,SHA512,31,RSA-Sig,Tunnel,True,28800,0,Low,None
19eb4fea-22c5-4ff6-970a-7ef3b839d561,IKEv2,Main,AES-128-CBC,128,SHA384,1,PSK,Transport,False,28800,46,Moderate,Weak DH group 1; Perfect Forward Secrecy (PFS) is disabled
cdff24ab-ddcb-4f8b-a95f-40741184bfe1,IKEv2,Main,ChaCha20-Poly1305,256,MD5,5,RSA-Sig,Tunnel,True,28800,65,Weak,Weak hash MD5; Weak DH group 5
5e515bf7-1008-477c-b100-247c80762b6d,IKEv2,Main,AES-256-CBC,256,SHA384,19,ECDSA-Sig,Transport,True,3600,1,Low,None
2ee7a12a-1fd1-46ef-8eb8-8a58ddc85752,IKEv2,Main,DES,56,SHA384,5,ECDSA-Sig,Transport,False,28800,89,Critical,Weak encryption DES; Weak DH group 5; Perfect Forward Secrecy (PFS) is disabled
1b241973-1287-44a5-ab9f-b2d81b0ea3ed,IKEv1,Main,ChaCha20-Poly1305,256,MD5,31,PSK,Transport,False,3600,65,Weak,Legacy IKEv1 used; Weak hash MD5; Perfect Forward Secrecy (PFS) is disabled
52d9048b-dcb2-4cf8-9f84-c70339f4af3e,IKEv2,Main,AES-256-GCM,256,SHA256,1,ECDSA-Sig,Transport,False,3600,45,Moderate,Weak DH group 1; Perfect Forward Secrecy (PFS) is disabled
a7f0b2f3-c07f-4434-834f-585968db905d,IKEv1,Aggressive,DES,56,SHA512,20,RSA-Sig,Tunnel,False,86400,100,Critical,Legacy IKEv1 used; IKEv1 Aggressive mode vulnerable to offline dictionary attacks; Weak encryption DES; Perfect Forward Secrecy (PFS) is disabled
5f895207-d569-4ead-8301-79a722cb7423,IKEv2,Main,AES-256-GCM,256,MD5,31,RSA-Sig,Transport,True,86400,27,Strong,Weak hash MD5
5be4aa40-9c92-4e3c-8329-ef06978e7642,IKEv2,Main,3DES,112,SHA512,21,PSK,Tunnel,False,3600,65,Weak,Weak encryption 3DES; Perfect Forward Secrecy (PFS) is disabled
72290fe8-d017-43d0-9ec1-dc53fed7a64c,IKEv2,Main,DES,56,SHA512,19,PSK,Tunnel,True,86400,39,Strong,Weak encryption DES
173cbb97-e3ff-4769-b00c-d441e1c013b5,IKEv2,Main,DES,56,SHA512,21,ECDSA-Sig,Transport,False,28800,57,Moderate,Weak encryption DES; Perfect Forward Secrecy (PFS) is disabled
b371a019-bae2-4b7a-8cb0-c60059a34340,IKEv2,Main,DES,56,SHA256,2,PSK,Transport,False,3600,92,Critical,Weak encryption DES; Weak DH group 2; Perfect Forward Secrecy (PFS) is disabled
015a759e-9a1a-4638-bc1f-343b911ae128,IKEv2,Main,AES-256-CBC,256,MD5,19,ECDSA-Sig,Transport,True,86400,33,Strong,Weak hash MD5
f0af9fbc-d2ca-44d3-b907-f1d0717e56bf,IKEv1,Aggressive,AES-256-CBC,256,SHA512,5,RSA-Sig,Transport,False,28800,100,Critical,Legacy IKEv1 used; IKEv1 Aggressive mode vulnerable to offline dictionary attacks; Weak DH group 5; Perfect Forward Secrecy (PFS) is disabled
e3dd6be1-68ff-4cf3-8b8b-82e440b61991,IKEv2,Main,DES,56,MD5,31,ECDSA-Sig,Transport,False,28800,93,Critical,Weak encryption DES; Weak hash MD5; Perfect Forward Secrecy (PFS) is disabled
6ff8a8d0-7487-4abb-b167-6c539a8c43ba,IKEv1,Main,AES-256-GCM,256,SHA384,20,RSA-Sig,Tunnel,False,86400,35,Strong,Legacy IKEv1 used; Perfect Forward Secrecy (PFS) is disabled
c681bc73-6e7d-4baa-b66d-f76319e0a4c8,IKEv1,Main,DES,56,SHA512,19,PSK,Tunnel,False,28800,76,Weak,Legacy IKEv1 used; Weak encryption DES; Perfect Forward Secrecy (PFS) is disabled
d7509daf-5b67-4117-a893-2a876431d7bb,IKEv2,Main,AES-256-GCM,256,SHA384,31,PSK,Tunnel,True,28800,0,Low,None
05f0aef3-2f70-4734-99e5-4822925cc94c,IKEv2,Main,DES,56,SHA256,14,PSK,Transport,True,3600,37,Strong,Weak encryption DES
bbdfe00b-7e14-4358-baa5-e7f17c88bbb2,IKEv2,Main,ChaCha20-Poly1305,256,SHA1,5,RSA-Sig,Transport,True,3600,63,Weak,Weak hash SHA1; Weak DH group 5
868b4886-e2e2-4bab-89ee-666f5575cb02,IKEv2,Main,DES,56,MD5,1,PSK,Tunnel,True,86400,95,Critical,Weak encryption DES; Weak hash MD5; Weak DH group 1
77a61235-9be1-4693-a6e6-577288c4ceca,IKEv2,Main,AES-256-GCM,256,SHA256,20,ECDSA-Sig,Tunnel,True,86400,0,Low,None
d5479ed5-82db-4a78-b79a-6377830f5bf4,IKEv1,Main,AES-256-CBC,256,SHA256,14,PSK,Tunnel,True,3600,24,Strong,Legacy IKEv1 used
b35acb9c-58f1-42f5-93a1-c845366cb0ed,IKEv2,Main,AES-256-GCM,256,SHA1,21,RSA-Sig,Tunnel,False,3600,53,Moderate,Weak hash SHA1; Perfect Forward Secrecy (PFS) is disabled
9caa0882-79d6-415b-a3c9-c95e3cfe9dd4,IKEv2,Main,ChaCha20-Poly1305,256,SHA512,21,ECDSA-Sig,Tunnel,True,28800,0,Low,None
1ce30fc0-d4d1-412c-beb9-2c0a6bab2684,IKEv1,Aggressive,DES,56,SHA384,2,PSK,Tunnel,True,3600,100,Critical,Legacy IKEv1 used; IKEv1 Aggressive mode vulnerable to offline dictionary attacks; Weak encryption DES; Weak DH group 2; PSK with Aggressive Mode is highly risky
9b977d3f-39eb-45c6-a8e0-48b46d5449e6,IKEv1,Aggressive,AES-128-CBC,128,MD5,21,RSA-Sig,Tunnel,True,3600,77,Weak,Legacy IKEv1 used; IKEv1 Aggressive mode vulnerable to offline dictionary attacks; Weak hash MD5
6c96e375-295d-48c0-a194-9b55540280af,IKEv2,Main,AES-128-CBC,128,SHA256,19,RSA-Sig,Transport,False,86400,15,Low,Perfect Forward Secrecy (PFS) is disabled
d1fb51a9-ced6-47ad-924e-7606265611a8,IKEv2,Main,DES,56,SHA384,5,RSA-Sig,Tunnel,True,28800,69,Weak,Weak encryption DES; Weak DH group 5
802ea7cb-2b7a-46f0-af5e-52600f485079,IKEv2,Main,AES-128-CBC,128,SHA1,1,PSK,Transport,False,86400,80,Critical,Weak hash SHA1; Weak DH group 1; Perfect Forward Secrecy (PFS) is disabled
384a9e5c-6a6a-4cf8-87dc-fdcaa828becd,IKEv2,Main,AES-256-GCM,256,SHA1,19,PSK,Transport,True,86400,25,Strong,Weak hash SHA1
68e719fc-7d73-46dc-aef1-9fb8b178af58,IKEv2,Main,DES,56,SHA384,19,RSA-Sig,Tunnel,False,86400,60,Weak,Weak encryption DES; Perfect Forward Secrecy (PFS) is disabled
a65233f4-7015-41b8-86e7-6ae62a1a159a,IKEv1,Main,AES-256-GCM,256,SHA1,20,RSA-Sig,Transport,True,86400,48,Moderate,Legacy IKEv1 used; Weak hash SHA1
b9af9718-5288-4b66-9bd8-51a5c503ef50,IKEv2,Main,DES,56,SHA256,31,RSA-Sig,Tunnel,True,28800,45,Moderate,Weak encryption DES
a793c17f-e94f-49ae-b3cb-43e5b3b97327,IKEv2,Main,DES,56,SHA1,31,PSK,Tunnel,False,3600,88,Critical,Weak encryption DES; Weak hash SHA1; Perfect Forward Secrecy (PFS) is disabled
ee87a8e4-8f86-497d-93e8-e1653db59e50,IKEv2,Main,DES,56,SHA384,5,PSK,Transport,False,28800,95,Critical,Weak encryption DES; Weak DH group 5; Perfect Forward Secrecy (PFS) is disabled
5828f633-db26-45e2-8ccb-fe03a462fd93,IKEv2,Main,AES-128-CBC,128,SHA256,20,ECDSA-Sig,Tunnel,True,28800,0,Low,None
6296a2e3-498a-4093-b17b-89997937c7f5,IKEv2,Main,3DES,112,SHA384,31,RSA-Sig,Tunnel,True,3600,40,Moderate,Weak encryption 3DES
186993df-c179-4906-8d47-2d3b35c2678f,IKEv1,Main,ChaCha20-Poly1305,256,SHA256,5,ECDSA-Sig,Tunnel,False,28800,73,Weak,Legacy IKEv1 used; Weak DH group 5; Perfect Forward Secrecy (PFS) is disabled
0b4e8238-12ef-4992-ae2a-da9daafdcea8,IKEv1,Aggressive,AES-128-CBC,128,SHA256,2,ECDSA-Sig,Transport,False,86400,100,Critical,Legacy IKEv1 used; IKEv1 Aggressive mode vulnerable to offline dictionary attacks; Weak DH group 2; Perfect Forward Secrecy (PFS) is disabled
aa39b9ff-8ec6-4595-9676-fb7675eeafcb,IKEv1,Main,ChaCha20-Poly1305,256,SHA1,19,RSA-Sig,Tunnel,True,28800,54,Moderate,Legacy IKEv1 used; Weak hash SHA1
dab58968-dd8b-4024-8a0d-6be8e9508a3c,IKEv2,Main,AES-128-CBC,128,SHA384,2,PSK,Tunnel,True,3600,27,Strong,Weak DH group 2
5d31bdd3-9482-42d6-9404-288cee86439f,IKEv2,Main,ChaCha20-Poly1305,256,SHA384,1,PSK,Transport,False,28800,48,Moderate,Weak DH group 1; Perfect Forward Secrecy (PFS) is disabled
9a9e09bc-887d-40cf-8dec-eb50891f6d06,IKEv2,Main,AES-256-GCM,256,MD5,1,PSK,Transport,True,28800,57,Moderate,Weak hash MD5; Weak DH group 1
f3bc6d34-c566-45cd-9a14-70b180f0e4c8,IKEv1,Quick,AES-128-CBC,128,SHA256,2,RSA-Sig,Transport,True,86400,47,Moderate,Legacy IKEv1 used; Weak DH group 2
c59386cf-517b-4d42-9bd0-f08ce4981e36,IKEv1,Main,ChaCha20-Poly1305,256,SHA384,19,ECDSA-Sig,Tunnel,False,86400,41,Moderate,Legacy IKEv1 used; Perfect Forward Secrecy (PFS) is disabled
70bf139a-0ede-414d-9d76-d90c9749fdce,IKEv1,Quick,AES-256-GCM,256,SHA256,19,ECDSA-Sig,Transport,True,86400,15,Low,Legacy IKEv1 used
29a27e3e-fcbd-447d-b8ce-279027c98a4e,IKEv2,Main,AES-128-CBC,128,SHA384,2,RSA-Sig,Tunnel,False,28800,47,Moderate,Weak DH group 2; Perfect Forward Secrecy (PFS) is disabled
4ddda50c-9bd4-4412-97c4-11fd5bdd878f,IKEv2,Main,AES-256-GCM,256,SHA384,19,PSK,Tunnel,False,28800,20,Strong,Perfect Forward Secrecy (PFS) is disabled
ecbd044b-a9cf-4f98-8057-bdaa144bfb6b,IKEv1,Quick,AES-256-GCM,256,SHA1,5,RSA-Sig,Tunnel,True,28800,81,Critical,Legacy IKEv1 used; Weak hash SHA1; Weak DH group 5
3d76d63e-23a7-4abd-802b-32f0815780d1,IKEv1,Quick,AES-256-CBC,256,SHA512,1,PSK,Transport,False,28800,75,Weak,Legacy IKEv1 used; Weak DH group 1; Perfect Forward Secrecy (PFS) is disabled
7094a0d7-8b96-4e03-9d2e-df738279d93b,IKEv1,Quick,3DES,112,SHA384,14,RSA-Sig,Tunnel,True,28800,58,Moderate,Legacy IKEv1 used; Weak encryption 3DES
debb90ca-747b-49cc-ba36-e06844e40a0f,IKEv2,Main,AES-128-CBC,128,MD5,20,ECDSA-Sig,Tunnel,True,86400,29,Strong,Weak hash MD5
a7417b33-b08b-4c6a-aaca-b2819b5a6849,IKEv2,Main,AES-128-CBC,128,SHA1,1,ECDSA-Sig,Tunnel,False,86400,77,Weak,Weak hash SHA1; Weak DH group 1; Perfect Forward Secrecy (PFS) is disabled
e9802a46-f4b4-48d8-a3ca-2b98b8854ea6,IKEv2,Main,AES-128-CBC,128,SHA384,21,PSK,Tunnel,False,86400,16,Low,Perfect Forward Secrecy (PFS) is disabled
6c6ffab7-dcda-446a-b5b8-4a9f19102bd0,IKEv1,Main,DES,56,MD5,1,PSK,Transport,False,86400,100,Critical,Legacy IKEv1 used; Weak encryption DES; Weak hash MD5; Weak DH group 1; Perfect Forward Secrecy (PFS) is disabled
d275b8bc-8eb2-479b-a6f8-ba2e9deaed34,IKEv2,Main,AES-128-CBC,128,SHA256,19,PSK,Tunnel,False,3600,15,Low,Perfect Forward Secrecy (PFS) is disabled
fd76eb6f-f78e-42a7-a70a-f6b40d3345bf,IKEv2,Main,3DES,112,SHA512,20,ECDSA-Sig,Tunnel,False,28800,62,Weak,Weak encryption 3DES; Perfect Forward Secrecy (PFS) is disabled
4c25c8b7-f184-4f72-bd38-c6b8350c6197,IKEv1,Aggressive,AES-256-GCM,256,SHA384,2,PSK,Transport,True,28800,98,Critical,Legacy IKEv1 used; IKEv1 Aggressive mode vulnerable to offline dictionary attacks; Weak DH group 2; PSK with Aggressive Mode is highly risky
737203f6-1ce6-4936-b2d7-c17dbf856c39,IKEv2,Main,AES-128-CBC,128,SHA256,2,RSA-Sig,Tunnel,False,86400,48,Moderate,Weak DH group 2; Perfect Forward Secrecy (PFS) is disabled
1b618ec5-7f75-40b9-ae29-acb9669e0f9f,IKEv1,Quick,DES,56,SHA384,1,PSK,Tunnel,True,3600,92,Critical,Legacy IKEv1 used; Weak encryption DES; Weak DH group 1
e7c1cf42-dde3-4e9c-9c47-fc50262a85ec,IKEv1,Main,AES-256-CBC,256,MD5,21,PSK,Transport,True,28800,50,Moderate,Legacy IKEv1 used; Weak hash MD5
7e06b743-d13f-416c-9912-8e00fdbf991e,IKEv1,Quick,DES,56,SHA1,20,RSA-Sig,Transport,False,28800,100,Critical,Legacy IKEv1 used; Weak encryption DES; Weak hash SHA1; Perfect Forward Secrecy (PFS) is disabled
08d1ad2e-a027-40ee-8876-7395308e0446,IKEv1,Quick,AES-128-CBC,128,SHA256,20,PSK,Tunnel,False,28800,38,Strong,Legacy IKEv1 used; Perfect Forward Secrecy (PFS) is disabled
e4d2f06a-0860-4558-bc55-2ccb62427b67,IKEv1,Quick,AES-128-CBC,128,SHA1,31,PSK,Tunnel,False,28800,68,Weak,Legacy IKEv1 used; Weak hash SHA1; Perfect Forward Secrecy (PFS) is disabled
dd542e3d-dc4c-40bb-9223-388159cdc27a,IKEv1,Aggressive,AES-256-CBC,256,SHA1,2,RSA-Sig,Tunnel,False,86400,100,Critical,Legacy IKEv1 used; IKEv1 Aggressive mode vulnerable to offline dictionary attacks; Weak hash SHA1; Weak DH group 2; Perfect Forward Secrecy (PFS) is disabled
8bfff5d5-32a2-4474-9e17-01537af202de,IKEv1,Aggressive,AES-128-CBC,128,SHA256,20,PSK,Tunnel,True,86400,75,Weak,Legacy IKEv1 used; IKEv1 Aggressive mode vulnerable to offline dictionary attacks; PSK with Aggressive Mode is highly risky
5395142f-336c-4c10-bfdd-58b1153d23a5,IKEv1,Main,ChaCha20-Poly1305,256,SHA512,19,PSK,Tunnel,True,86400,18,Low,Legacy IKEv1 used
7658f9e8-f1b9-4ee9-ba16-772ac900f179,IKEv2,Main,ChaCha20-Poly1305,256,MD5,21,ECDSA-Sig,Transport,False,28800,51,Moderate,Weak hash MD5; Perfect Forward Secrecy (PFS) is disabled
fead2d36-a8a5-4bd7-a773-3b5a92d8021e,IKEv2,Main,ChaCha20-Poly1305,256,SHA384,14,RSA-Sig,Transport,False,28800,20,Strong,Perfect Forward Secrecy (PFS) is disabled
7d195d63-8e34-41f3-8407-1666905352a3,IKEv2,Main,ChaCha20-Poly1305,256,SHA384,19,ECDSA-Sig,Tunnel,False,28800,19,Low,Perfect Forward Secrecy (PFS) is disabled
8f0d6092-d0e1-4868-a81f-8639a66f2ab2,IKEv2,Main,ChaCha20-Poly1305,256,SHA1,2,RSA-Sig,Tunnel,True,3600,56,Moderate,Weak hash SHA1; Weak DH group 2
6b42b460-bc40-4ea0-ac77-7b97ba20e116,IKEv2,Main,DES,56,MD5,2,PSK,Transport,False,28800,100,Critical,Weak encryption DES; Weak hash MD5; Weak DH group 2; Perfect Forward Secrecy (PFS) is disabled
1fbc5fa0-3d3b-4607-8101-b3b0bd057e5a,IKEv2,Main,3DES,112,MD5,20,PSK,Transport,True,3600,70,Weak,Weak encryption 3DES; Weak hash MD5
def37cca-74da-468b-b012-9177dacda817,IKEv2,Main,DES,56,MD5,5,ECDSA-Sig,Tunnel,True,28800,100,Critical,Weak encryption DES; Weak hash MD5; Weak DH group 5
f7ddc939-b09f-40f9-9176-750c84494dbf,IKEv2,Main,AES-256-CBC,256,SHA1,21,ECDSA-Sig,Tunnel,True,3600,33,Strong,Weak hash SHA1
44fb1747-e41b-4c50-9321-61fb37ee9c46,IKEv2,Main,AES-256-CBC,256,SHA256,19,PSK,Transport,True,28800,1,Low,None
97bd6681-ada9-4bb9-a7cf-98f6890320e2,IKEv2,Main,AES-256-CBC,256,SHA256,1,ECDSA-Sig,Transport,True,86400,35,Strong,Weak DH group 1
4ab318d8-173b-4e9d-9bee-5ca49aa5dbeb,IKEv1,Quick,AES-256-GCM,256,SHA512,1,ECDSA-Sig,Tunnel,False,86400,73,Weak,Legacy IKEv1 used; Weak DH group 1; Perfect Forward Secrecy (PFS) is disabled
cae3b309-4447-4914-b9fb-aa299855df2a,IKEv2,Main,DES,56,SHA512,14,ECDSA-Sig,Tunnel,False,3600,60,Weak,Weak encryption DES; Perfect Forward Secrecy (PFS) is disabled
1837f795-a87e-4bc9-9e86-3ed1c284046d,IKEv1,Main,ChaCha20-Poly1305,256,SHA384,31,PSK,Tunnel,True,28800,15,Low,Legacy IKEv1 used
b6b1113c-8466-47b9-9c2a-c0eb4e139299,IKEv2,Main,AES-128-CBC,128,SHA384,1,ECDSA-Sig,Tunnel,True,28800,26,Strong,Weak DH group 1
1f59c051-8655-4207-b0b9-11fa38d47b45,IKEv2,Main,AES-256-CBC,256,SHA1,31,PSK,Tunnel,False,86400,49,Moderate,Weak hash SHA1; Perfect Forward Secrecy (PFS) is disabled
b7a0affb-d11c-4b4f-a107-7eb1158a43ef,IKEv2,Main,ChaCha20-Poly1305,256,MD5,14,PSK,Tunnel,True,3600,27,Strong,Weak hash MD5
d554fb1a-c405-4053-b9f2-cb08409bbb49,IKEv1,Quick,AES-256-CBC,256,SHA1,5,RSA-Sig,Transport,False,3600,100,Critical,Legacy IKEv1 used; Weak hash SHA1; Weak DH group 5; Perfect Forward Secrecy (PFS) is disabled
abca6cfc-49ba-4f88-8418-704b824c3d74,IKEv2,Main,ChaCha20-Poly1305,256,MD5,14,PSK,Transport,True,86400,29,Strong,Weak hash MD5
73d92c5e-58b9-445c-beea-05bae4788adb,IKEv2,Main,DES,56,SHA1,19,ECDSA-Sig,Tunnel,False,28800,85,Critical,Weak encryption DES; Weak hash SHA1; Perfect Forward Secrecy (PFS) is disabled
ddbf537c-292f-422e-85c0-6173624ac76b,IKEv1,Aggressive,3DES,112,MD5,14,RSA-Sig,Transport,True,3600,100,Critical,Legacy IKEv1 used; IKEv1 Aggressive mode vulnerable to offline dictionary attacks; Weak encryption 3DES; Weak hash MD5
68e0e46d-ba93-462c-9c3d-6c7113f0681e,IKEv2,Main,ChaCha20-Poly1305,256,MD5,14,RSA-Sig,Transport,False,3600,54,Moderate,Weak hash MD5; Perfect Forward Secrecy (PFS) is disabled
c8ad6760-1df2-4ab7-b7cd-73f9fbbe2046,IKEv2,Main,AES-256-CBC,256,SHA1,14,RSA-Sig,Transport,True,86400,31,Strong,Weak hash SHA1
082c37de-96e4-4dde-a7b9-6634937971c7,IKEv2,Main,DES,56,SHA384,2,ECDSA-Sig,Transport,True,28800,70,Weak,Weak encryption DES; Weak DH group 2
8f2952d9-22b1-4b15-8e53-6abc696a53e0,IKEv2,Main,ChaCha20-Poly1305,256,MD5,2,PSK,Transport,True,3600,60,Weak,Weak hash MD5; Weak DH group 2
7c81ce39-cfce-480c-b6d9-79a99885fe9c,IKEv2,Main,3DES,112,SHA384,1,RSA-Sig,Transport,False,86400,91,Critical,Weak encryption 3DES; Weak DH group 1; Perfect Forward Secrecy (PFS) is disabled
b8ce7eda-8fed-4476-b47e-927818a527be,IKEv2,Main,AES-256-GCM,256,SHA384,21,ECDSA-Sig,Tunnel,False,86400,24,Strong,Perfect Forward Secrecy (PFS) is disabled
94dbdc37-5d4e-4aa8-9d6e-7448b32d7025,IKEv2,Main,DES,56,SHA512,20,ECDSA-Sig,Transport,False,86400,63,Weak,Weak encryption DES; Perfect Forward Secrecy (PFS) is disabled
9b048007-0d2d-434e-8723-4a21a3f645c7,IKEv2,Main,AES-256-GCM,256,SHA1,2,PSK,Tunnel,False,86400,76,Weak,Weak hash SHA1; Weak DH group 2; Perfect Forward Secrecy (PFS) is disabled
b72583b4-6e07-4f6e-8371-b8fc7a95670c,IKEv2,Main,AES-256-CBC,256,SHA1,31,PSK,Tunnel,True,28800,31,Strong,Weak hash SHA1
be0c6334-7322-4bdf-a1a2-1b23091a355f,IKEv2,Main,AES-256-CBC,256,MD5,1,ECDSA-Sig,Transport,False,86400,84,Critical,Weak hash MD5; Weak DH group 1; Perfect Forward Secrecy (PFS) is disabled
a4578780-808c-46a0-8017-da1332c8c443,IKEv1,Aggressive,DES,56,SHA1,5,PSK,Tunnel,True,3600,100,Critical,Legacy IKEv1 used; IKEv1 Aggressive mode vulnerable to offline dictionary attacks; Weak encryption DES; Weak hash SHA1; Weak DH group 5; PSK with Aggressive Mode is highly risky
f9f9868b-5583-44c2-9402-497bd2242af7,IKEv2,Main,AES-256-CBC,256,SHA384,5,ECDSA-Sig,Tunnel,True,86400,29,Strong,Weak DH group 5
2fde9e55-5731-4bc2-ba60-cfcb1de68e99,IKEv2,Main,ChaCha20-Poly1305,256,SHA384,1,ECDSA-Sig,Tunnel,True,28800,25,Strong,Weak DH group 1
c35800c0-b57a-44ef-a660-1dd0e43afc22,IKEv1,Main,3DES,112,SHA512,14,PSK,Tunnel,False,28800,81,Critical,Legacy IKEv1 used; Weak encryption 3DES; Perfect Forward Secrecy (PFS) is disabled
a30da804-0ed7-42b0-b768-62393773b2dc,IKEv2,Main,ChaCha20-Poly1305,256,SHA256,2,ECDSA-Sig,Transport,True,28800,25,Strong,Weak DH group 2
02ae74b5-eca9-4341-a7e4-00d77d6c7073,IKEv2,Main,AES-256-GCM,256,SHA1,20,RSA-Sig,Transport,True,86400,33,Strong,Weak hash SHA1
daaaee30-fbd7-4d75-86c1-9ee5e523e626,IKEv1,Aggressive,ChaCha20-Poly1305,256,SHA512,31,PSK,Tunnel,False,3600,93,Critical,Legacy IKEv1 used; IKEv1 Aggressive mode vulnerable to offline dictionary attacks; PSK with Aggressive Mode is highly risky; Perfect Forward Secrecy (PFS) is disabled
5f0f8e92-7d8e-4a5c-a766-3acd7579e211,IKEv1,Quick,AES-256-GCM,256,SHA1,5,ECDSA-Sig,Transport,False,28800,100,Critical,Legacy IKEv1 used; Weak hash SHA1; Weak DH group 5; Perfect Forward Secrecy (PFS) is disabled
4318c61a-222b-49b2-b8ce-33d24999bd00,IKEv1,Quick,AES-256-CBC,256,SHA256,2,RSA-Sig,Tunnel,False,86400,75,Weak,Legacy IKEv1 used; Weak DH group 2; Perfect Forward Secrecy (PFS) is disabled
d0c70e04-4e34-4c96-91ab-f1fb435c7e85,IKEv2,Main,3DES,112,SHA256,21,ECDSA-Sig,Transport,False,28800,58,Moderate,Weak encryption 3DES; Perfect Forward Secrecy (PFS) is disabled
a50e515f-03ae-4ab6-a5c9-1bc4a86782fa,IKEv2,Main,AES-256-CBC,256,SHA384,5,PSK,Tunnel,True,28800,30,Strong,Weak DH group 5
90753082-dece-40ac-864c-6ca79bc2f687,IKEv2,Main,AES-128-CBC,128,SHA512,31,RSA-Sig,Transport,True,3600,1,Low,None
82699ed3-509d-439e-b0bb-82fe80955d12,IKEv2,Main,ChaCha20-Poly1305,256,SHA384,21,RSA-Sig,Tunnel,True,86400,0,Low,None
847ae5c6-eb15-4961-a1fe-6639d5bb1221,IKEv2,Main,AES-256-CBC,256,SHA1,20,PSK,Transport,False,3600,55,Moderate,Weak hash SHA1; Perfect Forward Secrecy (PFS) is disabled
7ed3d47a-aa16-45b9-9209-c4e98215e007,IKEv2,Main,AES-256-CBC,256,SHA512,14,RSA-Sig,Tunnel,True,3600,0,Low,None
09b2339a-5995-4203-9d3a-a7e686d4dee1,IKEv1,Aggressive,AES-128-CBC,128,SHA512,5,PSK,Tunnel,True,3600,100,Critical,Legacy IKEv1 used; IKEv1 Aggressive mode vulnerable to offline dictionary attacks; Weak DH group 5; PSK with Aggressive Mode is highly risky
feed1672-bd6e-4577-b50b-f490aaa42828,IKEv1,Main,ChaCha20-Poly1305,256,SHA256,2,ECDSA-Sig,Tunnel,False,3600,70,Weak,Legacy IKEv1 used; Weak DH group 2; Perfect Forward Secrecy (PFS) is disabled
f961ec5e-757c-41ab-89fb-cefdc623ed1a,IKEv2,Main,DES,56,SHA256,14,PSK,Transport,True,86400,45,Moderate,Weak encryption DES
40eaba2c-b38c-4bb6-8e9d-b15a6b04e725,IKEv2,Main,AES-128-CBC,128,SHA1,20,PSK,Transport,True,3600,26,Strong,Weak hash SHA1
e7efc294-c1ab-4656-bbf0-8c73e03b38ee,IKEv2,Main,AES-128-CBC,128,SHA1,14,PSK,Transport,True,28800,29,Strong,Weak hash SHA1
1c6d0022-5324-4a97-9d3f-f45140437628,IKEv2,Main,AES-256-CBC,256,SHA384,21,RSA-Sig,Tunnel,True,3600,3,Low,None
470e587f-3baa-4980-ad89-8e9d7a3626e8,IKEv1,Aggressive,DES,56,MD5,20,RSA-Sig,Transport,True,3600,100,Critical,Legacy IKEv1 used; IKEv1 Aggressive mode vulnerable to offline dictionary attacks; Weak encryption DES; Weak hash MD5
c0db97e0-33bd-4e39-ade5-45c8cb150d47,IKEv2,Main,AES-256-GCM,256,SHA256,31,ECDSA-Sig,Tunnel,True,28800,5,Low,None
9ff9a814-87db-4653-b63c-b50c1d953571,IKEv2,Main,AES-256-GCM,256,SHA384,21,ECDSA-Sig,Tunnel,True,28800,1,Low,None
81d9d59d-2b06-4623-bef7-f6073c64f302,IKEv2,Main,AES-256-GCM,256,SHA384,21,RSA-Sig,Transport,True,28800,0,Low,None
bc0bdfe5-b220-4931-a46f-a67225db9cd3,IKEv1,Main,DES,56,SHA256,31,ECDSA-Sig,Transport,False,28800,81,Critical,Legacy IKEv1 used; Weak encryption DES; Perfect Forward Secrecy (PFS) is disabled
204c1858-05ca-4aa9-b765-7823ac2bf7e1,IKEv1,Aggressive,AES-128-CBC,128,SHA512,1,ECDSA-Sig,Tunnel,False,86400,99,Critical,Legacy IKEv1 used; IKEv1 Aggressive mode vulnerable to offline dictionary attacks; Weak DH group 1; Perfect Forward Secrecy (PFS) is disabled
0195a187-4c6c-4be0-bdff-a4bad8c6a0e8,IKEv2,Main,AES-256-GCM,256,SHA384,2,PSK,Transport,False,28800,53,Moderate,Weak DH group 2; Perfect Forward Secrecy (PFS) is disabled
80b1f40e-0266-4155-bfd9-4fc90d1db4b0,IKEv2,Main,3DES,112,MD5,1,ECDSA-Sig,Tunnel,False,86400,100,Critical,Weak encryption 3DES; Weak hash MD5; Weak DH group 1; Perfect Forward Secrecy (PFS) is disabled
074f4ce3-6128-487d-aff2-4eb3a68b4566,IKEv2,Main,ChaCha20-Poly1305,256,SHA512,20,PSK,Tunnel,True,3600,0,Low,None
7b48d6a3-df8b-4384-8d28-b48a9a196ea1,IKEv1,Aggressive,AES-256-GCM,256,MD5,2,ECDSA-Sig,Tunnel,False,3600,100,Critical,Legacy IKEv1 used; IKEv1 Aggressive mode vulnerable to offline dictionary attacks; Weak hash MD5; Weak DH group 2; Perfect Forward Secrecy (PFS) is disabled
8a3c0617-2ba1-4abc-ab05-193649846274,IKEv2,Main,AES-128-CBC,128,SHA256,20,ECDSA-Sig,Transport,False,28800,25,Strong,Perfect Forward Secrecy (PFS) is disabled
763d65ea-48ff-4eda-bd94-828428fe2435,IKEv2,Main,AES-256-CBC,256,MD5,19,PSK,Tunnel,False,28800,51,Moderate,Weak hash MD5; Perfect Forward Secrecy (PFS) is disabled
61caa619-80ea-4e1c-acf6-c215421c9c13,IKEv2,Main,AES-256-GCM,256,MD5,31,ECDSA-Sig,Tunnel,False,3600,55,Moderate,Weak hash MD5; Perfect Forward Secrecy (PFS) is disabled
814c0752-3fee-4654-9143-4eba975dc98a,IKEv2,Main,AES-128-CBC,128,SHA384,21,RSA-Sig,Tunnel,False,3600,17,Low,Perfect Forward Secrecy (PFS) is disabled
fcc094b8-27be-4a18-bc3e-a0d5bf064673,IKEv1,Quick,3DES,112,SHA1,31,ECDSA-Sig,Transport,True,28800,94,Critical,Legacy IKEv1 used; Weak encryption 3DES; Weak hash SHA1
d4d74c9a-3bff-44ea-aba2-e5775fb672f4,IKEv2,Main,AES-128-CBC,128,SHA1,20,PSK,Tunnel,False,86400,54,Moderate,Weak hash SHA1; Perfect Forward Secrecy (PFS) is disabled
242ee1c6-b2e4-4473-b31c-60a3225ce7e3,IKEv2,Main,AES-256-GCM,256,SHA512,20,PSK,Tunnel,True,3600,0,Low,None
dbacfdea-8e29-4097-a88f-6dc5c31547d3,IKEv1,Main,DES,56,SHA1,31,ECDSA-Sig,Transport,True,86400,91,Critical,Legacy IKEv1 used; Weak encryption DES; Weak hash SHA1
48c8b19b-4314-4a04-af65-2dd2e09899d3,IKEv2,Main,3DES,112,SHA512,20,PSK,Tunnel,False,86400,63,Weak,Weak encryption 3DES; Perfect Forward Secrecy (PFS) is disabled
f04e3892-7d48-4711-8a4d-f8fc000bf8d1,IKEv1,Main,AES-256-GCM,256,SHA384,14,PSK,Tunnel,True,86400,15,Low,Legacy IKEv1 used
7e08dfd0-dea0-429e-bafb-95abcc087c25,IKEv2,Main,AES-256-GCM,256,MD5,1,ECDSA-Sig,Transport,True,28800,59,Moderate,Weak hash MD5; Weak DH group 1
692499d4-899a-4beb-8bd2-7ca0b47cbee6,IKEv1,Quick,AES-256-CBC,256,SHA256,31,RSA-Sig,Transport,True,28800,19,Low,Legacy IKEv1 used
dd2de446-e4bb-4fd6-8d06-e3db4f5f187f,IKEv2,Main,AES-256-CBC,256,SHA256,19,ECDSA-Sig,Transport,True,3600,0,Low,None
37ddc5f5-604f-4250-b836-472f32a1f20d,IKEv2,Main,AES-128-CBC,128,SHA512,1,PSK,Tunnel,False,28800,51,Moderate,Weak DH group 1; Perfect Forward Secrecy (PFS) is disabled
bdd028c9-e2f2-42db-a3ec-4e951e055e13,IKEv1,Aggressive,AES-128-CBC,128,SHA256,14,ECDSA-Sig,Tunnel,False,3600,74,Weak,Legacy IKEv1 used; IKEv1 Aggressive mode vulnerable to offline dictionary attacks; Perfect Forward Secrecy (PFS) is disabled
f4d4edc0-3079-4601-b99d-8ec0cb153bc8,IKEv1,Quick,3DES,112,SHA256,1,PSK,Transport,True,28800,94,Critical,Legacy IKEv1 used; Weak encryption 3DES; Weak DH group 1
1498b771-659f-45ef-8ba4-0dd83be70bf2,IKEv2,Main,AES-128-CBC,128,SHA1,31,ECDSA-Sig,Tunnel,True,28800,35,Strong,Weak hash SHA1
659ba84c-05ce-4dfd-8ef9-43c42303c151,IKEv1,Main,DES,56,SHA384,20,PSK,Tunnel,True,86400,60,Weak,Legacy IKEv1 used; Weak encryption DES
169de7d0-a3eb-4021-b623-71e793d1ef38,IKEv2,Main,ChaCha20-Poly1305,256,MD5,19,PSK,Transport,False,3600,52,Moderate,Weak hash MD5; Perfect Forward Secrecy (PFS) is disabled
6c56da45-494b-4054-b055-10f325fad0b4,IKEv1,Quick,DES,56,SHA1,31,PSK,Tunnel,False,3600,100,Critical,Legacy IKEv1 used; Weak encryption DES; Weak hash SHA1; Perfect Forward Secrecy (PFS) is disabled
242be3cb-7d0c-48f6-8393-d17e104d25e2,IKEv1,Aggressive,AES-256-CBC,256,MD5,19,RSA-Sig,Tunnel,True,86400,82,Critical,Legacy IKEv1 used; IKEv1 Aggressive mode vulnerable to offline dictionary attacks; Weak hash MD5
b551752a-949c-4424-8500-0e8ca493df33,IKEv1,Quick,ChaCha20-Poly1305,256,SHA512,31,PSK,Transport,False,86400,45,Moderate,Legacy IKEv1 used; Perfect Forward Secrecy (PFS) is disabled
c0a6d544-07cc-42af-9518-0824d002b8f7,IKEv2,Main,DES,56,SHA1,20,PSK,Transport,True,28800,68,Weak,Weak encryption DES; Weak hash SHA1
506880c7-09ed-4010-86aa-64012f2dd30c,IKEv2,Main,AES-256-GCM,256,SHA384,20,PSK,Tunnel,False,28800,23,Strong,Perfect Forward Secrecy (PFS) is disabled
06eb2f87-4af6-4f2f-9288-97b49441df5f,IKEv2,Main,DES,56,SHA256,1,ECDSA-Sig,Tunnel,True,28800,72,Weak,Weak encryption DES; Weak DH group 1
350c407c-3e7a-4687-a394-740581fbf69d,IKEv2,Main,AES-128-CBC,128,SHA1,14,RSA-Sig,Transport,False,28800,47,Moderate,Weak hash SHA1; Perfect Forward Secrecy (PFS) is disabled
38ef4def-e82f-494d-a373-e7a685bb1c04,IKEv2,Main,AES-128-CBC,128,SHA512,21,RSA-Sig,Transport,True,3600,5,Low,None
7439d372-4834-46e9-a541-732ce1b1be2e,IKEv1,Quick,AES-256-CBC,256,SHA256,21,RSA-Sig,Transport,True,28800,16,Low,Legacy IKEv1 used
bf717750-cea5-4704-8864-3fe2b4bb3771,IKEv2,Main,ChaCha20-Poly1305,256,SHA256,2,PSK,Tunnel,False,28800,49,Moderate,Weak DH group 2; Perfect Forward Secrecy (PFS) is disabled
b613bfee-5b14-4145-877b-9e1b808b2fc1,IKEv2,Main,AES-256-CBC,256,SHA256,14,RSA-Sig,Tunnel,False,3600,23,Strong,Perfect Forward Secrecy (PFS) is disabled
250f1673-fa9d-4320-8d6f-7545e7c8fa96,IKEv1,Main,3DES,112,SHA512,21,ECDSA-Sig,Transport,True,3600,65,Weak,Legacy IKEv1 used; Weak encryption 3DES
a8fb0581-ca3b-4f59-98d4-d8a53152ff05,IKEv1,Aggressive,AES-256-CBC,256,SHA1,20,PSK,Tunnel,False,3600,100,Critical,Legacy IKEv1 used; IKEv1 Aggressive mode vulnerable to offline dictionary attacks; Weak hash SHA1; PSK with Aggressive Mode is highly risky; Perfect Forward Secrecy (PFS) is disabled
dc432de0-cf09-43af-a6e5-1e9293d6c056,IKEv1,Quick,DES,56,MD5,14,ECDSA-Sig,Tunnel,False,3600,100,Critical,Legacy IKEv1 used; Weak encryption DES; Weak hash MD5; Perfect Forward Secrecy (PFS) is disabled
fca04ddf-8318-4322-8bbd-2374269ad847,IKEv2,Main,3DES,112,MD5,2,RSA-Sig,Tunnel,False,28800,100,Critical,Weak encryption 3DES; Weak hash MD5; Weak DH group 2; Perfect Forward Secrecy (PFS) is disabled
d9c8a24c-81c2-46d9-82fe-5781973fdc2a,IKEv1,Quick,AES-256-GCM,256,MD5,14,ECDSA-Sig,Tunnel,False,3600,66,Weak,Legacy IKEv1 used; Weak hash MD5; Perfect Forward Secrecy (PFS) is disabled
d4d69aab-18d8-48fe-a48b-b42a772a6389,IKEv2,Main,AES-128-CBC,128,SHA1,5,PSK,Tunnel,True,3600,58,Moderate,Weak hash SHA1; Weak DH group 5
087c5b11-2fce-4532-84f0-69a2e5f11f01,IKEv1,Main,DES,56,SHA512,21,ECDSA-Sig,Transport,False,86400,85,Critical,Legacy IKEv1 used; Weak encryption DES; Perfect Forward Secrecy (PFS) is disabled
7c77272d-f9a4-4b01-9e4f-0cdded499eed,IKEv1,Main,DES,56,SHA512,5,RSA-Sig,Transport,True,3600,89,Critical,Legacy IKEv1 used; Weak encryption DES; Weak DH group 5
cd8303a1-1299-43ad-b9cb-850f4df0a3a9,IKEv2,Main,ChaCha20-Poly1305,256,SHA1,1,ECDSA-Sig,Transport,False,28800,78,Weak,Weak hash SHA1; Weak DH group 1; Perfect Forward Secrecy (PFS) is disabled
53c16ae7-361b-4dc3-95c9-a0507072aa26,IKEv2,Main,3DES,112,SHA1,20,ECDSA-Sig,Tunnel,False,86400,88,Critical,Weak encryption 3DES; Weak hash SHA1; Perfect Forward Secrecy (PFS) is disabled
af8c444a-cc39-4d1b-a9ff-484be496e5aa,IKEv1,Aggressive,AES-128-CBC,128,SHA1,20,PSK,Tunnel,False,86400,100,Critical,Legacy IKEv1 used; IKEv1 Aggressive mode vulnerable to offline dictionary attacks; Weak hash SHA1; PSK with Aggressive Mode is highly risky; Perfect Forward Secrecy (PFS) is disabled
a6dcc556-e5e0-400e-ab94-0c00bb135156,IKEv2,Main,AES-128-CBC,128,SHA1,1,PSK,Tunnel,False,86400,75,Weak,Weak hash SHA1; Weak DH group 1; Perfect Forward Secrecy (PFS) is disabled
70e36964-3ae8-473e-9ea5-f62cb5dee281,IKEv2,Main,DES,56,SHA384,14,PSK,Transport,True,3600,35,Strong,Weak encryption DES
0d315b8a-0352-434e-aa8e-7bc06416e97e,IKEv1,Quick,AES-256-GCM,256,SHA1,19,RSA-Sig,Tunnel,True,28800,48,Moderate,Legacy IKEv1 used; Weak hash SHA1
ef3e7d4f-7c44-489c-9f72-369b9363ab62,IKEv2,Main,AES-256-CBC,256,SHA1,14,ECDSA-Sig,Tunnel,True,28800,32,Strong,Weak hash SHA1
04de3e6d-7084-4863-a59a-77f018166ba1,IKEv2,Main,ChaCha20-Poly1305,256,SHA256,2,PSK,Tunnel,False,28800,54,Moderate,Weak DH group 2; Perfect Forward Secrecy (PFS) is disabled
e977c576-9d9f-4194-82ab-bea84eb90bc3,IKEv2,Main,AES-256-GCM,256,SHA256,20,ECDSA-Sig,Tunnel,True,86400,0,Low,None
4d7d6daa-7ab0-4455-88df-9f170a91f3b5,IKEv2,Main,3DES,112,MD5,1,RSA-Sig,Transport,True,3600,100,Critical,Weak encryption 3DES; Weak hash MD5; Weak DH group 1
fe2affd9-1861-4c4d-8538-95f8e6aaddec,IKEv1,Aggressive,AES-256-CBC,256,SHA512,2,ECDSA-Sig,Tunnel,True,86400,81,Critical,Legacy IKEv1 used; IKEv1 Aggressive mode vulnerable to offline dictionary attacks; Weak DH group 2
702e30d3-d7c2-4507-84bc-939b69e43b67,IKEv2,Main,AES-128-CBC,128,SHA384,19,PSK,Transport,False,86400,25,Strong,Perfect Forward Secrecy (PFS) is disabled
79bd192d-5a30-4073-9228-e8bb27fe732f,IKEv2,Main,DES,56,SHA512,19,ECDSA-Sig,Transport,False,3600,64,Weak,Weak encryption DES; Perfect Forward Secrecy (PFS) is disabled
0cbb5379-ce35-4030-83a2-fc959855b1ca,IKEv2,Main,ChaCha20-Poly1305,256,SHA512,14,RSA-Sig,Transport,True,28800,0,Low,None
2694f98a-d7ea-4e96-bdd4-6193ac113c8e,IKEv1,Main,DES,56,SHA512,19,PSK,Transport,True,3600,61,Weak,Legacy IKEv1 used; Weak encryption DES
578583d8-491f-48ff-930e-13f1514121a6,IKEv2,Main,ChaCha20-Poly1305,256,MD5,20,PSK,Transport,True,3600,32,Strong,Weak hash MD5
f8e16486-9936-4ea7-b333-eb3dd2f34a87,IKEv2,Main,AES-128-CBC,128,MD5,21,RSA-Sig,Tunnel,True,86400,31,Strong,Weak hash MD5
7d802ceb-981c-42e6-8792-d05de3840d88,IKEv2,Main,AES-256-GCM,256,SHA384,21,ECDSA-Sig,Tunnel,True,86400,0,Low,None
30b2d96a-2f82-4cf0-84f2-2f9f6d52a5d6,IKEv1,Aggressive,AES-256-GCM,256,SHA384,2,RSA-Sig,Transport,False,3600,97,Critical,Legacy IKEv1 used; IKEv1 Aggressive mode vulnerable to offline dictionary attacks; Weak DH group 2; Perfect Forward Secrecy (PFS) is disabled
f01887a5-63b7-416a-acf5-c4d643bab920,IKEv2,Main,ChaCha20-Poly1305,256,SHA256,31,RSA-Sig,Tunnel,False,28800,25,Strong,Perfect Forward Secrecy (PFS) is disabled
1d6d6945-b382-4d97-af43-5bd8079e0940,IKEv2,Main,AES-256-CBC,256,SHA256,14,RSA-Sig,Tunnel,False,86400,15,Low,Perfect Forward Secrecy (PFS) is disabled
1ba4e189-c798-4299-b65c-43736c41c590,IKEv1,Quick,ChaCha20-Poly1305,256,SHA256,20,ECDSA-Sig,Transport,False,86400,36,Strong,Legacy IKEv1 used; Perfect Forward Secrecy (PFS) is disabled
f076c8f1-0ad7-4e73-94cb-548ca8575e50,IKEv2,Main,DES,56,MD5,5,ECDSA-Sig,Transport,False,86400,100,Critical,Weak encryption DES; Weak hash MD5; Weak DH group 5; Perfect Forward Secrecy (PFS) is disabled
49c9c95e-b800-44a5-842b-0a8d45ba038d,IKEv2,Main,AES-256-GCM,256,SHA1,2,ECDSA-Sig,Tunnel,False,3600,78,Weak,Weak hash SHA1; Weak DH group 2; Perfect Forward Secrecy (PFS) is disabled
766f93f4-0c5e-4729-b388-df440b282242,IKEv2,Main,AES-256-GCM,256,MD5,19,PSK,Tunnel,True,28800,27,Strong,Weak hash MD5
1b407f82-0da7-42f6-87cd-bc5a76e9c622,IKEv2,Main,AES-256-GCM,256,SHA512,2,PSK,Tunnel,True,28800,33,Strong,Weak DH group 2
043d83dc-b57d-42ed-8a59-ab339783f0e8,IKEv2,Main,AES-256-GCM,256,MD5,1,RSA-Sig,Tunnel,True,3600,62,Weak,Weak hash MD5; Weak DH group 1
02fa6415-69e4-41ef-bdff-95a67a672384,IKEv2,Main,AES-128-CBC,128,SHA512,19,ECDSA-Sig,Transport,False,3600,15,Low,Perfect Forward Secrecy (PFS) is disabled
197d3b4d-06e2-448f-bfca-ecc6bd83037c,IKEv2,Main,DES,56,MD5,19,PSK,Transport,False,3600,93,Critical,Weak encryption DES; Weak hash MD5; Perfect Forward Secrecy (PFS) is disabled
c0ea094d-394a-41c0-8ea8-ad6de8169a4a,IKEv2,Main,AES-128-CBC,128,MD5,21,RSA-Sig,Tunnel,True,86400,28,Strong,Weak hash MD5
912835a6-9e51-4fc7-9c4c-ba635f363479,IKEv2,Main,AES-256-GCM,256,SHA256,5,PSK,Transport,False,3600,46,Moderate,Weak DH group 5; Perfect Forward Secrecy (PFS) is disabled
8fb85dcd-638d-4bb7-a1b5-610deca69c17,IKEv2,Main,AES-128-CBC,128,SHA1,31,RSA-Sig,Transport,False,86400,52,Moderate,Weak hash SHA1; Perfect Forward Secrecy (PFS) is disabled
8da19409-8427-47dd-af6c-645201e3e0dd,IKEv2,Main,AES-256-CBC,256,SHA384,14,PSK,Tunnel,True,28800,0,Low,None
2ce24104-d1d8-453f-b084-883d9c31a4fa,IKEv2,Main,AES-256-GCM,256,SHA384,31,PSK,Tunnel,False,3600,22,Strong,Perfect Forward Secrecy (PFS) is disabled
41dd94ec-8ca9-4e76-8bb7-9fda772fbd5f,IKEv2,Main,AES-128-CBC,128,SHA256,21,RSA-Sig,Transport,True,86400,5,Low,None
4fe9578a-8b4a-4c17-bd65-e418a6705f23,IKEv2,Main,AES-128-CBC,128,SHA256,20,ECDSA-Sig,Transport,False,3600,23,Strong,Perfect Forward Secrecy (PFS) is disabled
b0225cf2-4a22-405e-8bb9-69a1bf1b8f6d,IKEv2,Main,AES-256-CBC,256,SHA1,19,ECDSA-Sig,Transport,True,3600,33,Strong,Weak hash SHA1
19611d0b-6512-4050-b34d-3f0335ffbb12,IKEv2,Main,AES-256-GCM,256,SHA512,20,ECDSA-Sig,Transport,False,3600,24,Strong,Perfect Forward Secrecy (PFS) is disabled
bfac4729-0010-4cec-8dbf-5b72f0f9478e,IKEv1,Quick,AES-256-CBC,256,SHA512,5,ECDSA-Sig,Transport,True,86400,50,Moderate,Legacy IKEv1 used; Weak DH group 5
9f7bda6e-1812-41ad-96c4-3e8aa72af7f7,IKEv2,Main,AES-256-GCM,256,SHA1,1,ECDSA-Sig,Tunnel,True,3600,62,Weak,Weak hash SHA1; Weak DH group 1
074029f8-ca47-4e50-a182-bfbcbae9d279,IKEv2,Main,AES-256-CBC,256,SHA1,19,PSK,Transport,False,28800,54,Moderate,Weak hash SHA1; Perfect Forward Secrecy (PFS) is disabled
3e66bae6-4249-4534-ba47-b905a73445d3,IKEv2,Main,AES-256-GCM,256,SHA512,5,RSA-Sig,Transport,False,86400,53,Moderate,Weak DH group 5; Perfect Forward Secrecy (PFS) is disabled
2b001c31-e8f7-4eca-b2ce-ee6f66251fe6,IKEv1,Main,AES-128-CBC,128,SHA1,20,RSA-Sig,Transport,False,86400,71,Weak,Legacy IKEv1 used; Weak hash SHA1; Perfect Forward Secrecy (PFS) is disabled
790f92d4-ac2a-4417-a8ef-3a8d56560b50,IKEv1,Main,3DES,112,SHA1,2,ECDSA-Sig,Transport,True,28800,100,Critical,Legacy IKEv1 used; Weak encryption 3DES; Weak hash SHA1; Weak DH group 2
35bb0945-9fc8-493b-94ea-8707b0dd0530,IKEv2,Main,DES,56,MD5,21,ECDSA-Sig,Transport,True,28800,72,Weak,Weak encryption DES; Weak hash MD5
897aabd4-325d-42d1-9887-a367a2898105,IKEv1,Aggressive,AES-256-GCM,256,SHA384,19,RSA-Sig,Transport,True,86400,47,Moderate,Legacy IKEv1 used; IKEv1 Aggressive mode vulnerable to offline dictionary attacks
8ce5177e-6a14-477f-b775-e39c7f3dc5e9,IKEv2,Main,ChaCha20-Poly1305,256,SHA1,21,PSK,Tunnel,True,86400,32,Strong,Weak hash SHA1
a82e4e28-ab8f-4de7-88f0-da6ddde9b86e,IKEv2,Main,AES-256-CBC,256,SHA1,19,PSK,Transport,False,3600,52,Moderate,Weak hash SHA1; Perfect Forward Secrecy (PFS) is disabled
6eeb35a3-4f81-4557-90e5-3d8da2926472,IKEv2,Main,ChaCha20-Poly1305,256,SHA512,19,ECDSA-Sig,Tunnel,True,28800,0,Low,None
cec71a0c-d52a-4a2a-945a-afde9f97a85e,IKEv2,Main,ChaCha20-Poly1305,256,MD5,31,RSA-Sig,Tunnel,False,86400,48,Moderate,Weak hash MD5; Perfect Forward Secrecy (PFS) is disabled
d37815c7-00e7-4353-8d3d-9812002ed8dd,IKEv2,Main,AES-256-GCM,256,SHA1,2,ECDSA-Sig,Tunnel,False,3600,85,Critical,Weak hash SHA1; Weak DH group 2; Perfect Forward Secrecy (PFS) is disabled
560fa7d3-a041-48b1-b060-f32d9a25e9b2,IKEv1,Quick,AES-256-CBC,256,SHA384,5,PSK,Tunnel,True,3600,49,Moderate,Legacy IKEv1 used; Weak DH group 5
04b8d19d-5028-47a0-92fe-ab9f1c97938c,IKEv2,Main,AES-256-GCM,256,SHA256,5,ECDSA-Sig,Tunnel,False,3600,53,Moderate,Weak DH group 5; Perfect Forward Secrecy (PFS) is disabled
1a83dd34-aa38-4ced-8203-22a48954cd16,IKEv2,Main,AES-128-CBC,128,SHA384,5,ECDSA-Sig,Tunnel,True,28800,32,Strong,Weak DH group 5
c4da7334-3057-4b59-badd-dce7bbeb4ef2,IKEv2,Main,AES-256-CBC,256,SHA512,5,RSA-Sig,Transport,True,28800,35,Strong,Weak DH group 5
89f25728-6eb2-4d5e-bf3a-5eca629f492f,IKEv2,Main,DES,56,SHA384,31,ECDSA-Sig,Tunnel,False,86400,58,Moderate,Weak encryption DES; Perfect Forward Secrecy (PFS) is disabled
fe44e1bf-2f4f-4c76-a452-4583a606684b,IKEv1,Quick,AES-256-GCM,256,SHA512,19,RSA-Sig,Tunnel,True,3600,19,Low,Legacy IKEv1 used
e69d699d-f247-49a2-8746-573a0ca7876b,IKEv2,Main,AES-128-CBC,128,SHA256,2,RSA-Sig,Tunnel,True,3600,32,Strong,Weak DH group 2
11b4eef1-a1d5-4636-ae65-6beb877ad614,IKEv1,Quick,AES-128-CBC,128,SHA1,21,PSK,Tunnel,True,3600,46,Moderate,Legacy IKEv1 used; Weak hash SHA1
c101d66e-ae3d-4265-b0e5-c70a66875f68,IKEv2,Main,AES-256-CBC,256,SHA1,14,RSA-Sig,Tunnel,False,28800,49,Moderate,Weak hash SHA1; Perfect Forward Secrecy (PFS) is disabled
61efc928-2dbe-4d0e-b92d-64f1c3d3f794,IKEv2,Main,AES-128-CBC,128,SHA256,19,RSA-Sig,Tunnel,True,28800,0,Low,None
177d9cde-c33f-4263-aa12-8098787bba94,IKEv2,Main,AES-128-CBC,128,SHA512,14,PSK,Tunnel,True,86400,0,Low,None
dcf0fa02-6c1a-4bd8-be44-f4378482ada2,IKEv2,Main,DES,56,SHA1,20,ECDSA-Sig,Tunnel,False,86400,90,Critical,Weak encryption DES; Weak hash SHA1; Perfect Forward Secrecy (PFS) is disabled
f3b34d27-388a-445d-828f-ad54290a1e08,IKEv2,Main,AES-256-CBC,256,SHA1,21,PSK,Tunnel,False,28800,50,Moderate,Weak hash SHA1; Perfect Forward Secrecy (PFS) is disabled
a3d67330-1858-4f67-9b25-ae71ac817440,IKEv1,Aggressive,DES,56,SHA256,5,ECDSA-Sig,Transport,False,28800,100,Critical,Legacy IKEv1 used; IKEv1 Aggressive mode vulnerable to offline dictionary attacks; Weak encryption DES; Weak DH group 5; Perfect Forward Secrecy (PFS) is disabled
fb00d437-9f65-4750-9560-31a77d93da17,IKEv2,Main,ChaCha20-Poly1305,256,SHA256,14,RSA-Sig,Transport,True,3600,0,Low,None
3f37616d-33dc-4b2e-9f94-61f0818fd95d,IKEv2,Main,DES,56,SHA1,14,RSA-Sig,Transport,True,86400,67,Weak,Weak encryption DES; Weak hash SHA1
8c2444d5-4c7e-429a-9739-5250e139c9ba,IKEv1,Main,3DES,112,MD5,31,ECDSA-Sig,Transport,False,28800,100,Critical,Legacy IKEv1 used; Weak encryption 3DES; Weak hash MD5; Perfect Forward Secrecy (PFS) is disabled
310a9d20-7cb4-4783-a0ba-ff8cab8949e0,IKEv2,Main,AES-256-GCM,256,SHA256,21,ECDSA-Sig,Tunnel,True,86400,0,Low,None
6904733f-acfd-45d9-b19c-c3fb91946835,IKEv1,Quick,AES-256-CBC,256,SHA512,2,PSK,Tunnel,True,86400,51,Moderate,Legacy IKEv1 used; Weak DH group 2
5313048f-786a-4616-a076-b7b96aaf557b,IKEv2,Main,AES-256-GCM,256,SHA384,14,ECDSA-Sig,Tunnel,True,3600,0,Low,None
2a81ffd6-a874-42da-a829-c371a65f5ef0,IKEv2,Main,3DES,112,SHA512,5,RSA-Sig,Tunnel,False,28800,88,Critical,Weak encryption 3DES; Weak DH group 5; Perfect Forward Secrecy (PFS) is disabled
db10bf21-7448-497b-9fca-312d5aa42fd8,IKEv2,Main,3DES,112,SHA1,5,RSA-Sig,Transport,False,28800,100,Critical,Weak encryption 3DES; Weak hash SHA1; Weak DH group 5; Perfect Forward Secrecy (PFS) is disabled
6a8bced7-cb52-4d2d-bcdc-a1cc298adf23,IKEv1,Quick,AES-256-GCM,256,SHA384,5,PSK,Transport,True,86400,51,Moderate,Legacy IKEv1 used; Weak DH group 5
6667bda3-16bc-4e81-ba10-7c294178834b,IKEv2,Main,ChaCha20-Poly1305,256,SHA512,20,RSA-Sig,Tunnel,False,3600,21,Strong,Perfect Forward Secrecy (PFS) is disabled
c17ab9fa-cc44-4ffe-b4d5-e62189befd8b,IKEv2,Main,AES-256-GCM,256,SHA384,19,RSA-Sig,Transport,False,86400,20,Strong,Perfect Forward Secrecy (PFS) is disabled
fdeeb134-c436-4744-9cf2-3ed37e4cea12,IKEv2,Main,ChaCha20-Poly1305,256,SHA1,21,ECDSA-Sig,Tunnel,False,28800,53,Moderate,Weak hash SHA1; Perfect Forward Secrecy (PFS) is disabled
6b68ac86-8037-4c30-8365-4380cb2d8126,IKEv2,Main,AES-256-GCM,256,SHA1,31,RSA-Sig,Transport,True,28800,32,Strong,Weak hash SHA1
f8b7789d-2257-4e95-969a-ed98876602ba,IKEv2,Main,DES,56,SHA1,1,ECDSA-Sig,Transport,True,28800,100,Critical,Weak encryption DES; Weak hash SHA1; Weak DH group 1
305639a6-961d-4a99-8107-e8dc0e24e5c9,IKEv2,Main,AES-256-GCM,256,MD5,31,RSA-Sig,Tunnel,False,3600,45,Moderate,Weak hash MD5; Perfect Forward Secrecy (PFS) is disabled
7539716c-b602-4573-9b63-09921014caa1,IKEv2,Main,AES-256-GCM,256,MD5,31,PSK,Transport,False,28800,48,Moderate,Weak hash MD5; Perfect Forward Secrecy (PFS) is disabled
c0fc1389-7dfc-4645-a4cb-0b4365c0ace8,IKEv1,Aggressive,AES-256-GCM,256,MD5,21,RSA-Sig,Tunnel,False,86400,100,Critical,Legacy IKEv1 used; IKEv1 Aggressive mode vulnerable to offline dictionary attacks; Weak hash MD5; Perfect Forward Secrecy (PFS) is disabled
cc46c4ad-da90-4163-a2cc-76fd289e5002,IKEv1,Aggressive,AES-256-CBC,256,SHA256,1,RSA-Sig,Transport,True,3600,81,Critical,Legacy IKEv1 used; IKEv1 Aggressive mode vulnerable to offline dictionary attacks; Weak DH group 1
ebb41135-637c-4090-bee8-8ae52a8f703c,IKEv2,Main,AES-256-GCM,256,SHA256,19,PSK,Transport,False,28800,24,Strong,Perfect Forward Secrecy (PFS) is disabled
9f895567-9dbd-4a08-8139-2f9c061f3356,IKEv2,Main,AES-256-CBC,256,SHA384,21,PSK,Tunnel,False,86400,15,Low,Perfect Forward Secrecy (PFS) is disabled
1d4cea52-dc00-4fb4-9a49-72ea10a33995,IKEv1,Aggressive,AES-256-CBC,256,SHA512,20,ECDSA-Sig,Transport,True,3600,54,Moderate,Legacy IKEv1 used; IKEv1 Aggressive mode vulnerable to offline dictionary attacks
247247ed-a40e-4051-955e-11d2b0bab121,IKEv2,Main,ChaCha20-Poly1305,256,SHA512,20,ECDSA-Sig,Transport,False,3600,21,Strong,Perfect Forward Secrecy (PFS) is disabled
cbde8566-fd9f-4135-8f16-6e954fe63289,IKEv2,Main,AES-128-CBC,128,SHA1,5,ECDSA-Sig,Transport,True,86400,62,Weak,Weak hash SHA1; Weak DH group 5
07dca38a-9b1f-47e5-83f3-a00f71499a1a,IKEv2,Main,AES-256-GCM,256,SHA384,1,ECDSA-Sig,Tunnel,True,28800,25,Strong,Weak DH group 1
c834ac2e-95b6-4b5e-ad1b-2fd398e23d05,IKEv2,Main,AES-256-CBC,256,SHA384,19,PSK,Tunnel,False,28800,20,Strong,Perfect Forward Secrecy (PFS) is disabled
046213a9-caec-44f5-96b9-221bd8e3e0ae,IKEv1,Main,DES,56,SHA384,1,PSK,Tunnel,True,3600,89,Critical,Legacy IKEv1 used; Weak encryption DES; Weak DH group 1
c151734b-3fa3-42f7-847c-49b600436ad6,IKEv1,Aggressive,AES-128-CBC,128,SHA512,21,RSA-Sig,Transport,False,86400,71,Weak,Legacy IKEv1 used; IKEv1 Aggressive mode vulnerable to offline dictionary attacks; Perfect Forward Secrecy (PFS) is disabled
1bd1f88d-6c32-4cde-a870-655859e9d3a4,IKEv1,Quick,AES-256-GCM,256,SHA512,1,PSK,Tunnel,False,86400,71,Weak,Legacy IKEv1 used; Weak DH group 1; Perfect Forward Secrecy (PFS) is disabled
5b0f84f7-173d-48cc-8cd8-a865d64c3912,IKEv2,Main,3DES,112,MD5,20,ECDSA-Sig,Tunnel,False,28800,93,Critical,Weak encryption 3DES; Weak hash MD5; Perfect Forward Secrecy (PFS) is disabled
736048db-99d1-47df-9ad0-9989cf9e5f98,IKEv2,Main,ChaCha20-Poly1305,256,SHA1,19,ECDSA-Sig,Tunnel,False,3600,53,Moderate,Weak hash SHA1; Perfect Forward Secrecy (PFS) is disabled
6b655d8b-ddba-4e74-a796-c352818cf5a9,IKEv1,Main,AES-128-CBC,128,SHA384,21,PSK,Transport,False,86400,44,Moderate,Legacy IKEv1 used; Perfect Forward Secrecy (PFS) is disabled
25a7a3ec-6f25-46aa-8a8e-6c008aeecf7b,IKEv1,Aggressive,DES,56,MD5,14,PSK,Transport,True,3600,100,Critical,Legacy IKEv1 used; IKEv1 Aggressive mode vulnerable to offline dictionary attacks; Weak encryption DES; Weak hash MD5; PSK with Aggressive Mode is highly risky
e5bb2e97-dd59-4890-ad5c-2e401bd8ae29,IKEv2,Main,AES-128-CBC,128,SHA1,31,PSK,Transport,True,3600,32,Strong,Weak hash SHA1
a21d69b5-7500-4533-bc54-8cd96c209db8,IKEv2,Main,DES,56,MD5,31,ECDSA-Sig,Transport,False,3600,88,Critical,Weak encryption DES; Weak hash MD5; Perfect Forward Secrecy (PFS) is disabled
5e015196-7f3b-4969-aeba-690571ce2cff,IKEv2,Main,3DES,112,SHA256,5,ECDSA-Sig,Tunnel,True,3600,69,Weak,Weak encryption 3DES; Weak DH group 5
a827cac5-07e3-43b5-b3fd-94e4ad63ff45,IKEv1,Aggressive,AES-256-GCM,256,SHA512,19,ECDSA-Sig,Transport,False,28800,71,Weak,Legacy IKEv1 used; IKEv1 Aggressive mode vulnerable to offline dictionary attacks; Perfect Forward Secrecy (PFS) is disabled
4052e554-0a6f-4aae-9546-d91dd6d3d01b,IKEv1,Main,AES-256-GCM,256,SHA256,20,PSK,Tunnel,True,86400,22,Strong,Legacy IKEv1 used
3b14575c-2712-4d56-b62d-1ca26183371c,IKEv2,Main,DES,56,SHA512,5,RSA-Sig,Tunnel,False,86400,85,Critical,Weak encryption DES; Weak DH group 5; Perfect Forward Secrecy (PFS) is disabled
2d05ab6c-1110-4e30-8c04-5ae7c51b9e76,IKEv2,Main,AES-128-CBC,128,MD5,20,ECDSA-Sig,Transport,False,28800,51,Moderate,Weak hash MD5; Perfect Forward Secrecy (PFS) is disabled
4b51b169-5eab-468b-8893-e93bf2fa0912,IKEv2,Main,AES-256-GCM,256,SHA256,14,RSA-Sig,Transport,True,86400,0,Low,None
0b04729e-4878-402c-85a5-8db8231606a1,IKEv2,Main,AES-256-GCM,256,SHA384,2,PSK,Tunnel,False,86400,55,Moderate,Weak DH group 2; Perfect Forward Secrecy (PFS) is disabled
44d0bd11-bc54-45e9-8299-60c8cfc59230,IKEv2,Main,AES-128-CBC,128,SHA1,14,ECDSA-Sig,Transport,False,86400,55,Moderate,Weak hash SHA1; Perfect Forward Secrecy (PFS) is disabled
c712b0e1-51b5-4ddf-a498-a8c2473986a6,IKEv2,Main,3DES,112,SHA1,31,PSK,Tunnel,False,28800,91,Critical,Weak encryption 3DES; Weak hash SHA1; Perfect Forward Secrecy (PFS) is disabled
3867e668-c0f1-4da7-a834-929ebbdde442,IKEv2,Main,AES-256-CBC,256,SHA256,1,ECDSA-Sig,Transport,False,86400,47,Moderate,Weak DH group 1; Perfect Forward Secrecy (PFS) is disabled
2eb61c69-d327-401c-b118-59cc4fe35da2,IKEv1,Aggressive,AES-256-GCM,256,MD5,21,RSA-Sig,Tunnel,False,28800,100,Critical,Legacy IKEv1 used; IKEv1 Aggressive mode vulnerable to offline dictionary attacks; Weak hash MD5; Perfect Forward Secrecy (PFS) is disabled
aaab1d97-abac-44aa-bb8f-cff105527965,IKEv1,Main,3DES,112,SHA384,31,RSA-Sig,Tunnel,True,3600,57,Moderate,Legacy IKEv1 used; Weak encryption 3DES
6ad06fcd-61d7-44db-90d5-9439892d31cd,IKEv1,Quick,DES,56,SHA256,14,PSK,Tunnel,False,28800,84,Critical,Legacy IKEv1 used; Weak encryption DES; Perfect Forward Secrecy (PFS) is disabled
eea85b9e-3534-46db-be20-bdd490c55eed,IKEv2,Main,3DES,112,SHA384,14,ECDSA-Sig,Transport,True,86400,43,Moderate,Weak encryption 3DES
33224e98-0545-4deb-a9a3-379836418bac,IKEv1,Aggressive,DES,56,SHA1,20,ECDSA-Sig,Transport,True,3600,100,Critical,Legacy IKEv1 used; IKEv1 Aggressive mode vulnerable to offline dictionary attacks; Weak encryption DES; Weak hash SHA1
f103f9b1-21ac-45be-a42b-4c2b4f0b134a,IKEv2,Main,AES-256-CBC,256,SHA512,20,PSK,Tunnel,False,28800,21,Strong,Perfect Forward Secrecy (PFS) is disabled
ecd25416-31cd-41b8-8c13-ac6c898bc7dc,IKEv2,Main,3DES,112,SHA1,20,ECDSA-Sig,Transport,True,3600,74,Weak,Weak encryption 3DES; Weak hash SHA1
cdbcc268-2206-40ac-afb2-140d92ba073e,IKEv2,Main,3DES,112,SHA512,20,PSK,Tunnel,False,86400,64,Weak,Weak encryption 3DES; Perfect Forward Secrecy (PFS) is disabled
668a9345-8826-431d-9fbc-e885ecbeb667,IKEv1,Quick,3DES,112,SHA512,14,ECDSA-Sig,Transport,False,86400,85,Critical,Legacy IKEv1 used; Weak encryption 3DES; Perfect Forward Secrecy (PFS) is disabled
5da71843-838c-4f6d-bd77-f5edd83a1644,IKEv2,Main,3DES,112,SHA1,1,PSK,Transport,True,86400,95,Critical,Weak encryption 3DES; Weak hash SHA1; Weak DH group 1
154e5f58-429f-4cb6-8f61-859c6728b0a6,IKEv2,Main,AES-256-GCM,256,SHA1,19,PSK,Tunnel,True,86400,26,Strong,Weak hash SHA1
a9a49418-6d4c-44f6-b041-2124b2e85c64,IKEv2,Main,AES-256-GCM,256,SHA512,1,ECDSA-Sig,Transport,False,3600,55,Moderate,Weak DH group 1; Perfect Forward Secrecy (PFS) is disabled
dfcddcaf-e5ad-47b1-8be7-53e69a6df34d,IKEv2,Main,AES-128-CBC,128,SHA256,14,ECDSA-Sig,Transport,True,86400,1,Low,None
3facc1d2-3b1c-4b1f-b2ab-f77a90c4a14d,IKEv2,Main,AES-256-GCM,256,SHA512,20,RSA-Sig,Transport,True,86400,0,Low,None
44190273-249c-4b75-804b-7df10f27126b,IKEv2,Main,AES-256-GCM,256,SHA1,21,ECDSA-Sig,Transport,True,3600,32,Strong,Weak hash SHA1
039538b9-afab-4596-bf29-ab0bdbf6e6a3,IKEv2,Main,AES-256-GCM,256,MD5,1,PSK,Tunnel,False,28800,77,Weak,Weak hash MD5; Weak DH group 1; Perfect Forward Secrecy (PFS) is disabled
eca3ce35-9c33-4e09-9d7d-5d1091fac1c9,IKEv2,Main,DES,56,SHA256,19,RSA-Sig,Tunnel,True,3600,35,Strong,Weak encryption DES
4fd0ad79-9cfd-4930-b287-ad22fbbeed2f,IKEv2,Main,AES-256-GCM,256,MD5,20,PSK,Transport,False,3600,49,Moderate,Weak hash MD5; Perfect Forward Secrecy (PFS) is disabled
3cb19826-1253-4284-9542-4bdccc04a7d3,IKEv2,Main,ChaCha20-Poly1305,256,SHA512,21,RSA-Sig,Tunnel,True,3600,1,Low,None
0e4a385c-487d-4040-8ee2-cd81c31b7af6,IKEv2,Main,AES-256-GCM,256,SHA256,14,RSA-Sig,Tunnel,False,28800,20,Strong,Perfect Forward Secrecy (PFS) is disabled
bb608ea7-f71b-484f-8a6a-17a87ed65217,IKEv2,Main,DES,56,SHA1,2,ECDSA-Sig,Tunnel,False,28800,100,Critical,Weak encryption DES; Weak hash SHA1; Weak DH group 2; Perfect Forward Secrecy (PFS) is disabled
0c156472-9915-4e81-a4bb-cf77b78c0bf8,IKEv1,Aggressive,3DES,112,SHA384,1,PSK,Transport,False,3600,100,Critical,Legacy IKEv1 used; IKEv1 Aggressive mode vulnerable to offline dictionary attacks; Weak encryption 3DES; Weak DH group 1; PSK with Aggressive Mode is highly risky; Perfect Forward Secrecy (PFS) is disabled
7a65b7bc-246e-4c1a-901a-2645f14be0b3,IKEv1,Quick,AES-128-CBC,128,SHA256,21,ECDSA-Sig,Tunnel,True,86400,20,Strong,Legacy IKEv1 used
c231afb4-ba5c-49b4-b21c-aac030f25a49,IKEv1,Quick,3DES,112,SHA384,31,PSK,Tunnel,True,86400,60,Weak,Legacy IKEv1 used; Weak encryption 3DES
c064b239-3be5-469a-a20f-11bc14b46ee9,IKEv1,Main,AES-128-CBC,128,SHA384,19,RSA-Sig,Transport,False,28800,41,Moderate,Legacy IKEv1 used; Perfect Forward Secrecy (PFS) is disabled
097a6358-baf8-461a-8227-3074e96abcee,IKEv1,Quick,ChaCha20-Poly1305,256,SHA384,31,ECDSA-Sig,Transport,False,28800,39,Strong,Legacy IKEv1 used; Perfect Forward Secrecy (PFS) is disabled
cb94893e-4198-4269-a7d9-350469972dbe,IKEv1,Aggressive,AES-256-CBC,256,SHA512,2,ECDSA-Sig,Tunnel,False,86400,100,Critical,Legacy IKEv1 used; IKEv1 Aggressive mode vulnerable to offline dictionary attacks; Weak DH group 2; Perfect Forward Secrecy (PFS) is disabled
2194f51b-b5b4-4983-9710-404028004ee7,IKEv2,Main,DES,56,SHA512,2,ECDSA-Sig,Transport,False,86400,89,Critical,Weak encryption DES; Weak DH group 2; Perfect Forward Secrecy (PFS) is disabled
75bbf188-03c2-4e8d-8f74-cbf284b7cd49,IKEv2,Main,AES-256-GCM,256,MD5,31,ECDSA-Sig,Transport,False,28800,46,Moderate,Weak hash MD5; Perfect Forward Secrecy (PFS) is disabled
e0fc572e-fd04-4f23-856d-ebd8c7e65c2d,IKEv2,Main,AES-256-GCM,256,SHA512,19,ECDSA-Sig,Transport,False,86400,22,Strong,Perfect Forward Secrecy (PFS) is disabled
2d37ffe2-f950-4467-b0c1-ab8f7029d5dc,IKEv2,Main,AES-256-GCM,256,SHA1,19,RSA-Sig,Transport,False,3600,45,Moderate,Weak hash SHA1; Perfect Forward Secrecy (PFS) is disabled
51267eb4-28e4-4fc7-b0c2-b73f19aebee0,IKEv2,Main,3DES,112,SHA1,21,RSA-Sig,Transport,True,3600,73,Weak,Weak encryption 3DES; Weak hash SHA1
8201e76e-9bf5-48de-8111-53204afe9bfc,IKEv2,Main,ChaCha20-Poly1305,256,SHA256,21,ECDSA-Sig,Transport,True,86400,0,Low,None
2e96c34e-9227-4f90-bcdb-d94d4e22fba0,IKEv2,Main,AES-256-CBC,256,SHA384,1,PSK,Tunnel,True,28800,30,Strong,Weak DH group 1
99935911-2d57-413a-9bbe-f4b92bb44153,IKEv2,Main,AES-128-CBC,128,MD5,14,RSA-Sig,Transport,True,86400,28,Strong,Weak hash MD5
38f1f004-94db-46e3-a0dd-4572df40d077,IKEv2,Main,3DES,112,SHA256,1,ECDSA-Sig,Transport,True,28800,75,Weak,Weak encryption 3DES; Weak DH group 1
2415b906-09b7-4dfe-a68f-c4ca6ebef587,IKEv1,Main,DES,56,SHA1,5,PSK,Tunnel,True,86400,100,Critical,Legacy IKEv1 used; Weak encryption DES; Weak hash SHA1; Weak DH group 5
09c8ce4f-d675-4b23-a5f3-168edaf22ac1,IKEv2,Main,ChaCha20-Poly1305,256,MD5,14,RSA-Sig,Tunnel,False,86400,55,Moderate,Weak hash MD5; Perfect Forward Secrecy (PFS) is disabled
c2039e03-eed5-4b42-9e40-f0a2ddde43ba,IKEv2,Main,ChaCha20-Poly1305,256,SHA1,1,RSA-Sig,Transport,False,86400,75,Weak,Weak hash SHA1; Weak DH group 1; Perfect Forward Secrecy (PFS) is disabled
6fa39a11-ae8a-4541-bc49-56784cadc149,IKEv2,Main,DES,56,SHA256,14,RSA-Sig,Transport,True,86400,35,Strong,Weak encryption DES
500fa598-17df-444a-8caa-b521d89cecf0,IKEv1,Main,ChaCha20-Poly1305,256,SHA512,21,ECDSA-Sig,Tunnel,False,28800,38,Strong,Legacy IKEv1 used; Perfect Forward Secrecy (PFS) is disabled
6efbd1af-6549-46cb-a56f-b8a5e6e52799,IKEv2,Main,AES-256-CBC,256,MD5,2,RSA-Sig,Transport,True,86400,58,Moderate,Weak hash MD5; Weak DH group 2
6bb89453-509a-467c-9882-3e147c3c6d15,IKEv2,Main,AES-128-CBC,128,SHA1,5,PSK,Tunnel,False,28800,75,Weak,Weak hash SHA1; Weak DH group 5; Perfect Forward Secrecy (PFS) is disabled
66dd2e55-3dff-45bf-a059-f5c25944d7ef,IKEv2,Main,AES-128-CBC,128,SHA1,14,PSK,Transport,True,28800,34,Strong,Weak hash SHA1
561c90f1-15c0-4e25-aec5-d4722fc482ed,IKEv2,Main,AES-128-CBC,128,SHA256,5,ECDSA-Sig,Tunnel,False,86400,47,Moderate,Weak DH group 5; Perfect Forward Secrecy (PFS) is disabled
3f7cdae2-b9dc-4827-932d-47b0c6d9f9f3,IKEv1,Quick,ChaCha20-Poly1305,256,SHA384,14,PSK,Transport,True,3600,18,Low,Legacy IKEv1 used
e00bfbf1-9d1b-428e-8be0-54ac9e37a11e,IKEv1,Main,AES-256-CBC,256,SHA512,31,PSK,Transport,False,28800,37,Strong,Legacy IKEv1 used; Perfect Forward Secrecy (PFS) is disabled
b2d72591-21d3-49d0-8e93-360f2c156998,IKEv2,Main,AES-256-CBC,256,SHA512,20,ECDSA-Sig,Transport,False,28800,22,Strong,Perfect Forward Secrecy (PFS) is disabled
a7a318d4-3f89-4bcf-aa45-18911b8d919c,IKEv2,Main,AES-256-CBC,256,SHA384,19,PSK,Tunnel,True,86400,5,Low,None
8d07f1bb-21ff-49ff-9393-932d4f8783a1,IKEv2,Main,ChaCha20-Poly1305,256,SHA384,5,PSK,Transport,True,3600,26,Strong,Weak DH group 5
b7bdf24e-12a2-44dd-9da4-8f6a0c52646e,IKEv2,Main,AES-256-CBC,256,SHA512,14,PSK,Transport,True,28800,4,Low,None
16075cf0-44f1-40a5-96e5-68bf147f65ba,IKEv2,Main,3DES,112,SHA512,20,RSA-Sig,Tunnel,True,86400,38,Strong,Weak encryption 3DES
f4d4699c-c635-4d06-8043-34f4cf3c9985,IKEv2,Main,AES-128-CBC,128,SHA512,14,RSA-Sig,Transport,False,86400,22,Strong,Perfect Forward Secrecy (PFS) is disabled
2837d0fd-f7a4-49fd-97be-a0ed9f5efbef,IKEv1,Quick,AES-128-CBC,128,SHA256,20,RSA-Sig,Transport,True,86400,19,Low,Legacy IKEv1 used
3cc2e914-d4ef-4c9c-a8fc-2ad6eabc37b3,IKEv2,Main,DES,56,SHA384,2,RSA-Sig,Tunnel,False,86400,90,Critical,Weak encryption DES; Weak DH group 2; Perfect Forward Secrecy (PFS) is disabled
2d7d6c07-9e8f-4adb-8a54-a3c3e27f1172,IKEv2,Main,AES-256-GCM,256,SHA1,14,PSK,Transport,False,3600,47,Moderate,Weak hash SHA1; Perfect Forward Secrecy (PFS) is disabled
f296b262-971c-48e7-8139-296cc787f106,IKEv2,Main,3DES,112,SHA384,5,RSA-Sig,Transport,True,86400,74,Weak,Weak encryption 3DES; Weak DH group 5
5996731d-972a-49f8-aea2-835aa1f6bfca,IKEv2,Main,AES-256-GCM,256,SHA256,21,PSK,Transport,False,86400,24,Strong,Perfect Forward Secrecy (PFS) is disabled
8a9499ff-c8b6-4ad7-b48e-579573587aad,IKEv2,Main,3DES,112,SHA1,14,PSK,Transport,False,28800,86,Critical,Weak encryption 3DES; Weak hash SHA1; Perfect Forward Secrecy (PFS) is disabled
fb510ab0-1481-4789-97e6-7213aed0138a,IKEv1,Quick,AES-128-CBC,128,MD5,5,ECDSA-Sig,Tunnel,False,86400,97,Critical,Legacy IKEv1 used; Weak hash MD5; Weak DH group 5; Perfect Forward Secrecy (PFS) is disabled
fe013671-29fb-409e-aa21-52882120f771,IKEv1,Aggressive,AES-256-CBC,256,MD5,1,ECDSA-Sig,Transport,False,3600,100,Critical,Legacy IKEv1 used; IKEv1 Aggressive mode vulnerable to offline dictionary attacks; Weak hash MD5; Weak DH group 1; Perfect Forward Secrecy (PFS) is disabled
cb446662-f028-453b-bcb6-f82b06a24d7a,IKEv2,Main,AES-256-GCM,256,SHA1,21,RSA-Sig,Transport,False,86400,46,Moderate,Weak hash SHA1; Perfect Forward Secrecy (PFS) is disabled
bee28471-55ca-4d67-a6db-85c8aa1b3698,IKEv1,Aggressive,AES-128-CBC,128,SHA256,19,ECDSA-Sig,Transport,True,28800,54,Moderate,Legacy IKEv1 used; IKEv1 Aggressive mode vulnerable to offline dictionary attacks
7f984edb-2ecb-4a1e-93f6-eecf5ad6f34d,IKEv2,Main,ChaCha20-Poly1305,256,SHA1,1,RSA-Sig,Transport,False,28800,75,Weak,Weak hash SHA1; Weak DH group 1; Perfect Forward Secrecy (PFS) is disabled
afda890f-aa43-40bd-9f45-6d1fbad2a7e4,IKEv2,Main,AES-256-CBC,256,MD5,31,PSK,Transport,False,28800,49,Moderate,Weak hash MD5; Perfect Forward Secrecy (PFS) is disabled
bedcd307-f705-4eac-8a76-3ceed79be5b4,IKEv1,Main,DES,56,SHA1,21,PSK,Transport,False,3600,100,Critical,Legacy IKEv1 used; Weak encryption DES; Weak hash SHA1; Perfect Forward Secrecy (PFS) is disabled
09b99b75-cace-4738-8577-6841ea87df89,IKEv2,Main,AES-256-CBC,256,SHA1,5,ECDSA-Sig,Tunnel,False,28800,85,Critical,Weak hash SHA1; Weak DH group 5; Perfect Forward Secrecy (PFS) is disabled
5737910c-d2a4-4462-a217-e970307b3125,IKEv1,Main,3DES,112,SHA384,31,PSK,Transport,False,3600,81,Critical,Legacy IKEv1 used; Weak encryption 3DES; Perfect Forward Secrecy (PFS) is disabled
ff402093-d638-4898-9656-34ada3d76684,IKEv2,Main,DES,56,SHA1,31,ECDSA-Sig,Transport,False,3600,91,Critical,Weak encryption DES; Weak hash SHA1; Perfect Forward Secrecy (PFS) is disabled
54acf9f2-7abf-4a95-975e-3df79ea86c71,IKEv2,Main,AES-256-CBC,256,SHA256,2,ECDSA-Sig,Tunnel,False,28800,48,Moderate,Weak DH group 2; Perfect Forward Secrecy (PFS) is disabled
77cc5040-1f56-439e-bd34-2d26a5910b2f,IKEv1,Main,AES-256-CBC,256,SHA384,19,ECDSA-Sig,Transport,True,28800,16,Low,Legacy IKEv1 used
a22fb223-e48e-4121-b331-cbfbe94b70ae,IKEv2,Main,AES-256-GCM,256,SHA1,31,RSA-Sig,Transport,False,28800,54,Moderate,Weak hash SHA1; Perfect Forward Secrecy (PFS) is disabled
c67bf0f1-523c-4bc7-b977-3316369424b4,IKEv2,Main,ChaCha20-Poly1305,256,SHA384,19,RSA-Sig,Transport,True,3600,5,Low,None
1100db89-2688-4688-a262-75a41e442894,IKEv2,Main,DES,56,MD5,19,RSA-Sig,Transport,True,86400,68,Weak,Weak encryption DES; Weak hash MD5
db7ccc35-3751-40f5-8ce4-d90a5b6dbb0b,IKEv1,Quick,AES-128-CBC,128,SHA512,14,PSK,Transport,True,28800,16,Low,Legacy IKEv1 used
cd077506-5f14-4783-8bf2-e85e28d3eed0,IKEv2,Main,ChaCha20-Poly1305,256,SHA384,31,PSK,Tunnel,True,28800,0,Low,None
91508eaf-7972-4a8c-9304-53d8a767f8af,IKEv1,Aggressive,AES-256-CBC,256,MD5,1,RSA-Sig,Tunnel,False,28800,100,Critical,Legacy IKEv1 used; IKEv1 Aggressive mode vulnerable to offline dictionary attacks; Weak hash MD5; Weak DH group 1; Perfect Forward Secrecy (PFS) is disabled
e5b1770a-39f2-4f13-8ef6-81d2179aa7c2,IKEv2,Main,AES-128-CBC,128,SHA384,21,ECDSA-Sig,Transport,True,86400,4,Low,None
0e1dbbab-5c23-4f39-af13-4af63138b375,IKEv1,Quick,AES-128-CBC,128,MD5,14,ECDSA-Sig,Transport,False,28800,66,Weak,Legacy IKEv1 used; Weak hash MD5; Perfect Forward Secrecy (PFS) is disabled
2b0af646-5912-40b3-87c5-65b979d4629c,IKEv2,Main,AES-256-GCM,256,SHA256,14,ECDSA-Sig,Tunnel,True,3600,4,Low,None
8fbe3e4e-38b3-4718-9af2-d655380cbffa,IKEv1,Main,ChaCha20-Poly1305,256,SHA1,19,PSK,Transport,True,3600,45,Moderate,Legacy IKEv1 used; Weak hash SHA1
33b403b2-a177-4574-b8c1-b09cdf5f5687,IKEv2,Main,DES,56,SHA384,14,ECDSA-Sig,Transport,True,86400,40,Moderate,Weak encryption DES
13e694b9-7440-439c-b966-b88675c10749,IKEv2,Main,AES-128-CBC,128,SHA512,20,RSA-Sig,Transport,True,28800,3,Low,None
4dac7c0e-cc4d-4c3a-a36e-03761a05e083,IKEv2,Main,3DES,112,SHA512,21,PSK,Tunnel,False,3600,61,Weak,Weak encryption 3DES; Perfect Forward Secrecy (PFS) is disabled
559babde-d071-4260-8641-057a941bd01f,IKEv2,Main,AES-256-GCM,256,SHA256,1,ECDSA-Sig,Transport,True,3600,35,Strong,Weak DH group 1
8508c693-6050-4297-8bb2-18e8e7f114d9,IKEv2,Main,AES-256-CBC,256,SHA384,19,PSK,Tunnel,False,86400,20,Strong,Perfect Forward Secrecy (PFS) is disabled
005f95af-f72a-49ca-a532-554b99940a94,IKEv2,Main,ChaCha20-Poly1305,256,SHA256,19,ECDSA-Sig,Tunnel,True,3600,0,Low,None
3cf20afa-9706-4d9d-b3eb-ff098032ebf7,IKEv1,Quick,AES-256-GCM,256,SHA512,20,ECDSA-Sig,Tunnel,False,28800,43,Moderate,Legacy IKEv1 used; Perfect Forward Secrecy (PFS) is disabled
807c28e3-8a67-4910-a708-cde8fecdf54a,IKEv2,Main,AES-128-CBC,128,SHA1,21,ECDSA-Sig,Tunnel,False,3600,55,Moderate,Weak hash SHA1; Perfect Forward Secrecy (PFS) is disabled
29ac75d0-7198-479e-b1d0-aeccad72e70f,IKEv1,Quick,AES-128-CBC,128,SHA384,21,ECDSA-Sig,Tunnel,False,86400,40,Moderate,Legacy IKEv1 used; Perfect Forward Secrecy (PFS) is disabled
485d6ac6-c12d-449b-8c9d-b80de50f5bb7,IKEv2,Main,AES-128-CBC,128,SHA256,20,RSA-Sig,Tunnel,True,28800,0,Low,None
21189f8c-50de-4c08-9655-662a46a8a323,IKEv1,Aggressive,DES,56,SHA1,14,PSK,Tunnel,False,86400,100,Critical,Legacy IKEv1 used; IKEv1 Aggressive mode vulnerable to offline dictionary attacks; Weak encryption DES; Weak hash SHA1; PSK with Aggressive Mode is highly risky; Perfect Forward Secrecy (PFS) is disabled
6c18ac32-adf9-47e4-913a-d4367b020023,IKEv1,Quick,AES-128-CBC,128,SHA512,14,PSK,Transport,False,28800,42,Moderate,Legacy IKEv1 used; Perfect Forward Secrecy (PFS) is disabled
71b40064-0073-49e3-98d7-c8b7b21211a0,IKEv2,Main,AES-128-CBC,128,SHA256,19,PSK,Transport,True,3600,0,Low,None
e6dbb705-125c-4c57-9cc5-e6f5714b548e,IKEv2,Main,AES-256-GCM,256,MD5,14,RSA-Sig,Transport,True,3600,31,Strong,Weak hash MD5
dce49fbf-f903-42b8-9cbb-9842a6a6c69c,IKEv2,Main,3DES,112,SHA256,14,RSA-Sig,Tunnel,True,3600,40,Moderate,Weak encryption 3DES
555f7db6-6328-4d3e-8762-4eadb99302bb,IKEv1,Quick,DES,56,SHA1,1,RSA-Sig,Tunnel,True,3600,100,Critical,Legacy IKEv1 used; Weak encryption DES; Weak hash SHA1; Weak DH group 1
3c5b8107-52e5-4bc6-aab4-fd8536490741,IKEv2,Main,ChaCha20-Poly1305,256,SHA256,20,PSK,Tunnel,False,28800,22,Strong,Perfect Forward Secrecy (PFS) is disabled
701aa705-a281-4ff8-ab38-9c71e7fff94f,IKEv2,Main,AES-256-GCM,256,SHA512,21,RSA-Sig,Transport,True,86400,0,Low,None
803ad650-7e37-417c-a7c4-a4b413138642,IKEv1,Quick,AES-256-GCM,256,SHA384,2,RSA-Sig,Transport,True,3600,51,Moderate,Legacy IKEv1 used; Weak DH group 2
ab91f2ad-f675-437f-9b54-822c070c869a,IKEv2,Main,ChaCha20-Poly1305,256,MD5,2,PSK,Tunnel,False,28800,77,Weak,Weak hash MD5; Weak DH group 2; Perfect Forward Secrecy (PFS) is disabled
24878086-5b08-43de-9fe6-47a9ce8a1eb8,IKEv1,Main,3DES,112,SHA256,14,PSK,Tunnel,False,3600,83,Critical,Legacy IKEv1 used; Weak encryption 3DES; Perfect Forward Secrecy (PFS) is disabled
9d93b7c7-333a-4807-a458-c620d2206506,IKEv2,Main,AES-256-CBC,256,MD5,14,ECDSA-Sig,Transport,False,3600,55,Moderate,Weak hash MD5; Perfect Forward Secrecy (PFS) is disabled
878b0cee-ab68-4ccc-97cc-386dd57fa63c,IKEv1,Aggressive,DES,56,SHA512,5,PSK,Transport,True,28800,100,Critical,Legacy IKEv1 used; IKEv1 Aggressive mode vulnerable to offline dictionary attacks; Weak encryption DES; Weak DH group 5; PSK with Aggressive Mode is highly risky
94702655-e070-4438-bf8d-6c0928f802a3,IKEv2,Main,AES-128-CBC,128,SHA256,31,RSA-Sig,Tunnel,False,3600,24,Strong,Perfect Forward Secrecy (PFS) is disabled
2a7df121-6ebd-4ab9-a693-4c21693df69c,IKEv1,Quick,AES-128-CBC,128,SHA256,21,PSK,Tunnel,True,28800,23,Strong,Legacy IKEv1 used
c3d9950a-f9ba-4cdf-bf5a-053a7109e037,IKEv2,Main,DES,56,SHA384,20,RSA-Sig,Transport,True,28800,42,Moderate,Weak encryption DES
99cd40ff-daaa-4e7f-9b41-f4ae3593acc7,IKEv2,Main,ChaCha20-Poly1305,256,SHA384,2,RSA-Sig,Tunnel,True,86400,32,Strong,Weak DH group 2
47e40b96-6c15-4fb3-87ad-6c1e6c8e334e,IKEv2,Main,3DES,112,SHA1,21,RSA-Sig,Tunnel,False,28800,91,Critical,Weak encryption 3DES; Weak hash SHA1; Perfect Forward Secrecy (PFS) is disabled
4b39b01d-b0f4-46e9-9134-ffa74571f7bc,IKEv2,Main,ChaCha20-Poly1305,256,SHA256,19,RSA-Sig,Tunnel,False,3600,24,Strong,Perfect Forward Secrecy (PFS) is disabled
8eafdd4a-21c5-40c7-b569-835df7559434,IKEv1,Aggressive,DES,56,SHA1,19,RSA-Sig,Transport,True,86400,100,Critical,Legacy IKEv1 used; IKEv1 Aggressive mode vulnerable to offline dictionary attacks; Weak encryption DES; Weak hash SHA1
8f37363b-9a32-460a-ac33-b9aee62dadad,IKEv2,Main,AES-256-GCM,256,SHA384,21,PSK,Tunnel,True,28800,0,Low,None
1068e2c7-20ce-414b-b176-706815f12d62,IKEv2,Main,3DES,112,SHA384,21,PSK,Transport,False,28800,58,Moderate,Weak encryption 3DES; Perfect Forward Secrecy (PFS) is disabled
5edccdf5-162d-47bf-b759-d851acd6a926,IKEv2,Main,AES-128-CBC,128,SHA1,14,RSA-Sig,Tunnel,False,3600,46,Moderate,Weak hash SHA1; Perfect Forward Secrecy (PFS) is disabled
2f32bbb7-7b95-459c-94bc-36b17286d1e9,IKEv2,Main,3DES,112,SHA256,14,ECDSA-Sig,Transport,False,3600,59,Moderate,Weak encryption 3DES; Perfect Forward Secrecy (PFS) is disabled
64bfc582-39db-4a0c-b2fb-6410e5eb57b6,IKEv2,Main,ChaCha20-Poly1305,256,SHA1,14,ECDSA-Sig,Transport,False,3600,52,Moderate,Weak hash SHA1; Perfect Forward Secrecy (PFS) is disabled
1904d039-9f99-40b8-b4b7-56d2591b799d,IKEv2,Main,AES-256-GCM,256,SHA256,31,ECDSA-Sig,Transport,True,86400,0,Low,None
caada80f-456e-4c43-bc01-61b034ba739c,IKEv2,Main,DES,56,SHA1,19,RSA-Sig,Transport,True,86400,72,Weak,Weak encryption DES; Weak hash SHA1
262d1a7f-3118-45b2-95a7-a2af1df9d948,IKEv2,Main,AES-256-GCM,256,SHA256,2,ECDSA-Sig,Tunnel,False,86400,54,Moderate,Weak DH group 2; Perfect Forward Secrecy (PFS) is disabled
077a88a6-5287-4ae3-b6d0-01ec9f09bde2,IKEv2,Main,AES-128-CBC,128,SHA256,5,RSA-Sig,Transport,True,86400,34,Strong,Weak DH group 5
64670a67-d84f-4ec9-82d8-df7f7d1c03cd,IKEv2,Main,AES-256-CBC,256,SHA512,19,ECDSA-Sig,Tunnel,False,86400,25,Strong,Perfect Forward Secrecy (PFS) is disabled
421c4118-2095-4d2c-9e45-24b8d62a99c4,IKEv1,Quick,AES-256-CBC,256,SHA256,19,ECDSA-Sig,Tunnel,False,86400,41,Moderate,Legacy IKEv1 used; Perfect Forward Secrecy (PFS) is disabled
0d89e7da-17fe-4fc8-8bba-0c53c7be0230,IKEv2,Main,AES-128-CBC,128,MD5,14,RSA-Sig,Tunnel,True,3600,30,Strong,Weak hash MD5
af83198f-23e5-4f5f-bc29-f1385cc4f9ad,IKEv2,Main,ChaCha20-Poly1305,256,SHA1,1,RSA-Sig,Transport,True,3600,55,Moderate,Weak hash SHA1; Weak DH group 1
74315b3d-28f7-425c-8e0a-e1565aaa90b6,IKEv2,Main,3DES,112,SHA256,31,RSA-Sig,Transport,False,3600,62,Weak,Weak encryption 3DES; Perfect Forward Secrecy (PFS) is disabled
9885b291-547d-4da6-8713-81ac2e970a34,IKEv1,Main,DES,56,SHA384,2,RSA-Sig,Transport,False,3600,100,Critical,Legacy IKEv1 used; Weak encryption DES; Weak DH group 2; Perfect Forward Secrecy (PFS) is disabled
f41c3dff-f047-4797-a3bd-f80a89ec1888,IKEv1,Quick,AES-128-CBC,128,SHA512,5,PSK,Transport,False,3600,67,Weak,Legacy IKEv1 used; Weak DH group 5; Perfect Forward Secrecy (PFS) is disabled
f397773c-6bf9-46b6-88f4-a30faa840009,IKEv1,Aggressive,AES-128-CBC,128,SHA384,21,PSK,Transport,True,86400,72,Weak,Legacy IKEv1 used; IKEv1 Aggressive mode vulnerable to offline dictionary attacks; PSK with Aggressive Mode is highly risky
e2c046f4-741c-4f84-874f-74ee3b9bddb8,IKEv2,Main,DES,56,SHA384,14,PSK,Transport,False,3600,58,Moderate,Weak encryption DES; Perfect Forward Secrecy (PFS) is disabled
6b254762-ab0b-4dea-80be-6e724260c5ca,IKEv1,Quick,3DES,112,SHA512,19,PSK,Tunnel,False,28800,80,Critical,Legacy IKEv1 used; Weak encryption 3DES; Perfect Forward Secrecy (PFS) is disabled
2ec13217-7c1e-40e6-80e2-a9a1d43d5678,IKEv2,Main,3DES,112,SHA1,2,ECDSA-Sig,Tunnel,False,86400,100,Critical,Weak encryption 3DES; Weak hash SHA1; Weak DH group 2; Perfect Forward Secrecy (PFS) is disabled
943d0887-9185-40a6-baad-c3a8f25d4403,IKEv2,Main,AES-256-GCM,256,SHA1,21,PSK,Tunnel,True,86400,30,Strong,Weak hash SHA1
ab0868c4-ba96-4ffb-8d55-edd3534837de,IKEv2,Main,AES-256-GCM,256,SHA1,20,RSA-Sig,Transport,True,3600,29,Strong,Weak hash SHA1
7ed66013-3db8-4bd3-ad15-3d42538c3012,IKEv2,Main,AES-128-CBC,128,SHA256,2,ECDSA-Sig,Transport,False,86400,54,Moderate,Weak DH group 2; Perfect Forward Secrecy (PFS) is disabled
5fe21cc6-b107-4786-8cec-e0f77c2b9dd4,IKEv2,Main,AES-256-CBC,256,SHA256,14,PSK,Transport,True,3600,0,Low,None
1f69c778-4836-4e53-9ea3-3201c404e218,IKEv2,Main,3DES,112,SHA256,31,RSA-Sig,Tunnel,False,86400,63,Weak,Weak encryption 3DES; Perfect Forward Secrecy (PFS) is disabled
2ad602d9-2f6d-4738-a5f8-c70753083c96,IKEv2,Main,ChaCha20-Poly1305,256,SHA384,31,ECDSA-Sig,Transport,True,28800,0,Low,None
61d2851b-5277-4dc4-b244-dfbb365c408b,IKEv1,Quick,ChaCha20-Poly1305,256,SHA512,2,PSK,Tunnel,True,3600,53,Moderate,Legacy IKEv1 used; Weak DH group 2
df2cd7e8-4299-4716-a051-17d37774004d,IKEv2,Main,AES-128-CBC,128,SHA256,5,ECDSA-Sig,Transport,False,3600,48,Moderate,Weak DH group 5; Perfect Forward Secrecy (PFS) is disabled
b01aa53d-e098-4817-88e3-33c82142caec,IKEv2,Main,DES,56,SHA512,1,ECDSA-Sig,Tunnel,True,3600,66,Weak,Weak encryption DES; Weak DH group 1
2a1ce18f-586b-4390-8694-deb26d5a7e41,IKEv1,Quick,AES-128-CBC,128,SHA1,21,RSA-Sig,Transport,False,86400,68,Weak,Legacy IKEv1 used; Weak hash SHA1; Perfect Forward Secrecy (PFS) is disabled
bf4bd7f0-d42e-4f5b-bc11-c6ccf8980e5f,IKEv1,Main,AES-256-GCM,256,SHA512,1,ECDSA-Sig,Tunnel,False,3600,71,Weak,Legacy IKEv1 used; Weak DH group 1; Perfect Forward Secrecy (PFS) is disabled
0ec64da9-ae9b-415f-a6eb-ddd0512da09b,IKEv2,Main,AES-256-CBC,256,SHA512,20,PSK,Transport,True,3600,2,Low,None
2d73d93b-497e-40d6-802d-1af8b1a8d13d,IKEv1,Aggressive,3DES,112,MD5,20,ECDSA-Sig,Tunnel,True,28800,100,Critical,Legacy IKEv1 used; IKEv1 Aggressive mode vulnerable to offline dictionary attacks; Weak encryption 3DES; Weak hash MD5
06caeb69-a33e-4c20-a31f-c20acb4d9e32,IKEv1,Quick,ChaCha20-Poly1305,256,SHA1,31,ECDSA-Sig,Tunnel,True,86400,48,Moderate,Legacy IKEv1 used; Weak hash SHA1
c8fa8e78-d2bd-4dc6-a74e-fb8c3cba4d38,IKEv1,Quick,3DES,112,MD5,14,PSK,Transport,True,86400,92,Critical,Legacy IKEv1 used; Weak encryption 3DES; Weak hash MD5
54100ca2-e6d8-4598-bac4-bb6f09ad76cb,IKEv2,Main,AES-256-CBC,256,MD5,19,PSK,Transport,False,86400,55,Moderate,Weak hash MD5; Perfect Forward Secrecy (PFS) is disabled
2150a2ec-e892-45fe-9ef1-ae84069441dd,IKEv2,Main,3DES,112,SHA512,5,ECDSA-Sig,Tunnel,True,28800,72,Weak,Weak encryption 3DES; Weak DH group 5
f0bd5497-bb3b-429d-adad-5ebcded59b53,IKEv2,Main,DES,56,SHA1,5,PSK,Transport,False,86400,100,Critical,Weak encryption DES; Weak hash SHA1; Weak DH group 5; Perfect Forward Secrecy (PFS) is disabled
b6f4863b-0460-49a7-8902-952a3b90197c,IKEv2,Main,DES,56,SHA512,19,RSA-Sig,Tunnel,False,28800,55,Moderate,Weak encryption DES; Perfect Forward Secrecy (PFS) is disabled
9470abb9-dad8-46fd-94c6-f2d8b52b575a,IKEv2,Main,AES-128-CBC,128,SHA1,2,RSA-Sig,Tunnel,False,28800,76,Weak,Weak hash SHA1; Weak DH group 2; Perfect Forward Secrecy (PFS) is disabled
86499d25-da54-40ae-a920-f73f866c7ea7,IKEv1,Main,DES,56,SHA384,21,PSK,Tunnel,True,28800,59,Moderate,Legacy IKEv1 used; Weak encryption DES
61c91491-61d7-4e71-9dd5-d2eaa36e0ee2,IKEv2,Main,AES-128-CBC,128,MD5,14,PSK,Tunnel,True,86400,28,Strong,Weak hash MD5
a25d7832-792c-4c95-8b90-f8ab7b68b6e6,IKEv2,Main,3DES,112,SHA512,19,RSA-Sig,Tunnel,False,3600,61,Weak,Weak encryption 3DES; Perfect Forward Secrecy (PFS) is disabled
7cc68df3-c66b-487e-be64-040b34bb4e26,IKEv1,Quick,ChaCha20-Poly1305,256,MD5,20,PSK,Tunnel,True,3600,48,Moderate,Legacy IKEv1 used; Weak hash MD5
dccf8e2b-c292-43bf-b710-df20176dfec9,IKEv1,Main,AES-256-CBC,256,SHA512,14,PSK,Transport,False,3600,39,Strong,Legacy IKEv1 used; Perfect Forward Secrecy (PFS) is disabled
774c3b0d-91a1-4d91-87f0-f706006bb73a,IKEv2,Main,3DES,112,SHA384,21,ECDSA-Sig,Transport,False,86400,65,Weak,Weak encryption 3DES; Perfect Forward Secrecy (PFS) is disabled
1ec7f746-3764-4fcf-bcdb-d426b6628352,IKEv1,Main,ChaCha20-Poly1305,256,SHA1,5,PSK,Tunnel,True,3600,84,Critical,Legacy IKEv1 used; Weak hash SHA1; Weak DH group 5
73b5ff81-15cb-42f0-9972-d07f4d1c320f,IKEv1,Quick,DES,56,SHA512,2,PSK,Tunnel,False,86400,100,Critical,Legacy IKEv1 used; Weak encryption DES; Weak DH group 2; Perfect Forward Secrecy (PFS) is disabled
509c3247-da31-4306-941c-82e847f663fc,IKEv2,Main,ChaCha20-Poly1305,256,SHA256,2,ECDSA-Sig,Transport,True,28800,32,Strong,Weak DH group 2
df57f73c-3989-4c15-98c1-d7732c97348d,IKEv2,Main,AES-256-GCM,256,SHA256,20,ECDSA-Sig,Transport,True,28800,3,Low,None
add21dcc-2de2-4f88-8e89-c6069364aecd,IKEv1,Main,AES-256-CBC,256,MD5,14,ECDSA-Sig,Tunnel,True,28800,53,Moderate,Legacy IKEv1 used; Weak hash MD5
2fd3550d-668b-4aa0-84ec-8d2598f7cc8f,IKEv1,Aggressive,AES-256-CBC,256,SHA256,1,PSK,Transport,True,28800,100,Critical,Legacy IKEv1 used; IKEv1 Aggressive mode vulnerable to offline dictionary attacks; Weak DH group 1; PSK with Aggressive Mode is highly risky
7359c7ce-b06f-4158-a674-6ee5cb64feec,IKEv1,Aggressive,AES-256-CBC,256,SHA384,5,RSA-Sig,Tunnel,True,3600,81,Critical,Legacy IKEv1 used; IKEv1 Aggressive mode vulnerable to offline dictionary attacks; Weak DH group 5
14e67feb-ae24-4102-b6f7-f039fdbb2d61,IKEv2,Main,AES-128-CBC,128,SHA1,2,PSK,Transport,False,28800,83,Critical,Weak hash SHA1; Weak DH group 2; Perfect Forward Secrecy (PFS) is disabled
a94afc0c-b384-4c59-af0f-3d6f61317b62,IKEv2,Main,AES-256-GCM,256,MD5,21,PSK,Transport,False,86400,50,Moderate,Weak hash MD5; Perfect Forward Secrecy (PFS) is disabled
eab7e943-8a78-48a6-8769-6c608c2fda1c,IKEv2,Main,AES-128-CBC,128,SHA1,14,ECDSA-Sig,Tunnel,False,3600,50,Moderate,Weak hash SHA1; Perfect Forward Secrecy (PFS) is disabled
e852b98f-cdd7-477e-aec3-190089c6fffe,IKEv1,Aggressive,AES-256-GCM,256,SHA256,31,ECDSA-Sig,Transport,False,28800,72,Weak,Legacy IKEv1 used; IKEv1 Aggressive mode vulnerable to offline dictionary attacks; Perfect Forward Secrecy (PFS) is disabled
19a6f4db-6395-40e3-a92b-e8352a595bf2,IKEv2,Main,DES,56,SHA512,1,PSK,Tunnel,False,28800,89,Critical,Weak encryption DES; Weak DH group 1; Perfect Forward Secrecy (PFS) is disabled
6ec84ba1-8f7d-4d4e-8fb0-e02e635784d8,IKEv1,Quick,AES-128-CBC,128,SHA512,31,ECDSA-Sig,Tunnel,True,86400,19,Low,Legacy IKEv1 used
38fa8e72-e6b4-493e-aac8-72382ca03e4b,IKEv1,Quick,AES-256-CBC,256,MD5,5,ECDSA-Sig,Transport,True,3600,79,Weak,Legacy IKEv1 used; Weak hash MD5; Weak DH group 5
6306c1c8-204e-419f-9c5d-a30324689f71,IKEv1,Main,DES,56,SHA256,21,PSK,Tunnel,False,3600,78,Weak,Legacy IKEv1 used; Weak encryption DES; Perfect Forward Secrecy (PFS) is disabled
c7fb70a6-e71a-4683-9504-e5b7731c63c6,IKEv2,Main,AES-128-CBC,128,SHA384,21,RSA-Sig,Tunnel,False,28800,16,Low,Perfect Forward Secrecy (PFS) is disabled
3cfc7eb9-8391-4c67-92d7-19b957952ed2,IKEv2,Main,AES-256-GCM,256,SHA512,21,ECDSA-Sig,Tunnel,False,86400,18,Low,Perfect Forward Secrecy (PFS) is disabled
2f0f801f-ed9a-4730-82a0-ed5f574e2e0f,IKEv2,Main,ChaCha20-Poly1305,256,SHA1,21,ECDSA-Sig,Transport,True,86400,30,Strong,Weak hash SHA1
bf3f85e7-22a4-40df-8d4f-477b158f498f,IKEv2,Main,AES-128-CBC,128,SHA512,1,RSA-Sig,Transport,False,3600,46,Moderate,Weak DH group 1; Perfect Forward Secrecy (PFS) is disabled
e458be83-3d2b-45f5-845a-8891452a97d1,IKEv1,Aggressive,AES-256-CBC,256,MD5,19,PSK,Transport,False,86400,100,Critical,Legacy IKEv1 used; IKEv1 Aggressive mode vulnerable to offline dictionary attacks; Weak hash MD5; PSK with Aggressive Mode is highly risky; Perfect Forward Secrecy (PFS) is disabled
b48aaff7-f3f6-43e4-8c64-da82ac1e71b0,IKEv2,Main,DES,56,SHA512,2,RSA-Sig,Transport,True,3600,67,Weak,Weak encryption DES; Weak DH group 2
bb82f089-1a32-416f-9169-eefe4e704787,IKEv1,Main,DES,56,SHA256,20,RSA-Sig,Tunnel,True,28800,58,Moderate,Legacy IKEv1 used; Weak encryption DES
aaa9df45-73eb-44f0-9b93-b268aabc8b86,IKEv2,Main,ChaCha20-Poly1305,256,SHA512,14,PSK,Tunnel,True,28800,0,Low,None
1828499d-7636-481a-97d0-52b1d249c7ab,IKEv1,Aggressive,3DES,112,MD5,5,PSK,Transport,False,86400,100,Critical,Legacy IKEv1 used; IKEv1 Aggressive mode vulnerable to offline dictionary attacks; Weak encryption 3DES; Weak hash MD5; Weak DH group 5; PSK with Aggressive Mode is highly risky; Perfect Forward Secrecy (PFS) is disabled
ddb2c1ce-0dbd-4ff5-bdcd-bd12ca3d02df,IKEv2,Main,AES-256-GCM,256,SHA1,20,RSA-Sig,Tunnel,True,3600,29,Strong,Weak hash SHA1
66cb670d-4155-4807-b5f2-305122c8a793,IKEv2,Main,AES-256-CBC,256,SHA256,1,PSK,Transport,True,3600,34,Strong,Weak DH group 1
50070f7a-9812-42e0-b1e7-559e02a33d4e,IKEv2,Main,3DES,112,MD5,5,RSA-Sig,Transport,False,28800,100,Critical,Weak encryption 3DES; Weak hash MD5; Weak DH group 5; Perfect Forward Secrecy (PFS) is disabled
18ef543a-f457-491a-8b7f-c591ebb17bc2,IKEv2,Main,AES-256-GCM,256,SHA256,20,PSK,Transport,True,3600,4,Low,None
6444c1f4-1c88-4c0d-a006-13c5d271b9ab,IKEv1,Main,AES-256-CBC,256,SHA384,19,RSA-Sig,Tunnel,True,86400,19,Low,Legacy IKEv1 used
3255567f-36bf-4704-bc74-314954c6bfd3,IKEv2,Main,AES-256-CBC,256,SHA1,1,ECDSA-Sig,Transport,False,28800,76,Weak,Weak hash SHA1; Weak DH group 1; Perfect Forward Secrecy (PFS) is disabled
deca8e64-f36c-4b50-b179-4071aa8257c8,IKEv1,Aggressive,3DES,112,SHA1,31,PSK,Tunnel,False,28800,100,Critical,Legacy IKEv1 used; IKEv1 Aggressive mode vulnerable to offline dictionary attacks; Weak encryption 3DES; Weak hash SHA1; PSK with Aggressive Mode is highly risky; Perfect Forward Secrecy (PFS) is disabled
9e1d2441-f918-479d-8000-800b4e9b2254,IKEv2,Main,DES,56,SHA512,5,ECDSA-Sig,Tunnel,False,3600,89,Critical,Weak encryption DES; Weak DH group 5; Perfect Forward Secrecy (PFS) is disabled
753cc881-fdcd-48b6-a43d-cdaeb266775a,IKEv2,Main,ChaCha20-Poly1305,256,SHA256,20,RSA-Sig,Transport,False,86400,18,Low,Perfect Forward Secrecy (PFS) is disabled
d2a177de-18c6-4145-8911-3e26ea82b92f,IKEv2,Main,3DES,112,SHA1,21,RSA-Sig,Transport,False,3600,90,Critical,Weak encryption 3DES; Weak hash SHA1; Perfect Forward Secrecy (PFS) is disabled
a2d36814-3064-46a1-80df-9ac29bd6a046,IKEv2,Main,DES,56,SHA384,2,ECDSA-Sig,Tunnel,True,28800,67,Weak,Weak encryption DES; Weak DH group 2
a5482eb1-41f1-48db-a0df-d915f0c5040f,IKEv2,Main,AES-128-CBC,128,SHA384,2,ECDSA-Sig,Transport,True,28800,29,Strong,Weak DH group 2
1f41a842-1c01-449a-b755-3288757e5183,IKEv2,Main,AES-128-CBC,128,MD5,20,PSK,Tunnel,False,86400,45,Moderate,Weak hash MD5; Perfect Forward Secrecy (PFS) is disabled
2fd444f4-e4d0-4024-bc21-1a2e4691c629,IKEv1,Aggressive,DES,56,SHA384,5,RSA-Sig,Transport,True,28800,100,Critical,Legacy IKEv1 used; IKEv1 Aggressive mode vulnerable to offline dictionary attacks; Weak encryption DES; Weak DH group 5
8cc694d5-38c8-4278-ab50-9d355f988f62,IKEv2,Main,ChaCha20-Poly1305,256,SHA512,5,PSK,Transport,False,3600,47,Moderate,Weak DH group 5; Perfect Forward Secrecy (PFS) is disabled
9d36b8ac-0feb-4927-ac9b-10fe43bd5ade,IKEv2,Main,3DES,112,SHA1,1,RSA-Sig,Transport,True,3600,99,Critical,Weak encryption 3DES; Weak hash SHA1; Weak DH group 1
deb1d4ca-393f-4d27-844e-f48f56088717,IKEv2,Main,ChaCha20-Poly1305,256,SHA256,31,ECDSA-Sig,Tunnel,True,28800,0,Low,None
950ae183-e623-47ff-b214-edb1e6df3b31,IKEv2,Main,AES-256-GCM,256,MD5,14,PSK,Tunnel,False,3600,45,Moderate,Weak hash MD5; Perfect Forward Secrecy (PFS) is disabled
acb2391b-7e31-4cbd-ade9-ff6993deb701,IKEv1,Main,AES-128-CBC,128,SHA512,19,ECDSA-Sig,Tunnel,False,28800,43,Moderate,Legacy IKEv1 used; Perfect Forward Secrecy (PFS) is disabled
be5bcd6b-35d8-4c45-9650-5c02bf5c3619,IKEv2,Main,DES,56,SHA384,2,ECDSA-Sig,Tunnel,True,86400,69,Weak,Weak encryption DES; Weak DH group 2
fd65385c-3e96-488a-97d1-1b7ebe14589e,IKEv2,Main,AES-256-CBC,256,SHA512,21,ECDSA-Sig,Transport,False,3600,17,Low,Perfect Forward Secrecy (PFS) is disabled
60b66491-8cb7-455b-badb-15394b0179e0,IKEv2,Main,ChaCha20-Poly1305,256,SHA256,2,RSA-Sig,Transport,True,3600,35,Strong,Weak DH group 2
b8015ef3-1312-4fb3-be3a-620a959b0ecb,IKEv2,Main,ChaCha20-Poly1305,256,MD5,14,PSK,Transport,True,3600,32,Strong,Weak hash MD5
3a04ff50-8134-4831-9437-79792bdef87b,IKEv2,Main,AES-128-CBC,128,SHA1,20,PSK,Tunnel,True,86400,26,Strong,Weak hash SHA1
ea6a5ae1-e62a-450a-94c8-9a61228dc78b,IKEv1,Quick,AES-256-CBC,256,SHA256,2,PSK,Tunnel,False,3600,65,Weak,Legacy IKEv1 used; Weak DH group 2; Perfect Forward Secrecy (PFS) is disabled
c2ad2c47-81d7-4af8-9822-fc5371dbc508,IKEv2,Main,AES-128-CBC,128,MD5,19,PSK,Transport,True,28800,34,Strong,Weak hash MD5
d85b6954-7ce1-4f27-8f4c-2e07b1ebbb96,IKEv1,Quick,ChaCha20-Poly1305,256,SHA512,2,ECDSA-Sig,Tunnel,True,86400,49,Moderate,Legacy IKEv1 used; Weak DH group 2
01c42c8e-7484-407e-b3ff-da7e1fceeabc,IKEv2,Main,DES,56,MD5,1,ECDSA-Sig,Tunnel,True,28800,100,Critical,Weak encryption DES; Weak hash MD5; Weak DH group 1
1bd3b24d-e7ac-4c0c-b8fc-03b30da8ef74,IKEv2,Main,3DES,112,SHA256,21,PSK,Tunnel,True,28800,42,Moderate,Weak encryption 3DES
db5b9314-b75b-4eb2-857e-29e59e7e8d56,IKEv2,Main,ChaCha20-Poly1305,256,SHA1,21,RSA-Sig,Transport,False,3600,52,Moderate,Weak hash SHA1; Perfect Forward Secrecy (PFS) is disabled
9fc9d1df-af76-402e-8e74-7a77406af4d6,IKEv2,Main,DES,56,MD5,2,ECDSA-Sig,Tunnel,True,28800,100,Critical,Weak encryption DES; Weak hash MD5; Weak DH group 2
73696d73-c255-4fd8-9cd2-13bfa9347c34,IKEv2,Main,AES-256-CBC,256,MD5,31,ECDSA-Sig,Transport,True,3600,27,Strong,Weak hash MD5
afa97192-a3ac-47ed-ae43-ead20963d11b,IKEv1,Quick,3DES,112,SHA1,2,ECDSA-Sig,Transport,False,86400,100,Critical,Legacy IKEv1 used; Weak encryption 3DES; Weak hash SHA1; Weak DH group 2; Perfect Forward Secrecy (PFS) is disabled
243765ac-5891-4dff-898b-94f95b9243f5,IKEv2,Main,DES,56,SHA384,20,ECDSA-Sig,Transport,True,86400,39,Strong,Weak encryption DES
fbb5ef3a-ba21-402f-be86-c41686e78e12,IKEv1,Main,AES-128-CBC,128,SHA512,20,PSK,Tunnel,False,28800,42,Moderate,Legacy IKEv1 used; Perfect Forward Secrecy (PFS) is disabled
6578f778-a7d6-47ca-83f4-905586e0ef6b,IKEv1,Main,AES-256-GCM,256,MD5,2,PSK,Transport,False,3600,96,Critical,Legacy IKEv1 used; Weak hash MD5; Weak DH group 2; Perfect Forward Secrecy (PFS) is disabled
0a9961a9-7790-4bde-8115-b7db69df9a0d,IKEv2,Main,DES,56,SHA512,2,RSA-Sig,Transport,False,86400,86,Critical,Weak encryption DES; Weak DH group 2; Perfect Forward Secrecy (PFS) is disabled
3d478bc0-d24c-4107-b944-22e163562733,IKEv1,Aggressive,AES-256-GCM,256,SHA1,19,PSK,Transport,False,3600,100,Critical,Legacy IKEv1 used; IKEv1 Aggressive mode vulnerable to offline dictionary attacks; Weak hash SHA1; PSK with Aggressive Mode is highly risky; Perfect Forward Secrecy (PFS) is disabled
81d5f441-3f83-47d9-9009-de755da7f843,IKEv2,Main,DES,56,MD5,20,PSK,Tunnel,True,28800,72,Weak,Weak encryption DES; Weak hash MD5
52cf98bd-80d5-40dc-8ad5-e0073409474e,IKEv2,Main,AES-128-CBC,128,SHA384,1,PSK,Tunnel,True,86400,26,Strong,Weak DH group 1
9a40669d-26f8-4cc0-ac61-845f3f74c219,IKEv1,Quick,AES-128-CBC,128,SHA1,14,RSA-Sig,Tunnel,False,28800,74,Weak,Legacy IKEv1 used; Weak hash SHA1; Perfect Forward Secrecy (PFS) is disabled
478d126f-f6dc-4a6b-8b9f-a9ef9d64751a,IKEv1,Main,3DES,112,SHA512,5,RSA-Sig,Tunnel,False,86400,100,Critical,Legacy IKEv1 used; Weak encryption 3DES; Weak DH group 5; Perfect Forward Secrecy (PFS) is disabled
1d802925-6ac4-4dc8-8d58-7fd731c82a8d,IKEv2,Main,DES,56,SHA384,1,ECDSA-Sig,Tunnel,True,3600,75,Weak,Weak encryption DES; Weak DH group 1
446f5c13-6670-46a8-b6a8-4482613de84c,IKEv2,Main,AES-128-CBC,128,SHA384,14,PSK,Transport,True,28800,0,Low,None
e63c00ab-56f1-421f-a9cc-7ea3ab2288bf,IKEv2,Main,AES-256-GCM,256,MD5,1,PSK,Transport,False,28800,77,Weak,Weak hash MD5; Weak DH group 1; Perfect Forward Secrecy (PFS) is disabled
c89ebc8c-459b-4de1-8946-5c237c4c2090,IKEv2,Main,AES-256-CBC,256,SHA384,31,ECDSA-Sig,Tunnel,False,86400,17,Low,Perfect Forward Secrecy (PFS) is disabled
c018df59-a900-4023-9c5e-22be6c6fbdbc,IKEv1,Aggressive,DES,56,SHA1,1,PSK,Transport,True,86400,100,Critical,Legacy IKEv1 used; IKEv1 Aggressive mode vulnerable to offline dictionary attacks; Weak encryption DES; Weak hash SHA1; Weak DH group 1; PSK with Aggressive Mode is highly risky
73e453d6-4731-4d84-b518-674081ccf246,IKEv2,Main,AES-256-GCM,256,SHA1,5,RSA-Sig,Transport,False,28800,79,Weak,Weak hash SHA1; Weak DH group 5; Perfect Forward Secrecy (PFS) is disabled
bf46c483-02b5-4bbe-bc04-637ed12de72f,IKEv1,Aggressive,AES-256-CBC,256,MD5,19,RSA-Sig,Transport,False,28800,96,Critical,Legacy IKEv1 used; IKEv1 Aggressive mode vulnerable to offline dictionary attacks; Weak hash MD5; Perfect Forward Secrecy (PFS) is disabled
db68458b-44c2-45d9-b3a0-77e1dd26954d,IKEv2,Main,AES-256-GCM,256,SHA384,31,RSA-Sig,Transport,True,86400,0,Low,None
f5062dfc-3d89-4877-9836-28756d2c312a,IKEv1,Quick,DES,56,SHA384,2,ECDSA-Sig,Transport,True,86400,86,Critical,Legacy IKEv1 used; Weak encryption DES; Weak DH group 2
63ba285f-fa1f-4342-b6a4-82fd5db11c84,IKEv2,Main,3DES,112,SHA384,20,ECDSA-Sig,Transport,False,3600,63,Weak,Weak encryption 3DES; Perfect Forward Secrecy (PFS) is disabled
28a29f5c-92fb-48cf-9697-dab89c75dc01,IKEv2,Main,AES-256-GCM,256,SHA384,20,RSA-Sig,Transport,False,86400,21,Strong,Perfect Forward Secrecy (PFS) is disabled
c2d995ef-7e99-48b7-8c97-ffb18946d1b0,IKEv2,Main,AES-256-GCM,256,SHA256,31,ECDSA-Sig,Transport,False,86400,24,Strong,Perfect Forward Secrecy (PFS) is disabled
898d58ae-fcb6-4f7b-acba-faa2d5464b41,IKEv2,Main,AES-128-CBC,128,SHA512,5,PSK,Transport,True,86400,34,Strong,Weak DH group 5
a8b78ec5-423f-4352-bb17-c852a4af5f10,IKEv2,Main,AES-128-CBC,128,SHA1,19,ECDSA-Sig,Tunnel,True,3600,34,Strong,Weak hash SHA1
ec659855-5c4e-462b-a8cd-127cc1a0ae56,IKEv2,Main,AES-256-GCM,256,MD5,2,PSK,Transport,True,3600,58,Moderate,Weak hash MD5; Weak DH group 2
aaf65968-9291-4d41-be5b-214b38b2fd9b,IKEv2,Main,3DES,112,SHA512,5,ECDSA-Sig,Transport,True,28800,73,Weak,Weak encryption 3DES; Weak DH group 5
80020228-a355-4355-9ab8-28a07a156ae2,IKEv2,Main,ChaCha20-Poly1305,256,SHA384,21,RSA-Sig,Transport,True,28800,1,Low,None
99d6bc10-8bd5-47ae-9cca-ea0b48f99ec0,IKEv2,Main,DES,56,SHA256,20,ECDSA-Sig,Tunnel,True,86400,42,Moderate,Weak encryption DES
077c395f-f4d6-4573-a49e-2635e1ff5983,IKEv2,Main,AES-256-GCM,256,SHA1,2,PSK,Transport,True,28800,62,Weak,Weak hash SHA1; Weak DH group 2
90e37939-4395-468a-8b5b-9a1150141561,IKEv2,Main,3DES,112,SHA384,1,RSA-Sig,Transport,False,3600,89,Critical,Weak encryption 3DES; Weak DH group 1; Perfect Forward Secrecy (PFS) is disabled
fc4e9642-091e-4793-a670-a2a8e6d44926,IKEv2,Main,DES,56,SHA384,1,RSA-Sig,Transport,False,86400,94,Critical,Weak encryption DES; Weak DH group 1; Perfect Forward Secrecy (PFS) is disabled
016f72fc-e071-4b9d-986c-27048eecf1bc,IKEv1,Aggressive,AES-256-GCM,256,SHA384,31,PSK,Transport,False,3600,91,Critical,Legacy IKEv1 used; IKEv1 Aggressive mode vulnerable to offline dictionary attacks; PSK with Aggressive Mode is highly risky; Perfect Forward Secrecy (PFS) is disabled
d0718702-c2f3-44b2-86fc-42fc5fd96152,IKEv2,Main,ChaCha20-Poly1305,256,SHA1,19,RSA-Sig,Tunnel,False,28800,49,Moderate,Weak hash SHA1; Perfect Forward Secrecy (PFS) is disabled
7c18bf52-7263-48a8-9969-058918c29286,IKEv1,Quick,DES,56,MD5,2,RSA-Sig,Transport,False,3600,100,Critical,Legacy IKEv1 used; Weak encryption DES; Weak hash MD5; Weak DH group 2; Perfect Forward Secrecy (PFS) is disabled
6f1afc28-7f5b-4f17-89f3-2a5c0ab898b3,IKEv2,Main,AES-256-CBC,256,SHA1,21,RSA-Sig,Transport,False,3600,54,Moderate,Weak hash SHA1; Perfect Forward Secrecy (PFS) is disabled
2b773041-5425-439e-9ae5-1e704989c81c,IKEv2,Main,ChaCha20-Poly1305,256,SHA256,2,PSK,Transport,False,3600,45,Moderate,Weak DH group 2; Perfect Forward Secrecy (PFS) is disabled
fcff144a-2f2e-4bf1-9dea-56951846ec31,IKEv1,Quick,DES,56,SHA256,2,PSK,Transport,False,28800,100,Critical,Legacy IKEv1 used; Weak encryption DES; Weak DH group 2; Perfect Forward Secrecy (PFS) is disabled
7c05506f-1c5b-4770-aaa4-3c2a66370b0f,IKEv1,Aggressive,DES,56,SHA384,2,RSA-Sig,Transport,True,86400,100,Critical,Legacy IKEv1 used; IKEv1 Aggressive mode vulnerable to offline dictionary attacks; Weak encryption DES; Weak DH group 2
f7acfa04-8110-41b5-8534-06e7d4009909,IKEv2,Main,DES,56,SHA384,31,RSA-Sig,Tunnel,True,86400,38,Strong,Weak encryption DES
6c058776-435d-42a0-b902-bf35383a4b6b,IKEv1,Main,AES-256-GCM,256,SHA1,2,ECDSA-Sig,Tunnel,True,28800,85,Critical,Legacy IKEv1 used; Weak hash SHA1; Weak DH group 2
ba86a9be-653e-43e6-8956-1cdd2c03203b,IKEv2,Main,AES-128-CBC,128,SHA1,19,RSA-Sig,Transport,False,28800,48,Moderate,Weak hash SHA1; Perfect Forward Secrecy (PFS) is disabled
427a5b14-8522-4b67-b85b-22543bdaa2a7,IKEv2,Main,AES-256-GCM,256,SHA384,19,RSA-Sig,Tunnel,False,3600,19,Low,Perfect Forward Secrecy (PFS) is disabled
3f4a5035-f4f1-478c-85f0-6388b990ff9a,IKEv2,Main,3DES,112,SHA1,14,PSK,Tunnel,True,3600,75,Weak,Weak encryption 3DES; Weak hash SHA1
2f0a4ff4-9ac8-4753-abe5-c125c972df10,IKEv1,Quick,3DES,112,SHA512,20,ECDSA-Sig,Transport,True,86400,56,Moderate,Legacy IKEv1 used; Weak encryption 3DES
9803bc5c-5dac-4a67-86e3-64b3d7d5efae,IKEv1,Main,AES-256-CBC,256,SHA1,19,PSK,Transport,False,3600,67,Weak,Legacy IKEv1 used; Weak hash SHA1; Perfect Forward Secrecy (PFS) is disabled
6f512ec7-7bdc-4ce2-bdcf-1e3955e0e3a3,IKEv2,Main,3DES,112,SHA512,5,PSK,Tunnel,False,86400,88,Critical,Weak encryption 3DES; Weak DH group 5; Perfect Forward Secrecy (PFS) is disabled
c369a8e3-54ab-48f4-83c3-bde3c5dc04d0,IKEv1,Quick,AES-256-CBC,256,SHA1,5,RSA-Sig,Tunnel,True,28800,77,Weak,Legacy IKEv1 used; Weak hash SHA1; Weak DH group 5
33470d9a-0f4a-415a-a6c5-c142667cd33d,IKEv2,Main,AES-256-GCM,256,SHA1,2,ECDSA-Sig,Transport,False,3600,83,Critical,Weak hash SHA1; Weak DH group 2; Perfect Forward Secrecy (PFS) is disabled
f8504eec-ff2a-407e-bc46-c582382a8d51,IKEv2,Main,AES-256-GCM,256,SHA512,19,ECDSA-Sig,Transport,False,3600,16,Low,Perfect Forward Secrecy (PFS) is disabled
504ec12b-9f5e-45b3-9c8b-754ea33a090e,IKEv1,Aggressive,3DES,112,SHA1,31,ECDSA-Sig,Tunnel,False,86400,100,Critical,Legacy IKEv1 used; IKEv1 Aggressive mode vulnerable to offline dictionary attacks; Weak encryption 3DES; Weak hash SHA1; Perfect Forward Secrecy (PFS) is disabled
43313d06-fc1e-403d-a696-3cac021dafd0,IKEv2,Main,AES-256-CBC,256,SHA512,20,PSK,Transport,True,28800,0,Low,None
2a8ee828-a9aa-4f14-a077-5b2487e4cd28,IKEv2,Main,AES-256-GCM,256,SHA512,31,PSK,Tunnel,True,86400,1,Low,None
c390b3a1-6305-4ed7-8e2f-d217a4a37e25,IKEv2,Main,AES-256-GCM,256,SHA256,31,RSA-Sig,Tunnel,True,86400,2,Low,None
7671dd42-651f-4bb8-a7b6-2ccd272aca74,IKEv1,Main,AES-256-CBC,256,SHA384,2,PSK,Transport,False,3600,74,Weak,Legacy IKEv1 used; Weak DH group 2; Perfect Forward Secrecy (PFS) is disabled
1476dbd2-f53d-49fc-a8ac-0af615905ffc,IKEv1,Main,ChaCha20-Poly1305,256,SHA384,20,ECDSA-Sig,Tunnel,False,28800,42,Moderate,Legacy IKEv1 used; Perfect Forward Secrecy (PFS) is disabled
8873e01c-6e84-4ac9-8e4b-849397a58127,IKEv1,Quick,3DES,112,SHA512,31,RSA-Sig,Transport,True,28800,59,Moderate,Legacy IKEv1 used; Weak encryption 3DES
d78521ab-c0f7-4093-8d48-21e3cd836dac,IKEv2,Main,AES-256-GCM,256,MD5,21,PSK,Transport,True,86400,25,Strong,Weak hash MD5
1c50c728-8f80-4e31-ba43-c7132e95354e,IKEv1,Main,ChaCha20-Poly1305,256,SHA512,19,ECDSA-Sig,Transport,True,28800,18,Low,Legacy IKEv1 used
a6a92441-856b-4c45-abcf-39fbe07408b0,IKEv2,Main,AES-256-CBC,256,SHA1,31,PSK,Tunnel,False,28800,49,Moderate,Weak hash SHA1; Perfect Forward Secrecy (PFS) is disabled
72ab682f-6747-4d43-b39a-df6ab6dfc84e,IKEv2,Main,AES-128-CBC,128,MD5,19,PSK,Transport,True,86400,29,Strong,Weak hash MD5
581ff1b8-561c-478c-b1f9-a9f27d4bca3d,IKEv2,Main,DES,56,SHA1,1,RSA-Sig,Transport,True,3600,100,Critical,Weak encryption DES; Weak hash SHA1; Weak DH group 1
99cb1002-7b74-4b64-ae56-d9a5e8c9acd9,IKEv1,Aggressive,AES-256-CBC,256,SHA1,31,PSK,Transport,False,3600,100,Critical,Legacy IKEv1 used; IKEv1 Aggressive mode vulnerable to offline dictionary attacks; Weak hash SHA1; PSK with Aggressive Mode is highly risky; Perfect Forward Secrecy (PFS) is disabled
f5163b11-1429-42c9-bcf7-df8d3f17916b,IKEv1,Aggressive,DES,56,SHA256,5,ECDSA-Sig,Transport,False,28800,100,Critical,Legacy IKEv1 used; IKEv1 Aggressive mode vulnerable to offline dictionary attacks; Weak encryption DES; Weak DH group 5; Perfect Forward Secrecy (PFS) is disabled
d9625976-b3e2-4088-bbc8-8193d7b15c47,IKEv1,Main,ChaCha20-Poly1305,256,SHA384,1,ECDSA-Sig,Tunnel,False,86400,68,Weak,Legacy IKEv1 used; Weak DH group 1; Perfect Forward Secrecy (PFS) is disabled
685dd5cc-336f-4ebb-b8db-e39537201472,IKEv1,Main,ChaCha20-Poly1305,256,SHA256,5,RSA-Sig,Tunnel,False,3600,69,Weak,Legacy IKEv1 used; Weak DH group 5; Perfect Forward Secrecy (PFS) is disabled
bf6fef03-cb81-48a0-b4a0-e7e16625ab58,IKEv2,Main,DES,56,SHA512,21,ECDSA-Sig,Transport,False,28800,65,Weak,Weak encryption DES; Perfect Forward Secrecy (PFS) is disabled
73938a2e-ad06-4b45-9d69-b7f5aef151d9,IKEv2,Main,AES-256-CBC,256,SHA256,20,PSK,Transport,False,3600,24,Strong,Perfect Forward Secrecy (PFS) is disabled
3c2a9ce7-05fe-4b92-8306-8b2f44c648c7,IKEv2,Main,AES-256-CBC,256,MD5,14,ECDSA-Sig,Tunnel,False,86400,55,Moderate,Weak hash MD5; Perfect Forward Secrecy (PFS) is disabled
86a55aa6-2d08-4c93-afcf-1f327c388cd7,IKEv2,Main,3DES,112,SHA512,14,ECDSA-Sig,Tunnel,False,3600,58,Moderate,Weak encryption 3DES; Perfect Forward Secrecy (PFS) is disabled
eaee9af7-baaa-496b-a8a5-dbb1a978e47a,IKEv2,Main,DES,56,SHA1,19,PSK,Tunnel,False,3600,91,Critical,Weak encryption DES; Weak hash SHA1; Perfect Forward Secrecy (PFS) is disabled
b8b80e97-9fb1-46b4-89c4-c7c86367385c,IKEv1,Aggressive,AES-256-CBC,256,SHA384,14,ECDSA-Sig,Tunnel,False,86400,66,Weak,Legacy IKEv1 used; IKEv1 Aggressive mode vulnerable to offline dictionary attacks; Perfect Forward Secrecy (PFS) is disabled
790a5b32-fdb9-4581-aeeb-c0e2a1ac193f,IKEv1,Main,AES-256-CBC,256,SHA256,2,RSA-Sig,Tunnel,True,28800,53,Moderate,Legacy IKEv1 used; Weak DH group 2
f0896a0f-d2aa-42db-9492-697f1b960f12,IKEv2,Main,DES,56,SHA512,21,PSK,Transport,False,28800,58,Moderate,Weak encryption DES; Perfect Forward Secrecy (PFS) is disabled
c56e6375-2b33-4df7-895b-a6c106f89d58,IKEv2,Main,AES-256-CBC,256,SHA256,19,PSK,Transport,True,86400,5,Low,None
16c5698a-6589-4782-abbf-f29835c23f81,IKEv2,Main,ChaCha20-Poly1305,256,SHA512,1,PSK,Tunnel,True,28800,27,Strong,Weak DH group 1
225f9e26-9988-44a1-9e4d-b4084593cf81,IKEv1,Quick,AES-256-CBC,256,SHA512,31,RSA-Sig,Tunnel,True,86400,19,Low,Legacy IKEv1 used
eacdb730-d913-4dca-bc1a-48869f1f9126,IKEv2,Main,DES,56,SHA512,20,PSK,Transport,True,86400,37,Strong,Weak encryption DES
3abfcdee-c645-4dfa-9c29-2b512a0260bc,IKEv2,Main,3DES,112,SHA384,2,ECDSA-Sig,Transport,True,3600,66,Weak,Weak encryption 3DES; Weak DH group 2
c00c2db9-8822-47c4-a572-6aeded33d433,IKEv2,Main,AES-128-CBC,128,SHA512,14,ECDSA-Sig,Transport,False,28800,15,Low,Perfect Forward Secrecy (PFS) is disabled
936e4186-d1ca-4765-b515-5738621b87d6,IKEv2,Main,AES-256-CBC,256,MD5,14,PSK,Transport,True,28800,27,Strong,Weak hash MD5
b8e8f465-5de5-42ef-9567-ae83e29411f9,IKEv2,Main,DES,56,SHA512,5,PSK,Tunnel,True,86400,69,Weak,Weak encryption DES; Weak DH group 5
f42e1e1c-f26d-4d63-ae67-49a9acbb6041,IKEv2,Main,AES-128-CBC,128,MD5,31,ECDSA-Sig,Tunnel,True,3600,34,Strong,Weak hash MD5
a132ff8e-1b1c-40d2-bd02-4e8784e3877a,IKEv2,Main,AES-256-CBC,256,SHA384,14,PSK,Transport,True,86400,4,Low,None
7c5e598b-227d-4cca-9fab-8c3a7c9eda37,IKEv2,Main,ChaCha20-Poly1305,256,SHA256,19,PSK,Tunnel,True,3600,0,Low,None
7c661689-2522-4de8-ae5d-b7d68793a66e,IKEv1,Aggressive,AES-128-CBC,128,SHA256,31,ECDSA-Sig,Transport,True,28800,52,Moderate,Legacy IKEv1 used; IKEv1 Aggressive mode vulnerable to offline dictionary attacks
3701ca8e-8a74-47bb-b706-2273376398f8,IKEv2,Main,AES-256-CBC,256,MD5,1,ECDSA-Sig,Tunnel,False,86400,76,Weak,Weak hash MD5; Weak DH group 1; Perfect Forward Secrecy (PFS) is disabled
ee8ac6e9-7d82-41a3-bb6e-9017f14c0409,IKEv2,Main,AES-128-CBC,128,MD5,19,ECDSA-Sig,Transport,True,28800,32,Strong,Weak hash MD5
026d6934-fb03-4152-8fa2-156bdc7f03cc,IKEv2,Main,DES,56,SHA384,31,PSK,Transport,False,3600,59,Moderate,Weak encryption DES; Perfect Forward Secrecy (PFS) is disabled
53dd3ebd-7658-459e-a487-e422250fa9be,IKEv2,Main,AES-256-CBC,256,SHA384,31,PSK,Tunnel,False,86400,21,Strong,Perfect Forward Secrecy (PFS) is disabled
d54f049c-9751-411d-b3ff-35f14be0b43f,IKEv1,Main,3DES,112,SHA1,1,ECDSA-Sig,Transport,False,3600,100,Critical,Legacy IKEv1 used; Weak encryption 3DES; Weak hash SHA1; Weak DH group 1; Perfect Forward Secrecy (PFS) is disabled
7c2fdde9-9b1d-4798-9a90-03c90317ba43,IKEv2,Main,AES-128-CBC,128,SHA256,21,PSK,Tunnel,True,3600,3,Low,None
f79c8abc-0049-4e8a-aeea-f7fc1770e5f2,IKEv2,Main,AES-256-CBC,256,SHA512,5,RSA-Sig,Tunnel,True,3600,33,Strong,Weak DH group 5
82dfeab1-1be6-4484-9345-fadc5f93edff,IKEv2,Main,DES,56,SHA512,1,PSK,Tunnel,False,86400,92,Critical,Weak encryption DES; Weak DH group 1; Perfect Forward Secrecy (PFS) is disabled
9bda2de0-b971-4345-bf43-aaf72a890c07,IKEv1,Aggressive,AES-256-CBC,256,SHA1,31,RSA-Sig,Transport,True,28800,82,Critical,Legacy IKEv1 used; IKEv1 Aggressive mode vulnerable to offline dictionary attacks; Weak hash SHA1
f17cf710-398e-4339-84a3-a76f481e9f3e,IKEv2,Main,DES,56,SHA512,2,RSA-Sig,Tunnel,False,28800,86,Critical,Weak encryption DES; Weak DH group 2; Perfect Forward Secrecy (PFS) is disabled
b7f0bb5c-375d-4694-89dd-7c11d0d1f234,IKEv2,Main,3DES,112,SHA384,20,ECDSA-Sig,Tunnel,True,86400,44,Moderate,Weak encryption 3DES
860064a2-e08d-43d3-b61a-eb859f489115,IKEv2,Main,AES-128-CBC,128,SHA256,2,PSK,Transport,False,28800,45,Moderate,Weak DH group 2; Perfect Forward Secrecy (PFS) is disabled
e8478b31-6377-496a-aac2-4a6d7764a0ad,IKEv2,Main,AES-256-CBC,256,MD5,14,RSA-Sig,Tunnel,False,28800,51,Moderate,Weak hash MD5; Perfect Forward Secrecy (PFS) is disabled
d90d7b4d-494e-4871-a5ab-38e86da1d637,IKEv1,Main,ChaCha20-Poly1305,256,SHA384,21,PSK,Tunnel,True,3600,20,Strong,Legacy IKEv1 used
e8494791-94f5-4f5d-a09e-7b8db1b78647,IKEv1,Aggressive,AES-256-GCM,256,SHA384,2,RSA-Sig,Transport,False,86400,100,Critical,Legacy IKEv1 used; IKEv1 Aggressive mode vulnerable to offline dictionary attacks; Weak DH group 2; Perfect Forward Secrecy (PFS) is disabled
c4d69aa4-ec85-4049-8ddf-472ceaae758c,IKEv2,Main,3DES,112,SHA384,2,PSK,Transport,True,28800,69,Weak,Weak encryption 3DES; Weak DH group 2
f25609f2-f7ba-45cc-b226-2d1dee9ee3ec,IKEv1,Quick,AES-256-CBC,256,SHA256,21,ECDSA-Sig,Tunnel,False,28800,35,Strong,Legacy IKEv1 used; Perfect Forward Secrecy (PFS) is disabled
448cf1dc-36a9-4e68-88ac-4299a78c3d10,IKEv2,Main,AES-256-GCM,256,SHA1,5,RSA-Sig,Transport,False,86400,76,Weak,Weak hash SHA1; Weak DH group 5; Perfect Forward Secrecy (PFS) is disabled
9320629c-a44a-4d91-8390-a1f85abcf39b,IKEv1,Aggressive,AES-256-GCM,256,SHA1,31,ECDSA-Sig,Tunnel,False,28800,98,Critical,Legacy IKEv1 used; IKEv1 Aggressive mode vulnerable to offline dictionary attacks; Weak hash SHA1; Perfect Forward Secrecy (PFS) is disabled
70db7c7d-c0ad-4ce1-ac5d-830a6c8012fe,IKEv2,Main,AES-128-CBC,128,SHA512,14,PSK,Transport,True,86400,5,Low,None
aaf9c77e-5faa-4377-bf0f-d1d1e1e53167,IKEv1,Aggressive,AES-256-CBC,256,SHA1,21,PSK,Transport,False,86400,100,Critical,Legacy IKEv1 used; IKEv1 Aggressive mode vulnerable to offline dictionary attacks; Weak hash SHA1; PSK with Aggressive Mode is highly risky; Perfect Forward Secrecy (PFS) is disabled
01e99f6f-c2c6-4551-a077-4db163c86d13,IKEv2,Main,3DES,112,MD5,5,PSK,Tunnel,True,28800,100,Critical,Weak encryption 3DES; Weak hash MD5; Weak DH group 5
0608704e-5905-4e75-b639-723bd102b1f9,IKEv2,Main,AES-128-CBC,128,SHA256,5,PSK,Tunnel,False,28800,45,Moderate,Weak DH group 5; Perfect Forward Secrecy (PFS) is disabled
e551daf4-6883-470a-8c5d-b958052552c1,IKEv2,Main,AES-256-CBC,256,MD5,31,PSK,Transport,False,28800,55,Moderate,Weak hash MD5; Perfect Forward Secrecy (PFS) is disabled
34565d01-ece8-488a-aee9-a80be79c7dc4,IKEv1,Aggressive,DES,56,SHA384,31,PSK,Tunnel,True,3600,100,Critical,Legacy IKEv1 used; IKEv1 Aggressive mode vulnerable to offline dictionary attacks; Weak encryption DES; PSK with Aggressive Mode is highly risky
119f0c05-6834-48b3-a163-6a830f8f76a7,IKEv2,Main,AES-256-GCM,256,SHA384,2,ECDSA-Sig,Tunnel,False,28800,54,Moderate,Weak DH group 2; Perfect Forward Secrecy (PFS) is disabled
5f84a363-0a74-460b-9579-2424a9d64db1,IKEv2,Main,AES-128-CBC,128,SHA256,14,RSA-Sig,Transport,False,3600,15,Low,Perfect Forward Secrecy (PFS) is disabled
5771f8ba-0d96-4bb2-8706-349195ece137,IKEv2,Main,AES-256-GCM,256,MD5,1,PSK,Tunnel,False,3600,77,Weak,Weak hash MD5; Weak DH group 1; Perfect Forward Secrecy (PFS) is disabled
dbc4786c-07d5-4234-84bc-67852586b563,IKEv2,Main,DES,56,MD5,31,RSA-Sig,Transport,False,3600,92,Critical,Weak encryption DES; Weak hash MD5; Perfect Forward Secrecy (PFS) is disabled
c9ba6905-48ac-42a4-af95-624c613228a3,IKEv1,Main,3DES,112,SHA256,20,ECDSA-Sig,Tunnel,False,28800,83,Critical,Legacy IKEv1 used; Weak encryption 3DES; Perfect Forward Secrecy (PFS) is disabled
9f404437-25d7-4e6c-8efb-1f66fa360a28,IKEv2,Main,3DES,112,SHA256,31,ECDSA-Sig,Tunnel,True,86400,45,Moderate,Weak encryption 3DES
58524c6d-6a37-4ae3-a925-460aeed5b433,IKEv1,Aggressive,DES,56,SHA384,1,RSA-Sig,Transport,False,3600,100,Critical,Legacy IKEv1 used; IKEv1 Aggressive mode vulnerable to offline dictionary attacks; Weak encryption DES; Weak DH group 1; Perfect Forward Secrecy (PFS) is disabled
ce192ca6-83bd-4378-9403-9ea7a12bce87,IKEv2,Main,DES,56,SHA512,5,RSA-Sig,Tunnel,True,86400,69,Weak,Weak encryption DES; Weak DH group 5
89cca7e7-1508-4292-99ce-215e315737f6,IKEv2,Main,ChaCha20-Poly1305,256,SHA1,31,RSA-Sig,Transport,True,86400,27,Strong,Weak hash SHA1
ae123035-73f5-4424-a490-1b39f38f5588,IKEv2,Main,AES-256-GCM,256,SHA512,1,PSK,Transport,False,86400,54,Moderate,Weak DH group 1; Perfect Forward Secrecy (PFS) is disabled
2d3d91ac-f603-4605-a420-900a9b295402,IKEv1,Aggressive,ChaCha20-Poly1305,256,SHA512,19,RSA-Sig,Tunnel,True,28800,51,Moderate,Legacy IKEv1 used; IKEv1 Aggressive mode vulnerable to offline dictionary attacks
a8e3d8d3-9407-4bf6-ab61-755350d8b096,IKEv1,Quick,AES-256-CBC,256,SHA1,21,PSK,Transport,False,28800,75,Weak,Legacy IKEv1 used; Weak hash SHA1; Perfect Forward Secrecy (PFS) is disabled
a258fe2a-d8df-4668-8a7c-acd28fbcbcb9,IKEv1,Aggressive,ChaCha20-Poly1305,256,SHA512,1,ECDSA-Sig,Tunnel,True,3600,82,Critical,Legacy IKEv1 used; IKEv1 Aggressive mode vulnerable to offline dictionary attacks; Weak DH group 1
15bcab79-d01a-4c69-b1cd-9640f596b88d,IKEv1,Main,AES-128-CBC,128,SHA1,19,ECDSA-Sig,Transport,False,86400,66,Weak,Legacy IKEv1 used; Weak hash SHA1; Perfect Forward Secrecy (PFS) is disabled
bda712bf-c3d0-4d4e-b4b5-5d6422c866bf,IKEv1,Main,AES-128-CBC,128,SHA512,21,RSA-Sig,Tunnel,True,28800,22,Strong,Legacy IKEv1 used
3a564e12-0f49-4474-9e1a-e7e57129a78c,IKEv2,Main,AES-128-CBC,128,MD5,31,PSK,Transport,True,28800,30,Strong,Weak hash MD5
0c07522c-bedd-4e51-93a4-8580c8685c3c,IKEv2,Main,AES-256-CBC,256,SHA256,31,PSK,Transport,True,3600,1,Low,None
04685a36-4ec8-4815-bfbe-80b3d1d404fe,IKEv2,Main,AES-128-CBC,128,SHA256,1,PSK,Tunnel,True,28800,30,Strong,Weak DH group 1
5e2c63fe-6f44-43fc-8606-c62b34ef7896,IKEv2,Main,AES-128-CBC,128,SHA384,5,ECDSA-Sig,Transport,True,3600,30,Strong,Weak DH group 5
a469fe93-8674-4154-9380-10be00ac79d5,IKEv2,Main,AES-128-CBC,128,SHA384,21,PSK,Tunnel,True,28800,5,Low,None
732655f9-a067-4140-a345-c130fe15072d,IKEv2,Main,AES-128-CBC,128,SHA1,2,RSA-Sig,Transport,True,28800,56,Moderate,Weak hash SHA1; Weak DH group 2
6f0aabc2-dcbf-48c2-9aa8-f5de12cd97ae,IKEv1,Aggressive,3DES,112,SHA384,20,PSK,Tunnel,False,28800,100,Critical,Legacy IKEv1 used; IKEv1 Aggressive mode vulnerable to offline dictionary attacks; Weak encryption 3DES; PSK with Aggressive Mode is highly risky; Perfect Forward Secrecy (PFS) is disabled
36336c24-67cf-45f6-884f-34a95aeab6b8,IKEv2,Main,ChaCha20-Poly1305,256,SHA512,1,ECDSA-Sig,Transport,False,3600,50,Moderate,Weak DH group 1; Perfect Forward Secrecy (PFS) is disabled
ee86ba80-0d14-438d-a173-c77bb8a90add,IKEv2,Main,AES-256-GCM,256,SHA1,19,PSK,Tunnel,False,28800,51,Moderate,Weak hash SHA1; Perfect Forward Secrecy (PFS) is disabled
53c9852f-25ed-415e-8c1d-9ab72c1857d3,IKEv2,Main,3DES,112,SHA512,20,ECDSA-Sig,Tunnel,False,3600,62,Weak,Weak encryption 3DES; Perfect Forward Secrecy (PFS) is disabled
90a162bd-4fc3-41ef-a6db-312f3e9348de,IKEv1,Quick,AES-256-CBC,256,SHA512,31,ECDSA-Sig,Tunnel,True,28800,19,Low,Legacy IKEv1 used
dbaa6ddf-c28b-4f2f-bc7a-682da3e9e429,IKEv2,Main,ChaCha20-Poly1305,256,SHA1,2,RSA-Sig,Tunnel,False,28800,85,Critical,Weak hash SHA1; Weak DH group 2; Perfect Forward Secrecy (PFS) is disabled
eb2ebbed-c774-4c50-85fd-8d1f0da49fa4,IKEv2,Main,DES,56,SHA512,21,RSA-Sig,Tunnel,False,86400,61,Weak,Weak encryption DES; Perfect Forward Secrecy (PFS) is disabled
0059135f-12e4-434e-987c-c98b327b2479,IKEv2,Main,AES-256-GCM,256,SHA384,31,RSA-Sig,Transport,True,28800,3,Low,None
17919db3-731d-4b0a-a400-2c808402d944,IKEv2,Main,DES,56,SHA1,2,PSK,Transport,False,3600,100,Critical,Weak encryption DES; Weak hash SHA1; Weak DH group 2; Perfect Forward Secrecy (PFS) is disabled
1081f5e2-cedb-43cb-87b5-8ee71505a621,IKEv1,Aggressive,DES,56,SHA512,31,RSA-Sig,Transport,False,28800,100,Critical,Legacy IKEv1 used; IKEv1 Aggressive mode vulnerable to offline dictionary attacks; Weak encryption DES; Perfect Forward Secrecy (PFS) is disabled
22a2f984-f7a6-4d1b-86c4-b856bc954214,IKEv1,Main,DES,56,MD5,1,PSK,Tunnel,True,3600,100,Critical,Legacy IKEv1 used; Weak encryption DES; Weak hash MD5; Weak DH group 1
3fe28132-30c3-4f39-9941-c89b0a9e0328,IKEv1,Quick,DES,56,SHA256,14,ECDSA-Sig,Tunnel,True,28800,60,Weak,Legacy IKEv1 used; Weak encryption DES
ae728742-8390-4246-aa69-be446596161b,IKEv1,Main,AES-128-CBC,128,SHA1,20,RSA-Sig,Tunnel,True,3600,49,Moderate,Legacy IKEv1 used; Weak hash SHA1
ae9d7838-0655-40ef-abda-2d1773512d1a,IKEv2,Main,3DES,112,SHA1,14,PSK,Transport,True,86400,70,Weak,Weak encryption 3DES; Weak hash SHA1
84dbf7d8-1af1-4051-82b4-8c60eba637c0,IKEv2,Main,3DES,112,SHA512,2,RSA-Sig,Transport,False,86400,86,Critical,Weak encryption 3DES; Weak DH group 2; Perfect Forward Secrecy (PFS) is disabled
3a26f446-c31d-4a8f-b8aa-669ca4808105,IKEv2,Main,ChaCha20-Poly1305,256,SHA512,14,ECDSA-Sig,Transport,False,3600,21,Strong,Perfect Forward Secrecy (PFS) is disabled
6c584817-8026-4033-b4ba-8982cc974140,IKEv1,Quick,DES,56,SHA512,14,PSK,Transport,True,86400,63,Weak,Legacy IKEv1 used; Weak encryption DES
bd05c606-1e45-4340-a36d-d7abeab3cad9,IKEv2,Main,AES-128-CBC,128,SHA384,19,RSA-Sig,Tunnel,True,86400,0,Low,None
3251f270-b609-4e53-8d85-d0ef9a196821,IKEv2,Main,AES-256-CBC,256,SHA384,31,ECDSA-Sig,Tunnel,True,28800,5,Low,None
743fea09-8e3e-42f1-9952-604d58a0706e,IKEv2,Main,DES,56,SHA1,5,PSK,Tunnel,False,86400,100,Critical,Weak encryption DES; Weak hash SHA1; Weak DH group 5; Perfect Forward Secrecy (PFS) is disabled
1cb2c8d0-d7b2-44e3-b9e7-6e253b40c721,IKEv2,Main,AES-256-GCM,256,SHA256,19,RSA-Sig,Tunnel,False,28800,22,Strong,Perfect Forward Secrecy (PFS) is disabled
222c9e24-a7e2-4f3e-9144-ed9cfba63828,IKEv1,Aggressive,3DES,112,SHA256,21,ECDSA-Sig,Transport,True,3600,91,Critical,Legacy IKEv1 used; IKEv1 Aggressive mode vulnerable to offline dictionary attacks; Weak encryption 3DES
d47f4c09-51e2-40bb-88df-a36f81c78b39,IKEv2,Main,AES-256-GCM,256,SHA1,1,ECDSA-Sig,Tunnel,False,28800,75,Weak,Weak hash SHA1; Weak DH group 1; Perfect Forward Secrecy (PFS) is disabled
4c1317c7-1d5b-40d7-ae6e-3cf7a1b4ee5e,IKEv2,Main,AES-256-CBC,256,SHA512,1,ECDSA-Sig,Transport,False,28800,48,Moderate,Weak DH group 1; Perfect Forward Secrecy (PFS) is disabled
4424c485-b20b-41d6-893f-39bcf2af4af5,IKEv2,Main,DES,56,SHA1,5,PSK,Tunnel,False,86400,100,Critical,Weak encryption DES; Weak hash SHA1; Weak DH group 5; Perfect Forward Secrecy (PFS) is disabled
55b4cf02-aabe-482f-b57a-c501c7aed30d,IKEv1,Quick,AES-256-GCM,256,SHA384,19,PSK,Transport,False,3600,40,Moderate,Legacy IKEv1 used; Perfect Forward Secrecy (PFS) is disabled
c8a29e79-d5f2-45c5-824b-da3e7d5d6dad,IKEv1,Main,3DES,112,SHA1,19,ECDSA-Sig,Tunnel,True,3600,94,Critical,Legacy IKEv1 used; Weak encryption 3DES; Weak hash SHA1
48182b23-689a-48ab-aab8-bfe15b2293ef,IKEv1,Main,DES,56,SHA384,21,ECDSA-Sig,Tunnel,True,28800,62,Weak,Legacy IKEv1 used; Weak encryption DES
1c53a26e-5723-4cc5-8a9a-fce3cfabdd88,IKEv2,Main,3DES,112,SHA384,31,RSA-Sig,Transport,True,3600,45,Moderate,Weak encryption 3DES
787408a3-0454-4971-90f2-49e2d6d65a3c,IKEv2,Main,3DES,112,SHA256,14,RSA-Sig,Tunnel,True,86400,42,Moderate,Weak encryption 3DES
4bf23d78-0440-449f-85fc-7a1f9edbdb1f,IKEv2,Main,3DES,112,SHA384,14,PSK,Tunnel,False,86400,55,Moderate,Weak encryption 3DES; Perfect Forward Secrecy (PFS) is disabled
5f4ccb55-1269-4d76-8344-924aa8e41065,IKEv1,Main,DES,56,SHA1,2,RSA-Sig,Tunnel,True,3600,100,Critical,Legacy IKEv1 used; Weak encryption DES; Weak hash SHA1; Weak DH group 2
6cabb605-4147-4a80-80f4-e06006e5a3b4,IKEv2,Main,DES,56,MD5,1,RSA-Sig,Tunnel,False,3600,100,Critical,Weak encryption DES; Weak hash MD5; Weak DH group 1; Perfect Forward Secrecy (PFS) is disabled
ddea1e7d-8bef-47ba-b1b9-17bbafb8f7ac,IKEv1,Aggressive,ChaCha20-Poly1305,256,MD5,21,RSA-Sig,Transport,False,3600,100,Critical,Legacy IKEv1 used; IKEv1 Aggressive mode vulnerable to offline dictionary attacks; Weak hash MD5; Perfect Forward Secrecy (PFS) is disabled
d991e66e-50fc-4a13-8fc2-0f3afa89a204,IKEv2,Main,AES-256-CBC,256,SHA1,2,PSK,Tunnel,False,86400,77,Weak,Weak hash SHA1; Weak DH group 2; Perfect Forward Secrecy (PFS) is disabled
9963a773-f732-477b-a4c1-b1dcc1963415,IKEv1,Aggressive,AES-128-CBC,128,SHA256,2,RSA-Sig,Transport,False,28800,99,Critical,Legacy IKEv1 used; IKEv1 Aggressive mode vulnerable to offline dictionary attacks; Weak DH group 2; Perfect Forward Secrecy (PFS) is disabled
ddcb503f-b2ec-4306-93c2-50ef99f00bf5,IKEv1,Aggressive,3DES,112,SHA384,2,PSK,Tunnel,False,3600,100,Critical,Legacy IKEv1 used; IKEv1 Aggressive mode vulnerable to offline dictionary attacks; Weak encryption 3DES; Weak DH group 2; PSK with Aggressive Mode is highly risky; Perfect Forward Secrecy (PFS) is disabled
aa88e07d-42aa-4dc6-9db9-8e297fc561fe,IKEv1,Aggressive,DES,56,SHA384,14,PSK,Transport,False,28800,100,Critical,Legacy IKEv1 used; IKEv1 Aggressive mode vulnerable to offline dictionary attacks; Weak encryption DES; PSK with Aggressive Mode is highly risky; Perfect Forward Secrecy (PFS) is disabled
8d97c979-258f-4b91-b9fc-8c7804c1af93,IKEv2,Main,ChaCha20-Poly1305,256,SHA512,21,PSK,Tunnel,False,3600,16,Low,Perfect Forward Secrecy (PFS) is disabled
593299db-d52f-4df7-acaa-7646a138d615,IKEv1,Aggressive,3DES,112,SHA384,19,ECDSA-Sig,Transport,True,3600,85,Critical,Legacy IKEv1 used; IKEv1 Aggressive mode vulnerable to offline dictionary attacks; Weak encryption 3DES
4bd173d5-be2e-4326-ab75-f18d48edd869,IKEv1,Aggressive,3DES,112,SHA256,20,PSK,Tunnel,True,86400,100,Critical,Legacy IKEv1 used; IKEv1 Aggressive mode vulnerable to offline dictionary attacks; Weak encryption 3DES; PSK with Aggressive Mode is highly risky
67b2b496-275c-4e80-a865-953d0797e6cb,IKEv2,Main,DES,56,SHA1,19,RSA-Sig,Tunnel,False,86400,94,Critical,Weak encryption DES; Weak hash SHA1; Perfect Forward Secrecy (PFS) is disabled
b58a3919-3cf7-4dcd-96d7-d21dcf774be8,IKEv2,Main,3DES,112,SHA1,19,RSA-Sig,Tunnel,False,28800,88,Critical,Weak encryption 3DES; Weak hash SHA1; Perfect Forward Secrecy (PFS) is disabled
5cdeed17-e2f1-49c0-9703-470ed2d1ed3f,IKEv2,Main,AES-128-CBC,128,MD5,2,PSK,Transport,True,86400,57,Moderate,Weak hash MD5; Weak DH group 2
7f5f6701-32e2-4a44-ae2b-62919a247cab,IKEv2,Main,AES-128-CBC,128,SHA512,5,RSA-Sig,Tunnel,False,3600,49,Moderate,Weak DH group 5; Perfect Forward Secrecy (PFS) is disabled
483d96ae-f17f-4e9c-ab5d-a1949bc8a05d,IKEv2,Main,AES-256-CBC,256,SHA1,1,RSA-Sig,Transport,True,28800,63,Weak,Weak hash SHA1; Weak DH group 1
e3f64c96-2dc2-4b9e-8894-778487824d01,IKEv1,Aggressive,3DES,112,SHA1,19,RSA-Sig,Transport,False,3600,100,Critical,Legacy IKEv1 used; IKEv1 Aggressive mode vulnerable to offline dictionary attacks; Weak encryption 3DES; Weak hash SHA1; Perfect Forward Secrecy (PFS) is disabled
b0a1af7d-fa53-4dc0-af85-18baf3646044,IKEv1,Aggressive,AES-128-CBC,128,SHA512,14,RSA-Sig,Transport,False,3600,73,Weak,Legacy IKEv1 used; IKEv1 Aggressive mode vulnerable to offline dictionary attacks; Perfect Forward Secrecy (PFS) is disabled
3057403c-cb22-45dd-85c9-9cf3ee126aab,IKEv2,Main,AES-128-CBC,128,SHA384,31,PSK,Tunnel,True,86400,1,Low,None
87f5a3d0-2bc7-4d1d-97b2-513c71204c06,IKEv2,Main,AES-128-CBC,128,SHA256,31,RSA-Sig,Tunnel,False,86400,16,Low,Perfect Forward Secrecy (PFS) is disabled
0e2a0380-ea74-4e9c-a730-13218aa6fd01,IKEv2,Main,3DES,112,SHA512,21,PSK,Tunnel,True,3600,38,Strong,Weak encryption 3DES
d10f39b9-14bd-4539-934d-5423ed57a91c,IKEv2,Main,3DES,112,SHA384,31,PSK,Transport,False,3600,56,Moderate,Weak encryption 3DES; Perfect Forward Secrecy (PFS) is disabled
4c1b7730-f605-46dc-90bb-56ca2704b4dd,IKEv2,Main,3DES,112,SHA512,20,ECDSA-Sig,Tunnel,False,3600,62,Weak,Weak encryption 3DES; Perfect Forward Secrecy (PFS) is disabled
774d7915-4d5f-43e6-9bb0-76d508b604b5,IKEv2,Main,DES,56,SHA256,2,RSA-Sig,Tunnel,False,28800,86,Critical,Weak encryption DES; Weak DH group 2; Perfect Forward Secrecy (PFS) is disabled
33fcef4b-2ec5-4435-ad4f-f2329f9565b8,IKEv2,Main,DES,56,SHA1,31,PSK,Tunnel,False,28800,95,Critical,Weak encryption DES; Weak hash SHA1; Perfect Forward Secrecy (PFS) is disabled
b6dd65ea-186f-4db7-bc1a-21a2baa7238e,IKEv2,Main,ChaCha20-Poly1305,256,SHA1,20,RSA-Sig,Transport,False,86400,47,Moderate,Weak hash SHA1; Perfect Forward Secrecy (PFS) is disabled
cba597f7-9794-45a5-8cac-019b70a2ed89,IKEv2,Main,AES-256-CBC,256,SHA1,1,ECDSA-Sig,Transport,True,28800,62,Weak,Weak hash SHA1; Weak DH group 1
b4737314-03d9-4d27-b0ae-bfc98e07ac39,IKEv2,Main,ChaCha20-Poly1305,256,SHA1,21,ECDSA-Sig,Transport,False,86400,49,Moderate,Weak hash SHA1; Perfect Forward Secrecy (PFS) is disabled
b790ef8a-476e-475a-a835-a3fbaa478185,IKEv1,Quick,3DES,112,MD5,19,PSK,Tunnel,False,3600,100,Critical,Legacy IKEv1 used; Weak encryption 3DES; Weak hash MD5; Perfect Forward Secrecy (PFS) is disabled
b14ca6ac-b2a2-429e-9989-72a14de19366,IKEv2,Main,DES,56,SHA384,2,PSK,Tunnel,False,86400,89,Critical,Weak encryption DES; Weak DH group 2; Perfect Forward Secrecy (PFS) is disabled
bd14e5d5-cc5f-4b81-b759-32c328c2840e,IKEv2,Main,AES-128-CBC,128,SHA256,21,RSA-Sig,Transport,True,28800,1,Low,None
00b4cfca-43e8-4689-b1bd-9ad58acf217f,IKEv2,Main,DES,56,SHA256,5,RSA-Sig,Tunnel,True,3600,72,Weak,Weak encryption DES; Weak DH group 5
a361ea19-eb0a-46a1-9556-c6b7d28dd141,IKEv2,Main,DES,56,SHA384,19,PSK,Tunnel,False,86400,62,Weak,Weak encryption DES; Perfect Forward Secrecy (PFS) is disabled
92d445dc-414d-4843-975c-e3578ffe81d3,IKEv2,Main,AES-256-CBC,256,SHA512,1,RSA-Sig,Tunnel,True,86400,28,Strong,Weak DH group 1
c76cdaf6-9dd2-4f4f-a0e9-f563f12abb7b,IKEv2,Main,AES-128-CBC,128,SHA1,20,PSK,Tunnel,False,28800,52,Moderate,Weak hash SHA1; Perfect Forward Secrecy (PFS) is disabled
908451a5-ecd7-4ccb-a241-d82ef112e37d,IKEv1,Quick,3DES,112,MD5,5,RSA-Sig,Tunnel,False,86400,100,Critical,Legacy IKEv1 used; Weak encryption 3DES; Weak hash MD5; Weak DH group 5; Perfect Forward Secrecy (PFS) is disabled
a18cd21b-9941-4b16-b9d4-5bd0c1de5557,IKEv2,Main,3DES,112,SHA256,31,RSA-Sig,Tunnel,True,28800,37,Strong,Weak encryption 3DES
73f1704c-2356-43f9-97f9-f8cd2c117a99,IKEv2,Main,DES,56,MD5,19,ECDSA-Sig,Transport,False,28800,91,Critical,Weak encryption DES; Weak hash MD5; Perfect Forward Secrecy (PFS) is disabled
f8865c53-7261-4a17-8802-8a393ceaf32e,IKEv2,Main,AES-256-GCM,256,MD5,1,PSK,Tunnel,False,86400,78,Weak,Weak hash MD5; Weak DH group 1; Perfect Forward Secrecy (PFS) is disabled
cf30bef2-148e-4e1b-83b5-a0e2c3e61689,IKEv2,Main,AES-256-CBC,256,SHA384,14,PSK,Tunnel,True,86400,4,Low,None
aff8382e-b886-43b0-87a2-6b5898a86d42,IKEv1,Quick,AES-256-CBC,256,SHA384,2,RSA-Sig,Transport,True,28800,53,Moderate,Legacy IKEv1 used; Weak DH group 2
b6fd6768-ed55-4047-bbcc-370033ebc3fe,IKEv1,Main,AES-128-CBC,128,SHA512,5,ECDSA-Sig,Tunnel,False,86400,67,Weak,Legacy IKEv1 used; Weak DH group 5; Perfect Forward Secrecy (PFS) is disabled
746943d7-f61a-4728-9487-a8c8212075f1,IKEv2,Main,ChaCha20-Poly1305,256,SHA512,5,ECDSA-Sig,Tunnel,True,3600,26,Strong,Weak DH group 5
db8ab597-d123-4c96-9a37-6975d0550f3e,IKEv1,Main,AES-128-CBC,128,SHA256,2,ECDSA-Sig,Tunnel,True,28800,49,Moderate,Legacy IKEv1 used; Weak DH group 2
7d66cb31-0a72-4f56-8471-40aa071be05b,IKEv1,Main,AES-256-GCM,256,SHA512,14,ECDSA-Sig,Tunnel,False,28800,41,Moderate,Legacy IKEv1 used; Perfect Forward Secrecy (PFS) is disabled
dd1ca0c9-fc65-4edf-94a6-6c1776fd9085,IKEv1,Main,3DES,112,MD5,1,ECDSA-Sig,Tunnel,True,86400,100,Critical,Legacy IKEv1 used; Weak encryption 3DES; Weak hash MD5; Weak DH group 1
ff580329-77e9-4e65-97a6-0e29b44c121d,IKEv2,Main,AES-128-CBC,128,SHA384,31,PSK,Tunnel,True,86400,3,Low,None
066d2eda-9b4c-4778-953a-708f68e8d693,IKEv2,Main,AES-256-GCM,256,SHA1,20,ECDSA-Sig,Tunnel,True,86400,29,Strong,Weak hash SHA1
761ddcf9-19c7-4e15-b700-d17e87324643,IKEv1,Main,AES-256-CBC,256,SHA512,31,RSA-Sig,Tunnel,False,28800,35,Strong,Legacy IKEv1 used; Perfect Forward Secrecy (PFS) is disabled
92a828ff-88e5-41f5-9e68-bd9c8222e9e5,IKEv2,Main,3DES,112,SHA384,14,PSK,Tunnel,False,86400,59,Moderate,Weak encryption 3DES; Perfect Forward Secrecy (PFS) is disabled
59070f8a-86d9-4fff-b4df-4e4a4157e36a,IKEv2,Main,ChaCha20-Poly1305,256,SHA384,1,RSA-Sig,Tunnel,False,28800,49,Moderate,Weak DH group 1; Perfect Forward Secrecy (PFS) is disabled
edf93cae-f020-4b9c-a33f-79746c1bcd51,IKEv2,Main,AES-128-CBC,128,SHA1,21,PSK,Tunnel,True,28800,34,Strong,Weak hash SHA1
8ac89a79-0839-423b-a44a-26f896901d9e,IKEv2,Main,3DES,112,SHA1,1,RSA-Sig,Tunnel,False,28800,100,Critical,Weak encryption 3DES; Weak hash SHA1; Weak DH group 1; Perfect Forward Secrecy (PFS) is disabled
4072ac95-3f4a-4295-aaeb-1d531600e2c0,IKEv1,Quick,AES-128-CBC,128,SHA1,2,PSK,Tunnel,True,28800,85,Critical,Legacy IKEv1 used; Weak hash SHA1; Weak DH group 2
dc365d5c-b7d2-41aa-be9c-9128a71840f8,IKEv2,Main,DES,56,MD5,19,PSK,Tunnel,True,86400,72,Weak,Weak encryption DES; Weak hash MD5
e2aa4f04-adc0-42f1-9441-1b2239343cd0,IKEv2,Main,ChaCha20-Poly1305,256,SHA512,14,RSA-Sig,Tunnel,True,86400,0,Low,None
049fd930-832c-4ba1-a3fc-f5637957e9e1,IKEv2,Main,3DES,112,MD5,21,RSA-Sig,Tunnel,True,3600,72,Weak,Weak encryption 3DES; Weak hash MD5
1efe3e61-f549-4b0b-a95a-4e4c1db59f46,IKEv2,Main,AES-128-CBC,128,SHA256,20,ECDSA-Sig,Transport,True,28800,3,Low,None
7eab3768-6ff2-48c9-b871-8f8a93d09ffd,IKEv2,Main,AES-256-CBC,256,SHA1,2,PSK,Tunnel,True,28800,62,Weak,Weak hash SHA1; Weak DH group 2
3ef05430-2b89-46dd-a948-7bd35ed39e51,IKEv1,Aggressive,DES,56,SHA256,2,RSA-Sig,Transport,True,3600,100,Critical,Legacy IKEv1 used; IKEv1 Aggressive mode vulnerable to offline dictionary attacks; Weak encryption DES; Weak DH group 2
a3bb1d03-774a-447b-89eb-32b3eddc242e,IKEv2,Main,AES-128-CBC,128,SHA384,31,PSK,Transport,True,28800,0,Low,None
cac977a9-9bb4-4d94-aba3-a623a220310b,IKEv2,Main,AES-256-CBC,256,MD5,2,PSK,Transport,True,3600,63,Weak,Weak hash MD5; Weak DH group 2
50fedc30-c313-4d30-8314-1d4034bf5168,IKEv1,Aggressive,DES,56,MD5,19,RSA-Sig,Tunnel,False,86400,100,Critical,Legacy IKEv1 used; IKEv1 Aggressive mode vulnerable to offline dictionary attacks; Weak encryption DES; Weak hash MD5; Perfect Forward Secrecy (PFS) is disabled
d101787d-8e5a-4019-bf2c-8020085bbf9b,IKEv1,Aggressive,DES,56,SHA1,20,ECDSA-Sig,Transport,True,28800,100,Critical,Legacy IKEv1 used; IKEv1 Aggressive mode vulnerable to offline dictionary attacks; Weak encryption DES; Weak hash SHA1
19a205bf-6a3d-4a57-a87e-26bd61eedd46,IKEv2,Main,AES-128-CBC,128,SHA512,2,PSK,Transport,False,28800,52,Moderate,Weak DH group 2; Perfect Forward Secrecy (PFS) is disabled
bdd7e936-bfda-46f3-97e0-4417703f6def,IKEv1,Main,ChaCha20-Poly1305,256,SHA256,1,ECDSA-Sig,Transport,False,28800,70,Weak,Legacy IKEv1 used; Weak DH group 1; Perfect Forward Secrecy (PFS) is disabled
46148d65-6fac-4036-87e8-f298ac6bd533,IKEv1,Main,3DES,112,MD5,14,ECDSA-Sig,Transport,False,28800,100,Critical,Legacy IKEv1 used; Weak encryption 3DES; Weak hash MD5; Perfect Forward Secrecy (PFS) is disabled
58c85f0f-8d09-4471-ae0f-da9ab330db96,IKEv2,Main,AES-128-CBC,128,SHA512,14,ECDSA-Sig,Tunnel,True,86400,0,Low,None
e48edc44-8b62-4a07-8a72-30b52b66633d,IKEv2,Main,AES-256-CBC,256,SHA256,14,ECDSA-Sig,Tunnel,True,3600,4,Low,None
c658984b-5271-4095-9d35-fe641f5d6a27,IKEv1,Main,3DES,112,SHA256,2,RSA-Sig,Transport,True,28800,91,Critical,Legacy IKEv1 used; Weak encryption 3DES; Weak DH group 2
413192fe-8711-4d27-99dc-877da43e8593,IKEv2,Main,AES-128-CBC,128,SHA1,5,ECDSA-Sig,Transport,False,28800,78,Weak,Weak hash SHA1; Weak DH group 5; Perfect Forward Secrecy (PFS) is disabled
13dde48c-94fc-4da4-884e-5fa53f2af994,IKEv1,Main,AES-128-CBC,128,SHA512,2,ECDSA-Sig,Transport,False,28800,71,Weak,Legacy IKEv1 used; Weak DH group 2; Perfect Forward Secrecy (PFS) is disabled
e8d4dd8d-b5d1-46fc-ae2d-f72bdee81632,IKEv2,Main,AES-128-CBC,128,MD5,5,ECDSA-Sig,Tunnel,False,86400,75,Weak,Weak hash MD5; Weak DH group 5; Perfect Forward Secrecy (PFS) is disabled
9a690490-2313-4edd-98fa-66baaa9cb1a2,IKEv1,Aggressive,AES-256-CBC,256,SHA256,21,PSK,Tunnel,False,86400,90,Critical,Legacy IKEv1 used; IKEv1 Aggressive mode vulnerable to offline dictionary attacks; PSK with Aggressive Mode is highly risky; Perfect Forward Secrecy (PFS) is disabled
55278ab6-0e06-4da5-93a8-3893196464cc,IKEv2,Main,ChaCha20-Poly1305,256,SHA512,14,RSA-Sig,Tunnel,True,3600,2,Low,None
dd8baaca-7ee3-44ed-bea4-8caa6cdd7fcd,IKEv1,Aggressive,DES,56,MD5,5,ECDSA-Sig,Tunnel,True,28800,100,Critical,Legacy IKEv1 used; IKEv1 Aggressive mode vulnerable to offline dictionary attacks; Weak encryption DES; Weak hash MD5; Weak DH group 5
770f488f-fd01-40a5-b433-d691f9b57fbf,IKEv2,Main,AES-128-CBC,128,MD5,31,PSK,Tunnel,True,28800,31,Strong,Weak hash MD5
dbcf5ecc-4284-4715-bd74-51e765bc5b31,IKEv2,Main,ChaCha20-Poly1305,256,SHA256,14,PSK,Transport,False,86400,25,Strong,Perfect Forward Secrecy (PFS) is disabled
70381f56-14b9-428e-af00-1ebbf7f00a0b,IKEv2,Main,DES,56,SHA384,20,RSA-Sig,Tunnel,False,28800,65,Weak,Weak encryption DES; Perfect Forward Secrecy (PFS) is disabled
0a3321b3-e40b-46d4-b681-5c859b567b07,IKEv2,Main,ChaCha20-Poly1305,256,SHA256,2,PSK,Transport,False,28800,47,Moderate,Weak DH group 2; Perfect Forward Secrecy (PFS) is disabled
6c2f2739-c0ce-4b63-ac21-08bb8bdecd12,IKEv2,Main,AES-128-CBC,128,MD5,2,PSK,Tunnel,False,86400,82,Critical,Weak hash MD5; Weak DH group 2; Perfect Forward Secrecy (PFS) is disabled
278473f7-d3ae-4b82-8b9b-0ee81f42fc18,IKEv2,Main,3DES,112,SHA256,20,RSA-Sig,Tunnel,False,3600,55,Moderate,Weak encryption 3DES; Perfect Forward Secrecy (PFS) is disabled
18620dee-f6f9-4e5c-9846-4373e9e31a41,IKEv2,Main,AES-128-CBC,128,SHA1,20,RSA-Sig,Transport,False,28800,47,Moderate,Weak hash SHA1; Perfect Forward Secrecy (PFS) is disabled
2ab4fb4a-fa9e-4d4d-a64d-9caf7274fe85,IKEv2,Main,AES-256-GCM,256,SHA384,5,PSK,Tunnel,True,28800,33,Strong,Weak DH group 5
422a5bcf-120a-4b3e-bd13-181bce1e1af7,IKEv1,Quick,3DES,112,MD5,19,RSA-Sig,Tunnel,True,86400,94,Critical,Legacy IKEv1 used; Weak encryption 3DES; Weak hash MD5
9b3fa3d7-6876-47e0-a56f-00a6570930c5,IKEv2,Main,AES-256-CBC,256,SHA512,2,RSA-Sig,Transport,False,28800,50,Moderate,Weak DH group 2; Perfect Forward Secrecy (PFS) is disabled
60380fce-dfa0-445d-9226-1889170163ac,IKEv2,Main,DES,56,SHA384,19,ECDSA-Sig,Transport,True,86400,36,Strong,Weak encryption DES
f57461ee-4bb0-4b9b-ad06-045533d845f6,IKEv2,Main,AES-256-CBC,256,SHA256,31,ECDSA-Sig,Transport,True,86400,2,Low,None
66ce5d84-5534-4cfb-89d6-8e7207a616cb,IKEv2,Main,AES-256-GCM,256,SHA1,2,ECDSA-Sig,Transport,True,86400,56,Moderate,Weak hash SHA1; Weak DH group 2
9193f579-7fb4-417c-83d7-891d997619b0,IKEv2,Main,AES-256-GCM,256,SHA1,1,RSA-Sig,Transport,True,86400,63,Weak,Weak hash SHA1; Weak DH group 1
8944eccb-e055-44b5-b703-04e0f52ba0a8,IKEv2,Main,AES-128-CBC,128,SHA1,21,ECDSA-Sig,Tunnel,True,3600,32,Strong,Weak hash SHA1
e352c632-ee43-4b13-8c47-0eab2eb2565d,IKEv2,Main,ChaCha20-Poly1305,256,MD5,31,RSA-Sig,Tunnel,False,28800,45,Moderate,Weak hash MD5; Perfect Forward Secrecy (PFS) is disabled
fc657a92-a612-4ebe-bb61-954c1c0676dd,IKEv1,Main,3DES,112,SHA256,31,RSA-Sig,Transport,False,28800,77,Weak,Legacy IKEv1 used; Weak encryption 3DES; Perfect Forward Secrecy (PFS) is disabled
0ade339b-9fc9-4e36-86cf-85f4ab8bbf86,IKEv1,Main,AES-128-CBC,128,SHA1,1,ECDSA-Sig,Transport,True,3600,81,Critical,Legacy IKEv1 used; Weak hash SHA1; Weak DH group 1
5ddc4b0f-8f2f-43b7-b7d7-c3f8eb6b2b82,IKEv2,Main,AES-256-CBC,256,SHA512,20,PSK,Tunnel,False,86400,25,Strong,Perfect Forward Secrecy (PFS) is disabled
91659bcb-10a7-44c2-bcb0-a3f06cceecf1,IKEv2,Main,AES-128-CBC,128,SHA256,1,ECDSA-Sig,Transport,True,28800,27,Strong,Weak DH group 1
146ecc53-1022-4602-993e-09dcb89cd7ef,IKEv2,Main,AES-256-GCM,256,MD5,20,PSK,Transport,False,3600,46,Moderate,Weak hash MD5; Perfect Forward Secrecy (PFS) is disabled
235bf7fe-8870-4e0f-ac0e-dc7626e03bd5,IKEv1,Quick,3DES,112,SHA512,20,RSA-Sig,Tunnel,True,28800,62,Weak,Legacy IKEv1 used; Weak encryption 3DES
02df34ae-6d17-4bfe-9423-08cbd4adc93c,IKEv1,Aggressive,ChaCha20-Poly1305,256,SHA256,31,ECDSA-Sig,Tunnel,True,3600,49,Moderate,Legacy IKEv1 used; IKEv1 Aggressive mode vulnerable to offline dictionary attacks
4c1077f7-7acd-4fbe-ad42-c0ce3d998124,IKEv1,Aggressive,AES-256-GCM,256,SHA256,14,RSA-Sig,Transport,True,86400,50,Moderate,Legacy IKEv1 used; IKEv1 Aggressive mode vulnerable to offline dictionary attacks
41d0d13e-54f8-4048-9294-7c9b578c08cd,IKEv2,Main,ChaCha20-Poly1305,256,SHA384,20,PSK,Tunnel,True,3600,4,Low,None
bb3bdcb9-310d-48b0-bb1e-48fe7d46dc55,IKEv2,Main,AES-256-GCM,256,SHA1,19,PSK,Transport,False,86400,51,Moderate,Weak hash SHA1; Perfect Forward Secrecy (PFS) is disabled
bb9914de-49ae-4fdd-a424-e9d4ff323eaa,IKEv2,Main,DES,56,SHA384,1,ECDSA-Sig,Transport,False,28800,95,Critical,Weak encryption DES; Weak DH group 1; Perfect Forward Secrecy (PFS) is disabled
b672e006-e42b-43a8-bdfd-d5546441cc35,IKEv2,Main,DES,56,SHA256,5,RSA-Sig,Tunnel,True,3600,66,Weak,Weak encryption DES; Weak DH group 5
70a9795e-22e9-44f3-9000-f51c792b7f17,IKEv2,Main,ChaCha20-Poly1305,256,SHA384,21,PSK,Transport,False,86400,20,Strong,Perfect Forward Secrecy (PFS) is disabled
66eab5a0-d924-4d63-ab51-4ba9bcebceb7,IKEv1,Main,ChaCha20-Poly1305,256,SHA384,19,RSA-Sig,Transport,False,86400,45,Moderate,Legacy IKEv1 used; Perfect Forward Secrecy (PFS) is disabled
8ba1f603-2f40-457c-b9a4-0b798010a84e,IKEv2,Main,ChaCha20-Poly1305,256,SHA256,21,ECDSA-Sig,Transport,True,86400,3,Low,None
fe442d90-47b2-4fa6-b0b2-ee5e2e55abbf,IKEv2,Main,3DES,112,SHA512,31,ECDSA-Sig,Tunnel,False,86400,61,Weak,Weak encryption 3DES; Perfect Forward Secrecy (PFS) is disabled
db4f86b9-056f-4bf6-adc4-e5cb09120bb6,IKEv1,Quick,3DES,112,SHA1,31,PSK,Tunnel,False,3600,100,Critical,Legacy IKEv1 used; Weak encryption 3DES; Weak hash SHA1; Perfect Forward Secrecy (PFS) is disabled
db92d783-5faf-4bca-a9b3-a95975c62e5f,IKEv2,Main,AES-256-CBC,256,MD5,31,PSK,Transport,True,86400,35,Strong,Weak hash MD5
95e21cf9-0399-4cf5-b934-e02395ffba44,IKEv2,Main,AES-256-CBC,256,SHA384,5,ECDSA-Sig,Tunnel,False,86400,52,Moderate,Weak DH group 5; Perfect Forward Secrecy (PFS) is disabled
6d0bb4ad-8f73-4c54-b93c-fb4e72a8844e,IKEv1,Aggressive,AES-256-CBC,256,SHA512,1,ECDSA-Sig,Transport,False,28800,100,Critical,Legacy IKEv1 used; IKEv1 Aggressive mode vulnerable to offline dictionary attacks; Weak DH group 1; Perfect Forward Secrecy (PFS) is disabled
6c456dd4-fc73-456c-8ef2-19e5b1408700,IKEv1,Main,AES-256-GCM,256,SHA512,21,PSK,Transport,False,86400,35,Strong,Legacy IKEv1 used; Perfect Forward Secrecy (PFS) is disabled
40476f3c-1665-4694-b27a-f06bbe19537a,IKEv1,Main,AES-256-CBC,256,SHA256,1,ECDSA-Sig,Tunnel,True,86400,54,Moderate,Legacy IKEv1 used; Weak DH group 1
2ce8182b-93fd-4ba7-9ab1-cb87ae76a820,IKEv2,Main,AES-128-CBC,128,SHA512,21,PSK,Tunnel,False,28800,16,Low,Perfect Forward Secrecy (PFS) is disabled
dc8c1864-abbd-49a5-9801-174f2f3b2d2b,IKEv1,Main,AES-256-CBC,256,SHA256,1,RSA-Sig,Tunnel,False,28800,68,Weak,Legacy IKEv1 used; Weak DH group 1; Perfect Forward Secrecy (PFS) is disabled
357df34f-436b-476e-a6f9-b5dd0fa1e8c6,IKEv2,Main,AES-256-CBC,256,SHA1,19,PSK,Transport,True,28800,35,Strong,Weak hash SHA1
6a58769e-5f35-4ac9-badf-ee110cb8ba92,IKEv1,Main,AES-128-CBC,128,SHA512,19,PSK,Transport,False,86400,45,Moderate,Legacy IKEv1 used; Perfect Forward Secrecy (PFS) is disabled
f16b4a68-4b00-429c-acb5-f5ba112ddce7,IKEv2,Main,AES-256-CBC,256,MD5,21,PSK,Tunnel,False,3600,49,Moderate,Weak hash MD5; Perfect Forward Secrecy (PFS) is disabled
7fc503a8-995b-4556-a595-54e54958a26c,IKEv2,Main,ChaCha20-Poly1305,256,SHA1,14,ECDSA-Sig,Transport,True,28800,28,Strong,Weak hash SHA1
7147e2c2-501e-42f8-9a07-61618bc3b287,IKEv1,Aggressive,DES,56,SHA512,2,PSK,Transport,False,28800,100,Critical,Legacy IKEv1 used; IKEv1 Aggressive mode vulnerable to offline dictionary attacks; Weak encryption DES; Weak DH group 2; PSK with Aggressive Mode is highly risky; Perfect Forward Secrecy (PFS) is disabled
350e94d9-85f8-4c4c-8916-49c4b8490785,IKEv1,Quick,AES-128-CBC,128,SHA1,31,PSK,Transport,True,28800,51,Moderate,Legacy IKEv1 used; Weak hash SHA1
b4a8d480-1c1b-4b6e-bb94-f6627e229f10,IKEv2,Main,AES-256-GCM,256,MD5,2,ECDSA-Sig,Tunnel,False,28800,76,Weak,Weak hash MD5; Weak DH group 2; Perfect Forward Secrecy (PFS) is disabled
88ab6076-7b9b-4530-a73a-372d19bf5a23,IKEv1,Quick,AES-256-CBC,256,SHA256,20,ECDSA-Sig,Tunnel,False,28800,45,Moderate,Legacy IKEv1 used; Perfect Forward Secrecy (PFS) is disabled
05207d49-f580-42bd-8de9-69d6770e1a84,IKEv2,Main,DES,56,SHA256,20,RSA-Sig,Transport,True,28800,36,Strong,Weak encryption DES
85b7d521-8f29-425a-90b0-2634f5b09c36,IKEv2,Main,ChaCha20-Poly1305,256,MD5,19,ECDSA-Sig,Tunnel,False,28800,52,Moderate,Weak hash MD5; Perfect Forward Secrecy (PFS) is disabled
f674cc93-8e19-490a-b5e3-428993e5f0e0,IKEv2,Main,AES-256-CBC,256,MD5,5,RSA-Sig,Tunnel,False,28800,77,Weak,Weak hash MD5; Weak DH group 5; Perfect Forward Secrecy (PFS) is disabled
553e918f-a76e-48a2-9772-bae2828578db,IKEv2,Main,AES-128-CBC,128,SHA256,20,ECDSA-Sig,Tunnel,False,86400,19,Low,Perfect Forward Secrecy (PFS) is disabled
b98934c2-d215-4d08-9af2-fedf78c3e0f2,IKEv2,Main,3DES,112,SHA256,20,RSA-Sig,Tunnel,True,28800,35,Strong,Weak encryption 3DES
f144b22a-d186-4c2b-8d9b-0738c89527ca,IKEv2,Main,AES-256-CBC,256,SHA512,1,RSA-Sig,Transport,True,86400,25,Strong,Weak DH group 1
9589ea5b-1e53-4f4c-aaba-8f57246d4244,IKEv2,Main,AES-256-GCM,256,SHA256,31,ECDSA-Sig,Tunnel,False,28800,20,Strong,Perfect Forward Secrecy (PFS) is disabled
411c69b9-62dd-457d-b25d-e691f94e20ea,IKEv2,Main,AES-128-CBC,128,MD5,1,PSK,Transport,True,28800,55,Moderate,Weak hash MD5; Weak DH group 1
e8f4e792-1c6c-4dd3-ba22-9aa62aef080c,IKEv1,Main,AES-256-CBC,256,SHA512,19,ECDSA-Sig,Tunnel,True,86400,19,Low,Legacy IKEv1 used
ad488f6f-6d97-4dc3-9d7c-85fbe0373e90,IKEv2,Main,AES-256-GCM,256,MD5,21,RSA-Sig,Transport,True,3600,30,Strong,Weak hash MD5
8c8120a5-c45c-4f1a-9396-903adf6168e7,IKEv1,Quick,AES-256-CBC,256,SHA384,14,PSK,Tunnel,True,86400,20,Strong,Legacy IKEv1 used
a0a4915d-0a46-4663-b543-341fa35bcc9c,IKEv2,Main,DES,56,SHA384,2,ECDSA-Sig,Tunnel,True,3600,71,Weak,Weak encryption DES; Weak DH group 2
92e0d2bf-6615-4a29-8756-84af9dc151a5,IKEv1,Main,3DES,112,MD5,5,RSA-Sig,Tunnel,False,86400,100,Critical,Legacy IKEv1 used; Weak encryption 3DES; Weak hash MD5; Weak DH group 5; Perfect Forward Secrecy (PFS) is disabled
76272961-6fca-4e97-9632-3dbfb267a4b5,IKEv2,Main,AES-256-GCM,256,SHA512,19,PSK,Tunnel,False,86400,18,Low,Perfect Forward Secrecy (PFS) is disabled
ac3748e5-9321-4992-a018-910c90134989,IKEv1,Main,AES-256-GCM,256,SHA1,1,RSA-Sig,Tunnel,False,28800,100,Critical,Legacy IKEv1 used; Weak hash SHA1; Weak DH group 1; Perfect Forward Secrecy (PFS) is disabled
a7ef75e4-db85-4f3e-8327-1f9d941de269,IKEv1,Quick,DES,56,SHA256,20,ECDSA-Sig,Tunnel,True,86400,61,Weak,Legacy IKEv1 used; Weak encryption DES
b3ec4ec4-5bdb-4616-be30-2578b2c31eab,IKEv2,Main,AES-256-CBC,256,SHA1,20,PSK,Tunnel,True,3600,34,Strong,Weak hash SHA1
3b274cf7-6203-4ae8-9a7f-4ee94a48a3be,IKEv1,Quick,DES,56,MD5,1,ECDSA-Sig,Tunnel,True,28800,100,Critical,Legacy IKEv1 used; Weak encryption DES; Weak hash MD5; Weak DH group 1
9acea4b1-1fc1-4ab2-9043-2d022602da8a,IKEv1,Quick,DES,56,MD5,19,PSK,Transport,True,86400,87,Critical,Legacy IKEv1 used; Weak encryption DES; Weak hash MD5
4ad05742-c998-4b76-b722-ac3f8fb51e96,IKEv2,Main,ChaCha20-Poly1305,256,SHA256,1,ECDSA-Sig,Transport,True,3600,27,Strong,Weak DH group 1
10748680-2639-4e25-9ff3-7ce4e010e5b2,IKEv2,Main,DES,56,SHA512,1,RSA-Sig,Tunnel,False,3600,87,Critical,Weak encryption DES; Weak DH group 1; Perfect Forward Secrecy (PFS) is disabled
3d7c5597-02e5-4ec2-a451-93ce118983ab,IKEv1,Aggressive,AES-256-CBC,256,SHA512,19,RSA-Sig,Tunnel,True,3600,46,Moderate,Legacy IKEv1 used; IKEv1 Aggressive mode vulnerable to offline dictionary attacks
70541275-a00a-4a5b-ace1-9ba1578c7c1e,IKEv2,Main,AES-256-CBC,256,MD5,20,PSK,Tunnel,False,28800,54,Moderate,Weak hash MD5; Perfect Forward Secrecy (PFS) is disabled
cc654bf7-66cb-4021-9c63-d6d22b885ee0,IKEv2,Main,AES-256-CBC,256,SHA512,14,ECDSA-Sig,Tunnel,True,3600,1,Low,None
a289ead2-4f03-4d6b-bd9d-98665cc2ab86,IKEv2,Main,ChaCha20-Poly1305,256,SHA384,2,RSA-Sig,Transport,False,3600,54,Moderate,Weak DH group 2; Perfect Forward Secrecy (PFS) is disabled
e0d3c678-b4c6-4ad8-870c-1525a65dff1d,IKEv2,Main,DES,56,SHA512,2,PSK,Tunnel,True,28800,75,Weak,Weak encryption DES; Weak DH group 2
5dae2ceb-c0a3-451e-bf79-b8958cfc4d0a,IKEv2,Main,AES-128-CBC,128,MD5,20,ECDSA-Sig,Transport,True,28800,28,Strong,Weak hash MD5
bfd32687-aa1e-4023-8d74-07c2e36b4e9c,IKEv1,Main,AES-128-CBC,128,MD5,31,PSK,Tunnel,True,86400,52,Moderate,Legacy IKEv1 used; Weak hash MD5
3fd24e9d-4900-46e2-b560-a3196d308b81,IKEv2,Main,AES-128-CBC,128,MD5,1,RSA-Sig,Transport,False,86400,84,Critical,Weak hash MD5; Weak DH group 1; Perfect Forward Secrecy (PFS) is disabled
c9a3e996-2254-489e-8636-75411387e0fe,IKEv2,Main,AES-256-CBC,256,SHA384,5,ECDSA-Sig,Tunnel,True,28800,27,Strong,Weak DH group 5
ead012a7-3021-4a22-b0ca-48e6e6471222,IKEv2,Main,AES-256-GCM,256,MD5,20,RSA-Sig,Transport,True,3600,28,Strong,Weak hash MD5
976b4668-09b2-42da-8c9a-cd6f51a4b1ae,IKEv2,Main,3DES,112,SHA256,31,RSA-Sig,Tunnel,False,28800,62,Weak,Weak encryption 3DES; Perfect Forward Secrecy (PFS) is disabled
36c5501f-6e4a-492d-8e37-81ce43427238,IKEv2,Main,DES,56,SHA384,20,RSA-Sig,Transport,False,86400,65,Weak,Weak encryption DES; Perfect Forward Secrecy (PFS) is disabled
45dbfe67-ce30-438a-a29c-7726f1089f2d,IKEv2,Main,3DES,112,SHA256,14,ECDSA-Sig,Tunnel,True,28800,39,Strong,Weak encryption 3DES
56e35bbe-5ea4-4f16-9796-54867c8aa6bb,IKEv2,Main,DES,56,SHA512,1,RSA-Sig,Transport,False,28800,92,Critical,Weak encryption DES; Weak DH group 1; Perfect Forward Secrecy (PFS) is disabled
2c7e3e62-de8f-4d61-a629-2059000811be,IKEv1,Quick,ChaCha20-Poly1305,256,SHA256,31,ECDSA-Sig,Tunnel,True,3600,19,Low,Legacy IKEv1 used
f45eaa2f-82f5-41b5-9cae-0f49852542b0,IKEv2,Main,3DES,112,MD5,2,RSA-Sig,Tunnel,True,28800,100,Critical,Weak encryption 3DES; Weak hash MD5; Weak DH group 2
ed1db9b1-3825-4c5e-828f-d9dba2aa1583,IKEv2,Main,DES,56,SHA1,31,RSA-Sig,Tunnel,False,86400,85,Critical,Weak encryption DES; Weak hash SHA1; Perfect Forward Secrecy (PFS) is disabled
9ff26de9-8e01-4c22-80b3-3c1b0fccd4f5,IKEv2,Main,3DES,112,SHA512,5,PSK,Transport,False,3600,92,Critical,Weak encryption 3DES; Weak DH group 5; Perfect Forward Secrecy (PFS) is disabled
ee151216-757c-4f78-a198-fea21289fe06,IKEv2,Main,AES-256-GCM,256,SHA384,19,ECDSA-Sig,Tunnel,False,86400,19,Low,Perfect Forward Secrecy (PFS) is disabled
2eb7f14c-ede6-40a2-aaf3-cb4b5ec5bffc,IKEv2,Main,AES-256-CBC,256,SHA1,1,RSA-Sig,Transport,True,28800,65,Weak,Weak hash SHA1; Weak DH group 1
7d95a87a-2245-4cdf-b234-d526a81914bb,IKEv2,Main,AES-128-CBC,128,SHA384,21,ECDSA-Sig,Tunnel,False,3600,23,Strong,Perfect Forward Secrecy (PFS) is disabled
19ab21f5-ba76-446f-aa8f-4b9cb89ee1f3,IKEv1,Aggressive,3DES,112,MD5,1,ECDSA-Sig,Tunnel,True,86400,100,Critical,Legacy IKEv1 used; IKEv1 Aggressive mode vulnerable to offline dictionary attacks; Weak encryption 3DES; Weak hash MD5; Weak DH group 1
79021cb8-744f-4c3f-b556-eeffd6e7847c,IKEv2,Main,DES,56,SHA1,20,ECDSA-Sig,Transport,False,3600,86,Critical,Weak encryption DES; Weak hash SHA1; Perfect Forward Secrecy (PFS) is disabled
ed29bd08-5448-43f3-8872-687fa610f54b,IKEv2,Main,AES-256-CBC,256,SHA1,5,RSA-Sig,Transport,False,86400,82,Critical,Weak hash SHA1; Weak DH group 5; Perfect Forward Secrecy (PFS) is disabled
a56affe8-c634-44d5-83ae-d114ef313e17,IKEv1,Aggressive,3DES,112,SHA256,1,PSK,Transport,False,28800,100,Critical,Legacy IKEv1 used; IKEv1 Aggressive mode vulnerable to offline dictionary attacks; Weak encryption 3DES; Weak DH group 1; PSK with Aggressive Mode is highly risky; Perfect Forward Secrecy (PFS) is disabled
9ff9b59f-daab-4797-9cd3-f3e40f1cca71,IKEv2,Main,AES-256-CBC,256,SHA256,1,RSA-Sig,Transport,False,3600,54,Moderate,Weak DH group 1; Perfect Forward Secrecy (PFS) is disabled
91c08ced-8456-4784-8466-2cfa56f47053,IKEv2,Main,AES-256-CBC,256,SHA512,5,PSK,Transport,True,3600,29,Strong,Weak DH group 5
c7e76047-d5ad-41f7-96b7-c0af211ae2ff,IKEv2,Main,3DES,112,SHA384,2,ECDSA-Sig,Tunnel,True,28800,75,Weak,Weak encryption 3DES; Weak DH group 2
fba322c9-01e4-47a4-b606-6f8857978148,IKEv1,Aggressive,AES-256-GCM,256,MD5,5,PSK,Tunnel,True,28800,100,Critical,Legacy IKEv1 used; IKEv1 Aggressive mode vulnerable to offline dictionary attacks; Weak hash MD5; Weak DH group 5; PSK with Aggressive Mode is highly risky
647522cd-a5a8-41aa-9322-59200d247397,IKEv2,Main,DES,56,SHA1,20,RSA-Sig,Transport,True,3600,69,Weak,Weak encryption DES; Weak hash SHA1
77997cad-3a4b-486f-946e-ee7622f30116,IKEv2,Main,ChaCha20-Poly1305,256,SHA384,14,RSA-Sig,Tunnel,True,28800,2,Low,None
dbc9a3e7-0f4b-4c1a-a48d-e468987e0130,IKEv2,Main,AES-256-CBC,256,SHA512,14,PSK,Tunnel,True,28800,0,Low,None
b8dee1dd-031e-4cff-9037-b1ff8690d47c,IKEv2,Main,3DES,112,MD5,2,ECDSA-Sig,Tunnel,False,86400,100,Critical,Weak encryption 3DES; Weak hash MD5; Weak DH group 2; Perfect Forward Secrecy (PFS) is disabled
77f32f75-0853-4f32-aeb2-5a983ecda6a2,IKEv2,Main,AES-256-GCM,256,SHA1,1,RSA-Sig,Tunnel,True,86400,61,Weak,Weak hash SHA1; Weak DH group 1
7a4cb6f5-f86c-47ce-bfc4-da95d57d9ecd,IKEv2,Main,DES,56,SHA512,1,RSA-Sig,Transport,False,3600,92,Critical,Weak encryption DES; Weak DH group 1; Perfect Forward Secrecy (PFS) is disabled
b3c66587-3574-437d-a904-ef680660da40,IKEv2,Main,AES-256-CBC,256,MD5,5,PSK,Transport,True,28800,56,Moderate,Weak hash MD5; Weak DH group 5
787f1a14-0f25-4010-960d-6745605ba7ef,IKEv2,Main,AES-256-CBC,256,SHA512,1,PSK,Tunnel,False,28800,48,Moderate,Weak DH group 1; Perfect Forward Secrecy (PFS) is disabled
b7baf629-acb7-462a-bf8d-b30b9d796b50,IKEv1,Aggressive,DES,56,SHA512,2,RSA-Sig,Transport,False,3600,100,Critical,Legacy IKEv1 used; IKEv1 Aggressive mode vulnerable to offline dictionary attacks; Weak encryption DES; Weak DH group 2; Perfect Forward Secrecy (PFS) is disabled
fdbd7a9d-8361-4e04-8aba-31e1999ca8de,IKEv2,Main,3DES,112,SHA384,31,PSK,Transport,False,28800,64,Weak,Weak encryption 3DES; Perfect Forward Secrecy (PFS) is disabled
c2538947-24d9-4033-bc3d-e7906a587706,IKEv1,Quick,ChaCha20-Poly1305,256,SHA1,19,PSK,Tunnel,False,28800,70,Weak,Legacy IKEv1 used; Weak hash SHA1; Perfect Forward Secrecy (PFS) is disabled
63d1f2cd-ff1b-472c-9a51-db5a49fd9fe8,IKEv1,Aggressive,DES,56,SHA512,1,ECDSA-Sig,Transport,False,3600,100,Critical,Legacy IKEv1 used; IKEv1 Aggressive mode vulnerable to offline dictionary attacks; Weak encryption DES; Weak DH group 1; Perfect Forward Secrecy (PFS) is disabled
812cb86b-70bd-4dcd-9ab5-292cb2617ba4,IKEv2,Main,DES,56,SHA1,14,RSA-Sig,Transport,True,28800,69,Weak,Weak encryption DES; Weak hash SHA1
6a17d300-d3b4-405a-b6a6-546924670c71,IKEv2,Main,3DES,112,SHA384,1,PSK,Tunnel,True,86400,69,Weak,Weak encryption 3DES; Weak DH group 1
6a60b372-abd5-4b2e-9541-f3e9ff718350,IKEv1,Quick,AES-256-GCM,256,SHA256,1,PSK,Transport,True,28800,45,Moderate,Legacy IKEv1 used; Weak DH group 1
9ff21f12-3ae8-495e-a317-330442f20cae,IKEv1,Aggressive,AES-128-CBC,128,SHA512,5,ECDSA-Sig,Tunnel,True,3600,85,Critical,Legacy IKEv1 used; IKEv1 Aggressive mode vulnerable to offline dictionary attacks; Weak DH group 5
49e1bfb0-d16e-4889-a102-fa3d633364c7,IKEv2,Main,AES-256-GCM,256,SHA512,5,RSA-Sig,Tunnel,False,28800,51,Moderate,Weak DH group 5; Perfect Forward Secrecy (PFS) is disabled
3e725566-7282-493e-825f-f588633c5a66,IKEv1,Quick,AES-256-CBC,256,MD5,2,PSK,Tunnel,False,28800,99,Critical,Legacy IKEv1 used; Weak hash MD5; Weak DH group 2; Perfect Forward Secrecy (PFS) is disabled
09e9ceda-1c24-4202-ace0-0ebc22790bf3,IKEv2,Main,AES-128-CBC,128,MD5,20,ECDSA-Sig,Transport,False,28800,45,Moderate,Weak hash MD5; Perfect Forward Secrecy (PFS) is disabled
2f107ee2-c71f-4552-9750-9bb5dacb3fe0,IKEv2,Main,ChaCha20-Poly1305,256,SHA1,2,RSA-Sig,Transport,False,28800,84,Critical,Weak hash SHA1; Weak DH group 2; Perfect Forward Secrecy (PFS) is disabled
8ae14a05-24cf-4f58-a752-cad48f74a338,IKEv1,Main,AES-256-GCM,256,SHA1,19,ECDSA-Sig,Tunnel,False,28800,75,Weak,Legacy IKEv1 used; Weak hash SHA1; Perfect Forward Secrecy (PFS) is disabled
aeebf7ec-f70c-4bce-864e-21aad5fdd9a4,IKEv2,Main,3DES,112,SHA256,21,RSA-Sig,Tunnel,True,3600,35,Strong,Weak encryption 3DES
853743ee-2b8e-43a9-94f3-9e5ea98fd1c3,IKEv1,Main,3DES,112,MD5,2,RSA-Sig,Transport,False,28800,100,Critical,Legacy IKEv1 used; Weak encryption 3DES; Weak hash MD5; Weak DH group 2; Perfect Forward Secrecy (PFS) is disabled
545c0fbd-2822-4b7e-85a6-663a672d8699,IKEv2,Main,AES-128-CBC,128,SHA1,21,PSK,Tunnel,False,28800,52,Moderate,Weak hash SHA1; Perfect Forward Secrecy (PFS) is disabled
373c2a0b-b21c-4293-b29e-b8b9cf8adc51,IKEv2,Main,DES,56,SHA256,19,ECDSA-Sig,Tunnel,False,86400,59,Moderate,Weak encryption DES; Perfect Forward Secrecy (PFS) is disabled
27285e9e-ae12-40c6-b266-9172f2966dd7,IKEv2,Main,ChaCha20-Poly1305,256,MD5,31,ECDSA-Sig,Transport,True,28800,28,Strong,Weak hash MD5
b118cd32-1d92-4454-a21f-f6734a324a87,IKEv1,Main,AES-128-CBC,128,SHA1,2,PSK,Transport,True,86400,84,Critical,Legacy IKEv1 used; Weak hash SHA1; Weak DH group 2
d607ef30-0722-46d6-bef0-78f5eb6dbfbb,IKEv2,Main,3DES,112,SHA1,31,PSK,Transport,True,86400,70,Weak,Weak encryption 3DES; Weak hash SHA1
620278a9-b2ef-40df-83bb-3acf2242987d,IKEv2,Main,AES-256-GCM,256,SHA1,31,ECDSA-Sig,Tunnel,False,28800,48,Moderate,Weak hash SHA1; Perfect Forward Secrecy (PFS) is disabled
9cf2e4fb-1711-4248-8a3f-1e3dfd1896d5,IKEv1,Aggressive,3DES,112,SHA384,19,PSK,Tunnel,True,28800,100,Critical,Legacy IKEv1 used; IKEv1 Aggressive mode vulnerable to offline dictionary attacks; Weak encryption 3DES; PSK with Aggressive Mode is highly risky
3ae7fb91-6504-400e-a3dd-4be770107d5e,IKEv2,Main,AES-128-CBC,128,SHA1,21,ECDSA-Sig,Transport,False,3600,48,Moderate,Weak hash SHA1; Perfect Forward Secrecy (PFS) is disabled
6177442b-d742-476b-8f8e-0515c2e9b073,IKEv2,Main,AES-128-CBC,128,SHA1,5,PSK,Tunnel,True,3600,64,Weak,Weak hash SHA1; Weak DH group 5
3cd40197-d62d-42f8-affd-6b81f599d2a9,IKEv2,Main,ChaCha20-Poly1305,256,SHA1,1,RSA-Sig,Tunnel,False,28800,79,Weak,Weak hash SHA1; Weak DH group 1; Perfect Forward Secrecy (PFS) is disabled
f5c95c7e-3c52-4582-991a-73b1916fd0a5,IKEv2,Main,3DES,112,MD5,21,PSK,Tunnel,False,86400,95,Critical,Weak encryption 3DES; Weak hash MD5; Perfect Forward Secrecy (PFS) is disabled
179556be-7545-4534-b7cb-31bcb8d96056,IKEv2,Main,AES-256-CBC,256,MD5,14,PSK,Transport,True,3600,35,Strong,Weak hash MD5
2ac0b308-1169-4016-bcc6-6de03d5aafb5,IKEv2,Main,AES-256-GCM,256,SHA384,19,ECDSA-Sig,Transport,True,3600,5,Low,None
1576b7ae-f836-414d-9723-7ba5b730458c,IKEv1,Quick,AES-256-CBC,256,SHA384,5,RSA-Sig,Tunnel,False,86400,67,Weak,Legacy IKEv1 used; Weak DH group 5; Perfect Forward Secrecy (PFS) is disabled
21f259d0-d2bc-4ee3-bcfe-8d25a1293683,IKEv1,Quick,AES-256-GCM,256,SHA512,1,PSK,Tunnel,False,28800,75,Weak,Legacy IKEv1 used; Weak DH group 1; Perfect Forward Secrecy (PFS) is disabled
dea37dbe-f332-490b-a168-2f8e93c479f0,IKEv2,Main,AES-256-GCM,256,SHA384,2,ECDSA-Sig,Transport,True,3600,26,Strong,Weak DH group 2
899fa435-8781-4901-a2d6-1acb306363e5,IKEv2,Main,3DES,112,SHA384,19,RSA-Sig,Transport,False,28800,65,Weak,Weak encryption 3DES; Perfect Forward Secrecy (PFS) is disabled
64410beb-cc3b-422e-b798-03fa5fc7cd85,IKEv2,Main,DES,56,MD5,20,PSK,Transport,False,86400,95,Critical,Weak encryption DES; Weak hash MD5; Perfect Forward Secrecy (PFS) is disabled
23897d57-e658-45dc-869d-fb1c17d2b987,IKEv2,Main,DES,56,SHA512,20,ECDSA-Sig,Tunnel,False,28800,55,Moderate,Weak encryption DES; Perfect Forward Secrecy (PFS) is disabled
2192110a-87c5-45e3-8da2-1089ef7e303b,IKEv1,Quick,AES-256-CBC,256,SHA256,19,RSA-Sig,Transport,True,3600,19,Low,Legacy IKEv1 used
eb92f1ee-3b8d-40f6-a266-77fda4cf2fc7,IKEv1,Aggressive,AES-128-CBC,128,MD5,5,RSA-Sig,Tunnel,False,86400,100,Critical,Legacy IKEv1 used; IKEv1 Aggressive mode vulnerable to offline dictionary attacks; Weak hash MD5; Weak DH group 5; Perfect Forward Secrecy (PFS) is disabled
a8294e0e-ebd6-4554-bed8-f7ceca733a9b,IKEv2,Main,3DES,112,SHA384,20,ECDSA-Sig,Transport,False,3600,55,Moderate,Weak encryption 3DES; Perfect Forward Secrecy (PFS) is disabled
9405b1a4-a5fc-4bbe-9483-8d3d4ac13644,IKEv2,Main,AES-256-CBC,256,SHA1,20,RSA-Sig,Transport,False,3600,54,Moderate,Weak hash SHA1; Perfect Forward Secrecy (PFS) is disabled
899ce8d8-7d15-4917-8dcf-9bf14c10d624,IKEv2,Main,AES-128-CBC,128,SHA512,21,RSA-Sig,Tunnel,False,28800,20,Strong,Perfect Forward Secrecy (PFS) is disabled
8a50a83a-5761-4334-956a-e667230e5677,IKEv1,Quick,3DES,112,SHA384,1,PSK,Transport,True,28800,87,Critical,Legacy IKEv1 used; Weak encryption 3DES; Weak DH group 1
45afb4e4-332b-44c4-ba60-4336fe960f8b,IKEv2,Main,AES-256-GCM,256,SHA512,1,RSA-Sig,Transport,True,3600,26,Strong,Weak DH group 1
44d3c484-d567-4862-85a1-e0116e8ae014,IKEv1,Aggressive,AES-128-CBC,128,SHA384,2,ECDSA-Sig,Tunnel,False,86400,99,Critical,Legacy IKEv1 used; IKEv1 Aggressive mode vulnerable to offline dictionary attacks; Weak DH group 2; Perfect Forward Secrecy (PFS) is disabled
5ff18da0-c1d5-45d8-a507-c8fb8083a008,IKEv2,Main,DES,56,SHA256,1,ECDSA-Sig,Tunnel,True,3600,70,Weak,Weak encryption DES; Weak DH group 1
35af86f1-9ab3-4d89-aa5d-f601132e4fca,IKEv2,Main,DES,56,SHA512,21,ECDSA-Sig,Tunnel,True,86400,41,Moderate,Weak encryption DES
5524c69f-ce96-4bb8-8752-14467d9e3760,IKEv1,Main,AES-128-CBC,128,MD5,2,PSK,Tunnel,False,28800,97,Critical,Legacy IKEv1 used; Weak hash MD5; Weak DH group 2; Perfect Forward Secrecy (PFS) is disabled
94effd6b-7c8a-4aed-9e6e-8f2218ee18b9,IKEv2,Main,AES-128-CBC,128,SHA512,31,PSK,Tunnel,False,86400,18,Low,Perfect Forward Secrecy (PFS) is disabled
0a835c9f-f1ba-4f13-a208-95f851843b28,IKEv2,Main,AES-256-CBC,256,MD5,20,PSK,Transport,True,86400,27,Strong,Weak hash MD5
0dc154d2-5887-4deb-93ba-78b26e495259,IKEv2,Main,AES-256-GCM,256,SHA256,14,RSA-Sig,Transport,True,86400,3,Low,None
ec91ffd3-76f2-494b-86fb-b82b1c02eac8,IKEv2,Main,3DES,112,SHA384,14,RSA-Sig,Tunnel,True,86400,40,Moderate,Weak encryption 3DES
ad148256-d8b7-468e-b8ed-bb3e0590afeb,IKEv2,Main,3DES,112,SHA384,31,PSK,Tunnel,False,3600,63,Weak,Weak encryption 3DES; Perfect Forward Secrecy (PFS) is disabled
ba2d5cb9-144b-415e-8a64-2282abce5e61,IKEv2,Main,DES,56,SHA256,31,PSK,Transport,False,28800,63,Weak,Weak encryption DES; Perfect Forward Secrecy (PFS) is disabled
cf4e3a76-f100-4f73-8159-d06440cc2337,IKEv1,Quick,AES-256-CBC,256,MD5,20,PSK,Tunnel,True,86400,49,Moderate,Legacy IKEv1 used; Weak hash MD5
c6a54837-7370-47a5-adcc-c9da830613b4,IKEv2,Main,AES-256-GCM,256,MD5,5,ECDSA-Sig,Tunnel,True,28800,57,Moderate,Weak hash MD5; Weak DH group 5
798ff0b4-3392-4736-8eeb-7bca1a6578f0,IKEv2,Main,DES,56,SHA1,20,RSA-Sig,Tunnel,False,28800,89,Critical,Weak encryption DES; Weak hash SHA1; Perfect Forward Secrecy (PFS) is disabled
ce6b7849-3143-47cf-8059-03c1515cf5f3,IKEv2,Main,3DES,112,SHA384,31,RSA-Sig,Tunnel,False,86400,62,Weak,Weak encryption 3DES; Perfect Forward Secrecy (PFS) is disabled
0ba9858b-9b0a-47fd-a14b-26444936702c,IKEv2,Main,AES-128-CBC,128,SHA1,2,ECDSA-Sig,Transport,True,86400,59,Moderate,Weak hash SHA1; Weak DH group 2
978fe316-55ef-4f14-b0de-858a02b1bbdb,IKEv2,Main,AES-256-CBC,256,SHA384,20,ECDSA-Sig,Tunnel,False,3600,20,Strong,Perfect Forward Secrecy (PFS) is disabled
566b93ea-0443-4978-8b77-c78d3224452c,IKEv1,Quick,DES,56,MD5,2,PSK,Tunnel,True,86400,100,Critical,Legacy IKEv1 used; Weak encryption DES; Weak hash MD5; Weak DH group 2
ac7d6f14-ef7d-4d09-a79c-6cbb80863ce9,IKEv2,Main,3DES,112,SHA384,5,PSK,Transport,True,86400,72,Weak,Weak encryption 3DES; Weak DH group 5
88228118-2f1d-4aaa-a873-f28f00eeff0c,IKEv1,Aggressive,DES,56,SHA256,14,PSK,Transport,False,3600,100,Critical,Legacy IKEv1 used; IKEv1 Aggressive mode vulnerable to offline dictionary attacks; Weak encryption DES; PSK with Aggressive Mode is highly risky; Perfect Forward Secrecy (PFS) is disabled
74a16b5a-63f7-4ab4-b609-d8355863d101,IKEv1,Aggressive,AES-256-GCM,256,SHA512,2,ECDSA-Sig,Transport,True,3600,77,Weak,Legacy IKEv1 used; IKEv1 Aggressive mode vulnerable to offline dictionary attacks; Weak DH group 2
a8abc4ef-ccb5-4c2c-80c0-10a65ca33f3b,IKEv2,Main,AES-256-CBC,256,SHA512,20,ECDSA-Sig,Transport,False,86400,18,Low,Perfect Forward Secrecy (PFS) is disabled
9b0b99a1-8e6b-4e18-b70b-ade84b1528c9,IKEv1,Aggressive,DES,56,SHA1,2,PSK,Tunnel,False,28800,100,Critical,Legacy IKEv1 used; IKEv1 Aggressive mode vulnerable to offline dictionary attacks; Weak encryption DES; Weak hash SHA1; Weak DH group 2; PSK with Aggressive Mode is highly risky; Perfect Forward Secrecy (PFS) is disabled
86cf2b6f-7bd7-436c-871b-9ab3c91cac59,IKEv1,Quick,3DES,112,SHA256,21,PSK,Transport,True,86400,65,Weak,Legacy IKEv1 used; Weak encryption 3DES
e0cfa882-af27-4007-9057-8a966bc41c9f,IKEv1,Aggressive,AES-256-GCM,256,SHA384,21,ECDSA-Sig,Tunnel,True,28800,51,Moderate,Legacy IKEv1 used; IKEv1 Aggressive mode vulnerable to offline dictionary attacks
c7757623-cd7f-4f76-9255-3a9930e1a6a0,IKEv2,Main,3DES,112,SHA1,20,PSK,Transport,False,3600,93,Critical,Weak encryption 3DES; Weak hash SHA1; Perfect Forward Secrecy (PFS) is disabled
985efec9-14b2-419a-a4c0-11fb28c2acc0,IKEv2,Main,3DES,112,SHA256,2,ECDSA-Sig,Transport,False,28800,90,Critical,Weak encryption 3DES; Weak DH group 2; Perfect Forward Secrecy (PFS) is disabled
34972a6f-ce53-4779-8d8b-dc1a7e7ca697,IKEv2,Main,ChaCha20-Poly1305,256,SHA1,5,PSK,Tunnel,True,86400,56,Moderate,Weak hash SHA1; Weak DH group 5
54907f27-c3da-482c-834b-3e93afe2b2cc,IKEv2,Main,AES-256-GCM,256,SHA1,5,ECDSA-Sig,Tunnel,True,86400,61,Weak,Weak hash SHA1; Weak DH group 5
2cbabb45-ec00-42a6-a3bd-a2b68bbe6d15,IKEv1,Main,AES-128-CBC,128,SHA512,19,PSK,Transport,False,86400,35,Strong,Legacy IKEv1 used; Perfect Forward Secrecy (PFS) is disabled
c24f4cdc-57b5-495c-9d65-6cbf3d00c174,IKEv1,Quick,AES-256-GCM,256,SHA1,31,ECDSA-Sig,Transport,True,86400,49,Moderate,Legacy IKEv1 used; Weak hash SHA1
540dc5c4-1fb0-4feb-9755-8c71fc2e6f1f,IKEv2,Main,ChaCha20-Poly1305,256,SHA384,1,PSK,Transport,False,28800,53,Moderate,Weak DH group 1; Perfect Forward Secrecy (PFS) is disabled
1f4df740-2ba0-4b35-859d-66bd2bf7474a,IKEv2,Main,AES-256-CBC,256,SHA512,21,ECDSA-Sig,Tunnel,False,86400,16,Low,Perfect Forward Secrecy (PFS) is disabled
ab7b7676-532f-4765-b427-5e3cd5fc33dc,IKEv2,Main,AES-128-CBC,128,SHA384,2,PSK,Tunnel,True,86400,32,Strong,Weak DH group 2
54e1a227-05af-4089-afdd-27a1ff44c4f0,IKEv2,Main,AES-128-CBC,128,SHA1,5,RSA-Sig,Tunnel,False,28800,80,Critical,Weak hash SHA1; Weak DH group 5; Perfect Forward Secrecy (PFS) is disabled
2047929b-4748-4ee6-ab15-303ab52558ef,IKEv2,Main,AES-256-CBC,256,SHA384,2,PSK,Tunnel,False,3600,55,Moderate,Weak DH group 2; Perfect Forward Secrecy (PFS) is disabled
aa83c2ce-4060-4f28-80ab-c096a12300fd,IKEv2,Main,AES-256-GCM,256,SHA384,2,PSK,Tunnel,True,86400,35,Strong,Weak DH group 2
8017ccaf-cf18-4abf-a5a6-0cb4f0f1837c,IKEv1,Main,DES,56,SHA1,31,ECDSA-Sig,Tunnel,True,28800,89,Critical,Legacy IKEv1 used; Weak encryption DES; Weak hash SHA1
53831a6b-1bbe-480e-916f-1d981c97040d,IKEv2,Main,AES-256-GCM,256,SHA256,21,PSK,Tunnel,True,86400,4,Low,None
d7389d0f-fba7-40c3-affa-47164ac52757,IKEv2,Main,3DES,112,SHA256,31,ECDSA-Sig,Transport,True,28800,41,Moderate,Weak encryption 3DES
754b790f-c804-4e03-8271-fc1bfc5efbdb,IKEv1,Main,DES,56,SHA256,20,PSK,Tunnel,True,86400,65,Weak,Legacy IKEv1 used; Weak encryption DES
eb87cb57-6d28-4b94-bbbb-aa96912f8840,IKEv2,Main,AES-256-CBC,256,SHA1,21,RSA-Sig,Tunnel,True,3600,30,Strong,Weak hash SHA1
a5e24ffc-8bb3-4008-b07a-b4ab64d9c823,IKEv2,Main,ChaCha20-Poly1305,256,MD5,14,ECDSA-Sig,Tunnel,True,3600,26,Strong,Weak hash MD5
7a3c858a-596b-4f20-8fa8-00ee45d02d96,IKEv1,Quick,AES-128-CBC,128,MD5,21,RSA-Sig,Tunnel,True,3600,55,Moderate,Legacy IKEv1 used; Weak hash MD5
0d228f82-8568-453d-b568-98a376a68ebd,IKEv2,Main,AES-256-CBC,256,SHA512,1,RSA-Sig,Transport,True,28800,28,Strong,Weak DH group 1
7560f3c6-ecb8-4365-9d2e-0dcfd7d5c187,IKEv2,Main,AES-128-CBC,128,MD5,19,ECDSA-Sig,Transport,False,3600,52,Moderate,Weak hash MD5; Perfect Forward Secrecy (PFS) is disabled
e2a0083c-5bce-4ba8-a116-da4a0fd44d30,IKEv2,Main,AES-256-CBC,256,SHA384,1,ECDSA-Sig,Transport,True,28800,25,Strong,Weak DH group 1
35e1cef0-433c-4e50-8a76-240bd69e9cb6,IKEv2,Main,3DES,112,SHA384,2,ECDSA-Sig,Tunnel,False,28800,94,Critical,Weak encryption 3DES; Weak DH group 2; Perfect Forward Secrecy (PFS) is disabled
5b719e60-5109-472f-822d-4f61c7c4602c,IKEv2,Main,3DES,112,MD5,31,PSK,Tunnel,True,86400,73,Weak,Weak encryption 3DES; Weak hash MD5
90b1266e-efeb-431f-b168-814309d5c500,IKEv1,Aggressive,AES-128-CBC,128,SHA1,5,RSA-Sig,Tunnel,False,86400,100,Critical,Legacy IKEv1 used; IKEv1 Aggressive mode vulnerable to offline dictionary attacks; Weak hash SHA1; Weak DH group 5; Perfect Forward Secrecy (PFS) is disabled
dcb03ae8-6a2c-400e-af3a-c675f40d3105,IKEv2,Main,AES-256-GCM,256,SHA512,1,ECDSA-Sig,Tunnel,False,3600,54,Moderate,Weak DH group 1; Perfect Forward Secrecy (PFS) is disabled
b4363722-4e5c-4c6f-a35d-64eb5ba27368,IKEv2,Main,AES-256-GCM,256,SHA512,21,ECDSA-Sig,Transport,False,28800,18,Low,Perfect Forward Secrecy (PFS) is disabled
82cbcd19-4ded-4b46-9691-627859ad0245,IKEv2,Main,3DES,112,SHA512,2,RSA-Sig,Transport,True,28800,75,Weak,Weak encryption 3DES; Weak DH group 2
36c025e0-c2c6-4025-804e-f9295bdec0e1,IKEv2,Main,3DES,112,MD5,20,PSK,Transport,True,3600,66,Weak,Weak encryption 3DES; Weak hash MD5
f64ee0f2-90bb-4dc9-b373-b471e1b62fee,IKEv2,Main,DES,56,MD5,2,PSK,Tunnel,False,3600,100,Critical,Weak encryption DES; Weak hash MD5; Weak DH group 2; Perfect Forward Secrecy (PFS) is disabled
8e0a2e92-7e42-46b3-b2ed-4caab24962a6,IKEv2,Main,DES,56,MD5,1,PSK,Tunnel,False,3600,100,Critical,Weak encryption DES; Weak hash MD5; Weak DH group 1; Perfect Forward Secrecy (PFS) is disabled
7a25aaf4-e135-47dc-89b9-64cc4da76cdc,IKEv2,Main,ChaCha20-Poly1305,256,MD5,1,PSK,Tunnel,False,28800,79,Weak,Weak hash MD5; Weak DH group 1; Perfect Forward Secrecy (PFS) is disabled
93a541d7-449c-435c-b73c-ac125619aa2a,IKEv2,Main,DES,56,SHA256,14,ECDSA-Sig,Tunnel,False,28800,65,Weak,Weak encryption DES; Perfect Forward Secrecy (PFS) is disabled
fa842a16-e7b1-4984-b28a-20293d3d752a,IKEv2,Main,DES,56,SHA384,20,PSK,Tunnel,True,28800,41,Moderate,Weak encryption DES
d2ffd4a0-40b7-47db-b96d-49c879ae4fc4,IKEv2,Main,DES,56,SHA1,14,PSK,Transport,True,28800,66,Weak,Weak encryption DES; Weak hash SHA1
382656dd-99af-4129-a52a-d61bd93486f7,IKEv2,Main,DES,56,SHA256,21,RSA-Sig,Transport,True,28800,37,Strong,Weak encryption DES
90738de2-1022-4d3c-a476-7f57057da9cc,IKEv2,Main,3DES,112,MD5,31,PSK,Transport,False,3600,85,Critical,Weak encryption 3DES; Weak hash MD5; Perfect Forward Secrecy (PFS) is disabled
dee19654-2a68-4202-a11d-3891e30bc414,IKEv2,Main,AES-256-CBC,256,SHA512,21,RSA-Sig,Tunnel,True,28800,0,Low,None
7d9d7a04-9736-499a-8b37-3298dddbf509,IKEv1,Aggressive,AES-128-CBC,128,SHA384,20,ECDSA-Sig,Transport,False,3600,69,Weak,Legacy IKEv1 used; IKEv1 Aggressive mode vulnerable to offline dictionary attacks; Perfect Forward Secrecy (PFS) is disabled
6ad4ae54-9ab4-46c2-8028-441f5b7e65f5,IKEv1,Quick,AES-256-GCM,256,SHA512,20,PSK,Transport,False,86400,42,Moderate,Legacy IKEv1 used; Perfect Forward Secrecy (PFS) is disabled
e71ec168-06d0-4f1f-aa64-bc35a83cc47c,IKEv2,Main,AES-256-CBC,256,MD5,21,ECDSA-Sig,Transport,False,28800,46,Moderate,Weak hash MD5; Perfect Forward Secrecy (PFS) is disabled
a3c3894d-4bcb-43db-8d8b-80ee3e3f859e,IKEv2,Main,DES,56,SHA512,5,RSA-Sig,Tunnel,True,28800,66,Weak,Weak encryption DES; Weak DH group 5
65940578-cc8d-4486-8e83-1cf7aea82c9c,IKEv2,Main,AES-128-CBC,128,SHA256,5,PSK,Transport,True,86400,28,Strong,Weak DH group 5
46bf4724-ee09-4f77-a8fb-b6589c217c5f,IKEv2,Main,AES-256-GCM,256,SHA1,1,ECDSA-Sig,Transport,True,3600,63,Weak,Weak hash SHA1; Weak DH group 1
ba53f020-35ef-4507-ae8e-55768e044eec,IKEv2,Main,3DES,112,SHA384,1,ECDSA-Sig,Tunnel,False,3600,87,Critical,Weak encryption 3DES; Weak DH group 1; Perfect Forward Secrecy (PFS) is disabled
0b7425a9-1a7f-42d2-b6c4-2640c6acfc6a,IKEv2,Main,AES-256-GCM,256,SHA512,1,PSK,Tunnel,True,86400,31,Strong,Weak DH group 1
87c3fe04-fda0-4f20-a0f0-9bc14306e692,IKEv2,Main,AES-256-CBC,256,SHA256,20,RSA-Sig,Tunnel,True,3600,2,Low,None
cc0d9a77-a3a6-4bc1-9c3e-248492405bcd,IKEv1,Quick,ChaCha20-Poly1305,256,SHA384,19,ECDSA-Sig,Tunnel,True,86400,20,Strong,Legacy IKEv1 used
818fcba4-a70b-428e-8baa-5994ac3282f3,IKEv2,Main,ChaCha20-Poly1305,256,SHA1,19,ECDSA-Sig,Transport,False,28800,55,Moderate,Weak hash SHA1; Perfect Forward Secrecy (PFS) is disabled
cfc723da-5d28-4131-8fab-753141c1c214,IKEv2,Main,DES,56,SHA256,1,RSA-Sig,Transport,True,86400,73,Weak,Weak encryption DES; Weak DH group 1
109ec110-89a3-47b7-b550-66762f0281cc,IKEv1,Aggressive,ChaCha20-Poly1305,256,SHA384,19,ECDSA-Sig,Transport,True,3600,51,Moderate,Legacy IKEv1 used; IKEv1 Aggressive mode vulnerable to offline dictionary attacks
6d0e371f-b9ef-4cdf-aac1-dab930e9c77a,IKEv2,Main,ChaCha20-Poly1305,256,SHA256,1,PSK,Transport,True,86400,34,Strong,Weak DH group 1
709cf1a3-b2b2-4f9a-8ead-2e885f750cc7,IKEv1,Aggressive,ChaCha20-Poly1305,256,SHA512,5,ECDSA-Sig,Transport,True,28800,77,Weak,Legacy IKEv1 used; IKEv1 Aggressive mode vulnerable to offline dictionary attacks; Weak DH group 5
baae1c69-9be2-4b8c-b482-421b223cbde1,IKEv2,Main,DES,56,MD5,21,RSA-Sig,Transport,True,3600,71,Weak,Weak encryption DES; Weak hash MD5
36fd712a-b906-4d05-9637-451d502f1371,IKEv1,Main,AES-128-CBC,128,SHA512,14,RSA-Sig,Tunnel,False,86400,45,Moderate,Legacy IKEv1 used; Perfect Forward Secrecy (PFS) is disabled
4a5bdce3-ffe9-4036-bde0-c99e96b97d11,IKEv1,Aggressive,AES-256-GCM,256,SHA384,2,PSK,Transport,True,3600,96,Critical,Legacy IKEv1 used; IKEv1 Aggressive mode vulnerable to offline dictionary attacks; Weak DH group 2; PSK with Aggressive Mode is highly risky
d2d89650-43bc-4c11-9dc3-589ec0be62aa,IKEv2,Main,DES,56,SHA384,5,RSA-Sig,Tunnel,False,86400,92,Critical,Weak encryption DES; Weak DH group 5; Perfect Forward Secrecy (PFS) is disabled
95f314a0-dbdb-4a91-a16d-53ab6a335067,IKEv1,Quick,AES-256-GCM,256,SHA1,21,ECDSA-Sig,Transport,True,86400,54,Moderate,Legacy IKEv1 used; Weak hash SHA1
ede67cd8-60cd-4dde-a3e5-b006814cdbf7,IKEv2,Main,AES-128-CBC,128,SHA512,1,PSK,Transport,True,3600,31,Strong,Weak DH group 1
f6145cec-8a8c-4ad1-b2e2-5092c41727b9,IKEv2,Main,AES-256-CBC,256,MD5,20,RSA-Sig,Tunnel,True,28800,29,Strong,Weak hash MD5
f8e7f7f2-f27a-4b5c-8132-28262a9f8cca,IKEv2,Main,AES-256-GCM,256,MD5,21,PSK,Tunnel,True,86400,25,Strong,Weak hash MD5
26ab48a2-b55c-4e9b-8dd4-d8841e8a5bf8,IKEv2,Main,DES,56,SHA1,5,RSA-Sig,Transport,True,3600,100,Critical,Weak encryption DES; Weak hash SHA1; Weak DH group 5
ebfd5954-e231-4ead-bf18-6822aef45c67,IKEv1,Quick,AES-256-CBC,256,SHA256,1,PSK,Transport,True,28800,48,Moderate,Legacy IKEv1 used; Weak DH group 1
761e8cbd-4915-4181-a484-5e7aa48f04bc,IKEv2,Main,ChaCha20-Poly1305,256,MD5,1,ECDSA-Sig,Transport,False,3600,82,Critical,Weak hash MD5; Weak DH group 1; Perfect Forward Secrecy (PFS) is disabled
93c94804-d876-4043-b261-9950e9e71213,IKEv2,Main,DES,56,SHA384,21,ECDSA-Sig,Transport,True,3600,42,Moderate,Weak encryption DES
8e9658ae-e644-4d02-8a8b-7f2b33872575,IKEv1,Main,ChaCha20-Poly1305,256,MD5,31,RSA-Sig,Tunnel,True,28800,48,Moderate,Legacy IKEv1 used; Weak hash MD5
2f1ee1c2-309e-4db4-95a8-553b9e349465,IKEv1,Main,AES-256-GCM,256,SHA256,5,RSA-Sig,Transport,False,3600,70,Weak,Legacy IKEv1 used; Weak DH group 5; Perfect Forward Secrecy (PFS) is disabled
52b6fdb6-a36c-4813-9113-57a281abf8d6,IKEv2,Main,AES-256-GCM,256,SHA512,1,RSA-Sig,Tunnel,False,3600,46,Moderate,Weak DH group 1; Perfect Forward Secrecy (PFS) is disabled
15117abc-9478-4773-a314-32ac605f0054,IKEv2,Main,AES-256-GCM,256,SHA384,21,ECDSA-Sig,Transport,True,3600,5,Low,None
3c5baba8-0e38-491f-97aa-35a34da642ae,IKEv1,Aggressive,AES-256-GCM,256,MD5,19,PSK,Transport,True,86400,100,Critical,Legacy IKEv1 used; IKEv1 Aggressive mode vulnerable to offline dictionary attacks; Weak hash MD5; PSK with Aggressive Mode is highly risky
7c72b0a1-45ad-4818-ae29-7c7d2f203801,IKEv2,Main,3DES,112,SHA512,1,PSK,Tunnel,False,28800,93,Critical,Weak encryption 3DES; Weak DH group 1; Perfect Forward Secrecy (PFS) is disabled
7e8b7a10-56de-493a-98b0-db8a77c04350,IKEv1,Main,AES-256-CBC,256,SHA1,1,PSK,Transport,False,3600,100,Critical,Legacy IKEv1 used; Weak hash SHA1; Weak DH group 1; Perfect Forward Secrecy (PFS) is disabled
fc0ab713-596a-4e9c-95bf-13a87a8554f1,IKEv2,Main,3DES,112,SHA1,20,ECDSA-Sig,Transport,False,3600,90,Critical,Weak encryption 3DES; Weak hash SHA1; Perfect Forward Secrecy (PFS) is disabled
61dd22ae-f5dc-4339-95b0-c129bf93e22f,IKEv2,Main,AES-128-CBC,128,SHA384,5,RSA-Sig,Tunnel,False,86400,45,Moderate,Weak DH group 5; Perfect Forward Secrecy (PFS) is disabled
8d9c3533-912d-4b52-84e1-e0dcb5439faf,IKEv2,Main,3DES,112,SHA512,5,RSA-Sig,Tunnel,False,3600,91,Critical,Weak encryption 3DES; Weak DH group 5; Perfect Forward Secrecy (PFS) is disabled
12eed51d-6aa0-488c-ac05-5f5dd4732407,IKEv2,Main,AES-256-GCM,256,SHA256,1,ECDSA-Sig,Transport,True,3600,29,Strong,Weak DH group 1
46cba192-3547-4f6a-8e6d-6cccec816837,IKEv2,Main,AES-256-GCM,256,SHA384,31,RSA-Sig,Tunnel,True,3600,0,Low,None
0dd562ba-27e0-44b8-a802-8f8e2a7126bb,IKEv1,Aggressive,AES-128-CBC,128,SHA384,2,PSK,Transport,True,28800,96,Critical,Legacy IKEv1 used; IKEv1 Aggressive mode vulnerable to offline dictionary attacks; Weak DH group 2; PSK with Aggressive Mode is highly risky
86c18abd-8ba0-4c9f-b733-e1619c15be4c,IKEv2,Main,DES,56,SHA384,20,ECDSA-Sig,Tunnel,True,28800,42,Moderate,Weak encryption DES
ff45ec33-68ca-48b3-a991-394b14d5bfd0,IKEv2,Main,AES-256-CBC,256,MD5,21,PSK,Tunnel,True,3600,26,Strong,Weak hash MD5
db2422ae-16f1-459e-9435-cba65f82531c,IKEv2,Main,AES-256-CBC,256,SHA1,31,RSA-Sig,Tunnel,True,86400,35,Strong,Weak hash SHA1
3df98123-6ae7-4f23-9a56-16cb2233b639,IKEv2,Main,AES-256-GCM,256,SHA384,5,PSK,Transport,False,28800,48,Moderate,Weak DH group 5; Perfect Forward Secrecy (PFS) is disabled
2d70fbac-2976-4de6-9bc4-cf948d3e7a02,IKEv1,Aggressive,DES,56,SHA1,31,RSA-Sig,Transport,True,3600,100,Critical,Legacy IKEv1 used; IKEv1 Aggressive mode vulnerable to offline dictionary attacks; Weak encryption DES; Weak hash SHA1
c9612ca5-b0f6-44f4-baab-6fc3c7ea7715,IKEv2,Main,AES-128-CBC,128,SHA384,1,ECDSA-Sig,Tunnel,False,3600,55,Moderate,Weak DH group 1; Perfect Forward Secrecy (PFS) is disabled
2bfa13f4-c7aa-4700-8f74-9da8f15ea39b,IKEv2,Main,AES-128-CBC,128,MD5,14,PSK,Tunnel,False,28800,54,Moderate,Weak hash MD5; Perfect Forward Secrecy (PFS) is disabled
c0d39576-30e0-40c0-b98f-2fe2d8385ccf,IKEv2,Main,DES,56,MD5,14,RSA-Sig,Tunnel,True,3600,65,Weak,Weak encryption DES; Weak hash MD5
d4b1a389-6cb8-4c82-be33-426585144d3e,IKEv2,Main,3DES,112,MD5,2,PSK,Tunnel,False,3600,100,Critical,Weak encryption 3DES; Weak hash MD5; Weak DH group 2; Perfect Forward Secrecy (PFS) is disabled
6e2d3db9-a2e7-45a5-bf3a-23b4d505edcd,IKEv2,Main,3DES,112,MD5,2,PSK,Tunnel,False,86400,100,Critical,Weak encryption 3DES; Weak hash MD5; Weak DH group 2; Perfect Forward Secrecy (PFS) is disabled
743bd6dd-322f-4d12-80d6-335a44fa068d,IKEv1,Main,DES,56,SHA1,19,PSK,Tunnel,False,86400,100,Critical,Legacy IKEv1 used; Weak encryption DES; Weak hash SHA1; Perfect Forward Secrecy (PFS) is disabled
c7d4e1f0-f51d-4f21-807a-a464ea22939e,IKEv2,Main,ChaCha20-Poly1305,256,MD5,21,RSA-Sig,Tunnel,True,86400,27,Strong,Weak hash MD5
e7bf66e6-cf5b-409c-a1be-c6681be92400,IKEv2,Main,ChaCha20-Poly1305,256,SHA256,31,PSK,Transport,False,3600,24,Strong,Perfect Forward Secrecy (PFS) is disabled
0e2a19f6-63cc-4abf-af95-6c10e2c765d3,IKEv2,Main,AES-128-CBC,128,MD5,19,PSK,Transport,True,86400,28,Strong,Weak hash MD5
d2b0677e-80f9-49cf-80f4-db38662d0729,IKEv2,Main,DES,56,SHA1,31,PSK,Tunnel,False,28800,86,Critical,Weak encryption DES; Weak hash SHA1; Perfect Forward Secrecy (PFS) is disabled
db275bbd-7cc7-4d89-a69e-f37c0ee8d037,IKEv1,Quick,AES-256-CBC,256,SHA512,1,RSA-Sig,Transport,True,3600,53,Moderate,Legacy IKEv1 used; Weak DH group 1
5058e72f-25cd-402d-9624-c14f2230c3b3,IKEv2,Main,ChaCha20-Poly1305,256,SHA1,19,PSK,Tunnel,True,28800,28,Strong,Weak hash SHA1
16c09ba9-6d24-4722-868e-11740daaa821,IKEv2,Main,AES-256-GCM,256,MD5,2,ECDSA-Sig,Transport,True,3600,64,Weak,Weak hash MD5; Weak DH group 2
a2fb3661-088d-4ae8-a1a9-1d43132f4ea4,IKEv2,Main,DES,56,SHA384,1,PSK,Transport,False,28800,88,Critical,Weak encryption DES; Weak DH group 1; Perfect Forward Secrecy (PFS) is disabled
e160485a-ca6d-448c-8be4-fb88ae4386b4,IKEv1,Aggressive,AES-128-CBC,128,SHA512,31,ECDSA-Sig,Tunnel,True,3600,48,Moderate,Legacy IKEv1 used; IKEv1 Aggressive mode vulnerable to offline dictionary attacks
1f6d27da-2c06-4447-822c-afdfdab94cad,IKEv2,Main,AES-256-GCM,256,MD5,5,RSA-Sig,Tunnel,True,86400,60,Weak,Weak hash MD5; Weak DH group 5
8cc83e70-d2b2-40d3-a265-4639adc30953,IKEv2,Main,DES,56,MD5,20,PSK,Tunnel,False,3600,87,Critical,Weak encryption DES; Weak hash MD5; Perfect Forward Secrecy (PFS) is disabled
39363718-3e26-4ea2-a412-b2c7d369e178,IKEv2,Main,AES-256-GCM,256,SHA512,19,PSK,Tunnel,False,86400,24,Strong,Perfect Forward Secrecy (PFS) is disabled
c81f0e7f-0a5a-470c-8f8e-e34f7f9014d8,IKEv2,Main,AES-256-CBC,256,SHA1,2,ECDSA-Sig,Tunnel,True,3600,55,Moderate,Weak hash SHA1; Weak DH group 2
bbf149ec-fd3a-4ed6-b271-96f8f936e733,IKEv1,Quick,AES-128-CBC,128,SHA256,21,ECDSA-Sig,Tunnel,False,86400,39,Strong,Legacy IKEv1 used; Perfect Forward Secrecy (PFS) is disabled
dd11c420-2b75-4a99-beba-e9fa58fa681e,IKEv1,Quick,3DES,112,SHA256,5,PSK,Transport,False,3600,100,Critical,Legacy IKEv1 used; Weak encryption 3DES; Weak DH group 5; Perfect Forward Secrecy (PFS) is disabled
2aad2da3-7aaf-4fe1-ab2c-d4d0221a4ea1,IKEv2,Main,AES-256-CBC,256,MD5,21,ECDSA-Sig,Tunnel,False,86400,47,Moderate,Weak hash MD5; Perfect Forward Secrecy (PFS) is disabled
22606542-0ece-4a6b-865e-2a57f34f5d80,IKEv2,Main,DES,56,SHA256,5,PSK,Transport,False,3600,93,Critical,Weak encryption DES; Weak DH group 5; Perfect Forward Secrecy (PFS) is disabled
6b146ebc-6bcb-4b14-bd7a-311a55c657dc,IKEv1,Main,AES-256-GCM,256,SHA512,20,ECDSA-Sig,Tunnel,False,86400,39,Strong,Legacy IKEv1 used; Perfect Forward Secrecy (PFS) is disabled
4f3626e6-0875-4b61-9413-2ea5ca0bea2c,IKEv1,Quick,ChaCha20-Poly1305,256,SHA384,20,ECDSA-Sig,Tunnel,True,3600,17,Low,Legacy IKEv1 used
84908bb3-f730-41ed-b63a-205ae8aafa51,IKEv1,Aggressive,AES-256-CBC,256,SHA1,31,ECDSA-Sig,Tunnel,True,86400,76,Weak,Legacy IKEv1 used; IKEv1 Aggressive mode vulnerable to offline dictionary attacks; Weak hash SHA1
e50b1d3d-4bf5-4bc4-84f3-b354d6e1158b,IKEv2,Main,3DES,112,SHA512,19,PSK,Tunnel,False,86400,65,Weak,Weak encryption 3DES; Perfect Forward Secrecy (PFS) is disabled
34adc07b-772f-489c-aabf-89905f6ca44e,IKEv1,Aggressive,AES-256-GCM,256,SHA1,31,RSA-Sig,Transport,True,86400,75,Weak,Legacy IKEv1 used; IKEv1 Aggressive mode vulnerable to offline dictionary attacks; Weak hash SHA1
c2c56801-25d6-4851-880f-b60e81d0fa6a,IKEv2,Main,AES-128-CBC,128,SHA256,14,RSA-Sig,Transport,True,3600,0,Low,None
19ce04cc-6f98-4c04-a9be-f12919dc82fc,IKEv2,Main,ChaCha20-Poly1305,256,SHA512,19,RSA-Sig,Tunnel,True,28800,0,Low,None
0d79f2da-eae4-4d09-adc1-97c090409790,IKEv1,Main,3DES,112,SHA256,31,RSA-Sig,Tunnel,False,3600,80,Critical,Legacy IKEv1 used; Weak encryption 3DES; Perfect Forward Secrecy (PFS) is disabled
3a23f061-e394-428d-9d81-b921b1028f3b,IKEv1,Main,3DES,112,SHA1,1,PSK,Transport,True,3600,100,Critical,Legacy IKEv1 used; Weak encryption 3DES; Weak hash SHA1; Weak DH group 1
b3047459-a87a-44f5-995e-3175f8a7487a,IKEv2,Main,ChaCha20-Poly1305,256,MD5,2,PSK,Transport,False,3600,84,Critical,Weak hash MD5; Weak DH group 2; Perfect Forward Secrecy (PFS) is disabled
fc1992ea-0785-4e6f-9b2e-9279d52a9e9d,IKEv2,Main,ChaCha20-Poly1305,256,SHA1,14,ECDSA-Sig,Transport,False,3600,50,Moderate,Weak hash SHA1; Perfect Forward Secrecy (PFS) is disabled
0dd949cd-0991-4caf-a908-4e00e7bfa4ac,IKEv2,Main,AES-256-CBC,256,SHA512,1,ECDSA-Sig,Tunnel,False,28800,45,Moderate,Weak DH group 1; Perfect Forward Secrecy (PFS) is disabled
03afe845-096e-4280-a784-cc226c5b6c6c,IKEv2,Main,DES,56,SHA512,21,ECDSA-Sig,Transport,False,3600,57,Moderate,Weak encryption DES; Perfect Forward Secrecy (PFS) is disabled
56c735e6-0278-4b10-8db7-4a6b14607028,IKEv2,Main,AES-256-GCM,256,SHA512,2,ECDSA-Sig,Tunnel,False,86400,49,Moderate,Weak DH group 2; Perfect Forward Secrecy (PFS) is disabled
df6d2870-7662-4a3e-8ece-b6b3f7fdca56,IKEv2,Main,ChaCha20-Poly1305,256,SHA256,19,PSK,Transport,False,28800,15,Low,Perfect Forward Secrecy (PFS) is disabled
9b028367-2e7d-443b-b6aa-f06255d0527b,IKEv1,Main,AES-256-CBC,256,SHA384,21,ECDSA-Sig,Transport,True,86400,17,Low,Legacy IKEv1 used
a13d5bd5-ca3c-407e-b3a1-530e2bf82fbd,IKEv2,Main,AES-256-GCM,256,SHA512,19,PSK,Tunnel,True,3600,1,Low,None
c074f7b8-0160-428c-81e0-9701deff32ce,IKEv1,Aggressive,AES-128-CBC,128,SHA256,14,PSK,Tunnel,False,28800,93,Critical,Legacy IKEv1 used; IKEv1 Aggressive mode vulnerable to offline dictionary attacks; PSK with Aggressive Mode is highly risky; Perfect Forward Secrecy (PFS) is disabled
0bd7c154-6658-4a47-96d7-176abcef90c0,IKEv2,Main,DES,56,SHA384,21,RSA-Sig,Tunnel,False,86400,56,Moderate,Weak encryption DES; Perfect Forward Secrecy (PFS) is disabled
987c0f0b-e1f1-4582-b208-5559a4281f3c,IKEv1,Main,3DES,112,SHA512,21,PSK,Tunnel,True,28800,56,Moderate,Legacy IKEv1 used; Weak encryption 3DES
8434b6ec-c66c-4af1-9716-01e87dfe49a1,IKEv2,Main,AES-128-CBC,128,SHA256,2,PSK,Tunnel,True,86400,32,Strong,Weak DH group 2
76cede22-60a7-4465-b8ac-0de2fb6456d7,IKEv1,Main,DES,56,SHA512,5,RSA-Sig,Tunnel,True,3600,92,Critical,Legacy IKEv1 used; Weak encryption DES; Weak DH group 5
0c6d0a0a-6a10-4b75-a0d1-f6fea2fd4792,IKEv1,Quick,3DES,112,MD5,2,ECDSA-Sig,Tunnel,False,28800,100,Critical,Legacy IKEv1 used; Weak encryption 3DES; Weak hash MD5; Weak DH group 2; Perfect Forward Secrecy (PFS) is disabled
c35cb794-0925-439d-9ea0-1043332a8b4b,IKEv2,Main,ChaCha20-Poly1305,256,SHA384,5,ECDSA-Sig,Tunnel,False,3600,53,Moderate,Weak DH group 5; Perfect Forward Secrecy (PFS) is disabled
e0bdb0c6-f6c9-47e9-a0dd-5938643c6416,IKEv2,Main,AES-256-CBC,256,SHA1,21,RSA-Sig,Transport,True,86400,34,Strong,Weak hash SHA1
348db6be-b0ca-46a2-9af4-5afb73f1f158,IKEv2,Main,AES-128-CBC,128,SHA512,20,RSA-Sig,Transport,True,28800,0,Low,None
d4a4d287-9f71-442b-a4ec-330dfbbd0e1f,IKEv2,Main,ChaCha20-Poly1305,256,SHA256,2,PSK,Tunnel,True,28800,32,Strong,Weak DH group 2
c408cf6d-c4c9-4b88-9a16-9cb83fe73fd7,IKEv2,Main,AES-256-GCM,256,SHA256,20,RSA-Sig,Tunnel,True,3600,3,Low,None
31f18507-a7b4-4925-808d-023e62ea81c6,IKEv2,Main,DES,56,SHA384,31,ECDSA-Sig,Tunnel,True,28800,38,Strong,Weak encryption DES
6e8777ab-8a7a-45d2-bd74-55d6c8c2ee5d,IKEv2,Main,AES-256-GCM,256,MD5,5,ECDSA-Sig,Tunnel,False,86400,84,Critical,Weak hash MD5; Weak DH group 5; Perfect Forward Secrecy (PFS) is disabled
15b82d07-c6cc-4234-9e89-9d9c50ad2f46,IKEv1,Main,AES-256-CBC,256,MD5,20,RSA-Sig,Transport,False,86400,65,Weak,Legacy IKEv1 used; Weak hash MD5; Perfect Forward Secrecy (PFS) is disabled
1a76849c-d45e-4140-8f0e-c035d6850099,IKEv1,Aggressive,AES-128-CBC,128,MD5,31,ECDSA-Sig,Tunnel,False,86400,100,Critical,Legacy IKEv1 used; IKEv1 Aggressive mode vulnerable to offline dictionary attacks; Weak hash MD5; Perfect Forward Secrecy (PFS) is disabled
12ee581e-b3f8-44e1-8f91-2a03b0da0311,IKEv2,Main,3DES,112,SHA384,20,PSK,Transport,False,28800,63,Weak,Weak encryption 3DES; Perfect Forward Secrecy (PFS) is disabled
01d1cfa2-53ab-4a8d-9e7b-2ec17c8b4b3e,IKEv2,Main,3DES,112,MD5,31,ECDSA-Sig,Tunnel,True,28800,69,Weak,Weak encryption 3DES; Weak hash MD5
e3c99faa-6a18-425f-b616-7ff5e4944764,IKEv2,Main,AES-128-CBC,128,SHA1,21,PSK,Transport,False,3600,52,Moderate,Weak hash SHA1; Perfect Forward Secrecy (PFS) is disabled
5ea5fc25-f051-4a1d-a345-5b7ae2b3ab3f,IKEv2,Main,AES-128-CBC,128,SHA384,19,RSA-Sig,Tunnel,False,86400,25,Strong,Perfect Forward Secrecy (PFS) is disabled
69b23226-d5ad-4cd7-981e-1da3d444335e,IKEv2,Main,DES,56,SHA384,21,PSK,Transport,True,28800,35,Strong,Weak encryption DES
c35bc99f-9daa-4bfc-9a2a-0d84612d7250,IKEv2,Main,AES-128-CBC,128,SHA512,21,PSK,Tunnel,True,3600,0,Low,None
2167987b-6130-4b3d-b5b3-b2d05e8d4916,IKEv2,Main,AES-256-CBC,256,SHA256,31,RSA-Sig,Tunnel,True,86400,2,Low,None
d3faf670-a02a-4324-9e85-bf588710fd4c,IKEv1,Main,DES,56,MD5,19,RSA-Sig,Tunnel,True,86400,91,Critical,Legacy IKEv1 used; Weak encryption DES; Weak hash MD5
7736f4aa-9a87-4b4c-bc54-9c3bce8e997e,IKEv2,Main,ChaCha20-Poly1305,256,MD5,21,ECDSA-Sig,Transport,False,86400,51,Moderate,Weak hash MD5; Perfect Forward Secrecy (PFS) is disabled
354603df-a0fc-4deb-9846-7a427d66636c,IKEv2,Main,AES-256-CBC,256,SHA256,1,RSA-Sig,Tunnel,True,86400,35,Strong,Weak DH group 1
43e453cb-9387-4997-9a15-727b4062bd7e,IKEv1,Aggressive,AES-256-CBC,256,SHA512,21,PSK,Transport,False,86400,86,Critical,Legacy IKEv1 used; IKEv1 Aggressive mode vulnerable to offline dictionary attacks; PSK with Aggressive Mode is highly risky; Perfect Forward Secrecy (PFS) is disabled
9b1308ee-37af-4f25-a847-6840f22a81d2,IKEv1,Quick,AES-128-CBC,128,SHA512,19,PSK,Transport,True,86400,22,Strong,Legacy IKEv1 used
f4835242-290c-4ea8-a2d0-4509d9254bae,IKEv2,Main,ChaCha20-Poly1305,256,MD5,1,PSK,Tunnel,True,3600,62,Weak,Weak hash MD5; Weak DH group 1
e1642681-d702-4123-8ff0-326c63afb45c,IKEv2,Main,ChaCha20-Poly1305,256,SHA1,21,ECDSA-Sig,Tunnel,False,86400,46,Moderate,Weak hash SHA1; Perfect Forward Secrecy (PFS) is disabled
82076080-df9f-4998-b8c2-706873c7ce64,IKEv1,Quick,ChaCha20-Poly1305,256,SHA256,20,ECDSA-Sig,Transport,False,86400,36,Strong,Legacy IKEv1 used; Perfect Forward Secrecy (PFS) is disabled
719af2c4-9eea-4e1c-99d5-597340ee33b9,IKEv2,Main,ChaCha20-Poly1305,256,SHA256,2,RSA-Sig,Tunnel,False,3600,50,Moderate,Weak DH group 2; Perfect Forward Secrecy (PFS) is disabled
3cf22b33-d209-4245-a47b-018719c0b9fc,IKEv1,Quick,AES-256-CBC,256,SHA512,14,PSK,Tunnel,True,28800,24,Strong,Legacy IKEv1 used
8cf1603e-968d-4cbf-b4bf-a4141636069b,IKEv1,Aggressive,AES-128-CBC,128,SHA1,19,ECDSA-Sig,Transport,True,3600,77,Weak,Legacy IKEv1 used; IKEv1 Aggressive mode vulnerable to offline dictionary attacks; Weak hash SHA1
c46d5792-b57a-4b00-97d6-d3cf9d6f6574,IKEv1,Quick,3DES,112,SHA256,21,PSK,Tunnel,True,3600,56,Moderate,Legacy IKEv1 used; Weak encryption 3DES
ac758cb3-5f15-4821-a5af-896ae6d36753,IKEv2,Main,3DES,112,SHA512,21,RSA-Sig,Tunnel,True,3600,37,Strong,Weak encryption 3DES
5cdb511b-b2e7-4d83-921d-f92360880ee2,IKEv2,Main,AES-128-CBC,128,SHA384,31,RSA-Sig,Tunnel,True,3600,0,Low,None
13a8efb7-1fad-425b-b23c-2d6f2adce02e,IKEv2,Main,ChaCha20-Poly1305,256,SHA512,21,PSK,Transport,False,3600,24,Strong,Perfect Forward Secrecy (PFS) is disabled
ff7fc497-9304-43db-b80d-0b850b7ca36a,IKEv1,Aggressive,3DES,112,MD5,2,RSA-Sig,Tunnel,False,86400,100,Critical,Legacy IKEv1 used; IKEv1 Aggressive mode vulnerable to offline dictionary attacks; Weak encryption 3DES; Weak hash MD5; Weak DH group 2; Perfect Forward Secrecy (PFS) is disabled
e507b419-ebbd-4ee1-a4da-45f444b538ce,IKEv2,Main,DES,56,SHA1,14,PSK,Transport,False,28800,94,Critical,Weak encryption DES; Weak hash SHA1; Perfect Forward Secrecy (PFS) is disabled
ae225e5c-ce0f-42e2-82b8-cfa8d94c73e4,IKEv2,Main,DES,56,SHA1,31,PSK,Tunnel,False,3600,93,Critical,Weak encryption DES; Weak hash SHA1; Perfect Forward Secrecy (PFS) is disabled
8a8e8c37-6a66-439f-8e0f-2a54704feb82,IKEv1,Quick,AES-128-CBC,128,SHA1,1,RSA-Sig,Transport,True,3600,80,Critical,Legacy IKEv1 used; Weak hash SHA1; Weak DH group 1
f9baebdb-bdf3-4350-ab63-f6bdaceec75b,IKEv2,Main,AES-256-CBC,256,SHA1,20,ECDSA-Sig,Transport,False,3600,51,Moderate,Weak hash SHA1; Perfect Forward Secrecy (PFS) is disabled
058ffc5c-9428-43d4-b6fe-8b1983959a3f,IKEv1,Quick,AES-128-CBC,128,SHA384,2,PSK,Tunnel,False,86400,74,Weak,Legacy IKEv1 used; Weak DH group 2; Perfect Forward Secrecy (PFS) is disabled
efc939d2-694f-449e-becc-d75e403679c0,IKEv2,Main,AES-256-GCM,256,SHA384,19,PSK,Transport,True,28800,3,Low,None
9ffa7426-b685-4976-ab79-f58cc3552291,IKEv1,Aggressive,AES-128-CBC,128,SHA1,1,PSK,Tunnel,True,3600,100,Critical,Legacy IKEv1 used; IKEv1 Aggressive mode vulnerable to offline dictionary attacks; Weak hash SHA1; Weak DH group 1; PSK with Aggressive Mode is highly risky
99cd46df-ff21-432a-8e39-fd9c1571cba0,IKEv1,Aggressive,ChaCha20-Poly1305,256,SHA1,5,ECDSA-Sig,Tunnel,True,28800,100,Critical,Legacy IKEv1 used; IKEv1 Aggressive mode vulnerable to offline dictionary attacks; Weak hash SHA1; Weak DH group 5
ce652e0a-4ce0-4f75-8a7c-df1f917efa70,IKEv1,Quick,AES-128-CBC,128,SHA384,1,RSA-Sig,Tunnel,True,86400,53,Moderate,Legacy IKEv1 used; Weak DH group 1
9d3de95f-02ce-4054-8e80-88069e1d7b89,IKEv1,Quick,ChaCha20-Poly1305,256,MD5,5,PSK,Tunnel,False,86400,100,Critical,Legacy IKEv1 used; Weak hash MD5; Weak DH group 5; Perfect Forward Secrecy (PFS) is disabled
fdf55d40-deb5-448e-a38a-1f37cdacacb1,IKEv2,Main,AES-256-GCM,256,SHA384,1,ECDSA-Sig,Transport,False,3600,51,Moderate,Weak DH group 1; Perfect Forward Secrecy (PFS) is disabled
581246d0-9fce-44d3-b1f3-7ce4d5068035,IKEv2,Main,AES-256-CBC,256,SHA384,14,RSA-Sig,Tunnel,True,3600,0,Low,None
4634187b-add1-4493-a024-db4e35d673bb,IKEv2,Main,DES,56,SHA1,5,ECDSA-Sig,Tunnel,False,3600,100,Critical,Weak encryption DES; Weak hash SHA1; Weak DH group 5; Perfect Forward Secrecy (PFS) is disabled
7aa437c9-959d-426a-9926-ee4d8c6e8a00,IKEv1,Quick,3DES,112,SHA256,2,PSK,Transport,False,3600,100,Critical,Legacy IKEv1 used; Weak encryption 3DES; Weak DH group 2; Perfect Forward Secrecy (PFS) is disabled
47fc4cb0-ddc5-4822-90c3-7f2f37652989,IKEv2,Main,DES,56,SHA1,2,ECDSA-Sig,Transport,True,28800,100,Critical,Weak encryption DES; Weak hash SHA1; Weak DH group 2
2dcb98f7-4272-4db7-86fa-00934d751db6,IKEv2,Main,AES-128-CBC,128,MD5,14,PSK,Transport,False,3600,53,Moderate,Weak hash MD5; Perfect Forward Secrecy (PFS) is disabled
be5a7eb7-cb9e-4505-9e05-1910e14aa6f3,IKEv2,Main,AES-128-CBC,128,MD5,21,ECDSA-Sig,Transport,False,28800,48,Moderate,Weak hash MD5; Perfect Forward Secrecy (PFS) is disabled
e5532f1a-4551-4ed4-9fcd-2e9072453f03,IKEv2,Main,AES-256-CBC,256,SHA512,20,RSA-Sig,Tunnel,False,3600,21,Strong,Perfect Forward Secrecy (PFS) is disabled
d184422b-8d2a-40a1-99ef-2cead3576ea4,IKEv2,Main,3DES,112,SHA512,14,RSA-Sig,Tunnel,True,86400,42,Moderate,Weak encryption 3DES
72d4084a-9495-4182-b54d-df2001294fdd,IKEv2,Main,AES-256-CBC,256,MD5,31,ECDSA-Sig,Transport,False,86400,48,Moderate,Weak hash MD5; Perfect Forward Secrecy (PFS) is disabled
45fb4f59-7780-4666-8245-50f390d7f3f6,IKEv2,Main,DES,56,SHA1,14,RSA-Sig,Transport,True,28800,71,Weak,Weak encryption DES; Weak hash SHA1
c5069b88-c19a-44a3-b6b1-949c191db10f,IKEv2,Main,ChaCha20-Poly1305,256,SHA256,2,PSK,Transport,False,86400,50,Moderate,Weak DH group 2; Perfect Forward Secrecy (PFS) is disabled
097dd2c4-6060-4201-860f-9b8e584ed332,IKEv2,Main,DES,56,SHA384,5,RSA-Sig,Tunnel,False,28800,92,Critical,Weak encryption DES; Weak DH group 5; Perfect Forward Secrecy (PFS) is disabled
1e6c0e91-f80d-47c6-81db-a5d2eb172e07,IKEv2,Main,AES-256-GCM,256,SHA256,21,PSK,Transport,True,86400,1,Low,None
a7d8d10d-1dc2-47bd-8665-17d78a5fbe71,IKEv1,Main,AES-128-CBC,128,SHA1,1,PSK,Transport,True,28800,81,Critical,Legacy IKEv1 used; Weak hash SHA1; Weak DH group 1
96807697-e5c7-4f80-a570-72bed4ce2a38,IKEv2,Main,3DES,112,SHA512,20,PSK,Transport,False,28800,56,Moderate,Weak encryption 3DES; Perfect Forward Secrecy (PFS) is disabled
f914ad19-cc81-4285-aa96-7eae8a5643f7,IKEv1,Main,DES,56,SHA512,20,ECDSA-Sig,Transport,False,28800,80,Critical,Legacy IKEv1 used; Weak encryption DES; Perfect Forward Secrecy (PFS) is disabled
4d1279c8-ecaa-402b-a194-356b8f45b848,IKEv2,Main,AES-256-GCM,256,SHA256,2,RSA-Sig,Transport,True,3600,31,Strong,Weak DH group 2
22b80f9f-baf1-4d41-8dd3-b89e0acfd84e,IKEv1,Quick,AES-128-CBC,128,SHA256,21,ECDSA-Sig,Tunnel,True,86400,20,Strong,Legacy IKEv1 used
b8a59762-f77a-4c99-9526-ec34790f0125,IKEv2,Main,AES-256-CBC,256,SHA256,31,ECDSA-Sig,Transport,True,28800,5,Low,None
a1d1301a-034b-4987-be2d-0f7bc86b394b,IKEv2,Main,ChaCha20-Poly1305,256,SHA256,20,ECDSA-Sig,Tunnel,True,28800,0,Low,None
cc9a5119-8746-4ddc-9867-61e902857e6d,IKEv2,Main,DES,56,MD5,1,ECDSA-Sig,Transport,True,28800,100,Critical,Weak encryption DES; Weak hash MD5; Weak DH group 1
2a7b161c-f56a-4761-ba35-8b19bfddaf02,IKEv1,Quick,ChaCha20-Poly1305,256,SHA256,19,ECDSA-Sig,Tunnel,False,28800,37,Strong,Legacy IKEv1 used; Perfect Forward Secrecy (PFS) is disabled
1596bec6-eb66-4ec7-9a88-4ab8ba90ebcb,IKEv1,Quick,AES-256-CBC,256,MD5,20,PSK,Transport,True,86400,55,Moderate,Legacy IKEv1 used; Weak hash MD5
5061a0fd-e37b-4ddc-a531-0a58e03aace5,IKEv1,Main,DES,56,SHA256,5,PSK,Tunnel,False,3600,100,Critical,Legacy IKEv1 used; Weak encryption DES; Weak DH group 5; Perfect Forward Secrecy (PFS) is disabled
4cb0894a-9300-4692-b7ca-b6be9d945128,IKEv2,Main,DES,56,SHA512,19,RSA-Sig,Transport,False,86400,56,Moderate,Weak encryption DES; Perfect Forward Secrecy (PFS) is disabled
3d7b492e-7b67-4ca8-ad9c-1e2d7bcf3ee5,IKEv2,Main,DES,56,SHA1,19,RSA-Sig,Transport,False,3600,86,Critical,Weak encryption DES; Weak hash SHA1; Perfect Forward Secrecy (PFS) is disabled
d3c22d6c-4ba7-4ca3-943c-7ed0621ff5a3,IKEv2,Main,AES-256-GCM,256,SHA512,31,ECDSA-Sig,Transport,False,86400,16,Low,Perfect Forward Secrecy (PFS) is disabled
cb71e929-3596-490d-94f7-6e79500ce1b9,IKEv2,Main,3DES,112,SHA512,19,RSA-Sig,Tunnel,False,28800,56,Moderate,Weak encryption 3DES; Perfect Forward Secrecy (PFS) is disabled
985855f9-002d-4cd7-ac2d-39eb87937af7,IKEv2,Main,DES,56,MD5,2,ECDSA-Sig,Transport,False,86400,100,Critical,Weak encryption DES; Weak hash MD5; Weak DH group 2; Perfect Forward Secrecy (PFS) is disabled
59c923de-f97d-4fd5-8704-c9a7f600bc3d,IKEv2,Main,AES-256-GCM,256,SHA512,14,PSK,Transport,False,28800,16,Low,Perfect Forward Secrecy (PFS) is disabled
5363409f-17c2-414d-ab76-66d0c91ec126,IKEv2,Main,3DES,112,SHA384,19,RSA-Sig,Tunnel,False,3600,60,Weak,Weak encryption 3DES; Perfect Forward Secrecy (PFS) is disabled
fe806669-997d-4d88-a66c-30ba252bafbb,IKEv1,Quick,AES-256-GCM,256,SHA256,21,PSK,Transport,True,3600,17,Low,Legacy IKEv1 used
810f8bd7-0e43-488c-b7fa-7929ccb409ed,IKEv2,Main,AES-128-CBC,128,SHA256,20,ECDSA-Sig,Transport,True,86400,3,Low,None
04cc8cb5-eedc-4ad3-9250-f2a8811b328b,IKEv2,Main,AES-256-GCM,256,SHA512,5,RSA-Sig,Tunnel,False,28800,45,Moderate,Weak DH group 5; Perfect Forward Secrecy (PFS) is disabled
332980f3-baba-447f-bac4-1898b4ac9fd8,IKEv1,Main,3DES,112,SHA1,31,RSA-Sig,Tunnel,False,28800,100,Critical,Legacy IKEv1 used; Weak encryption 3DES; Weak hash SHA1; Perfect Forward Secrecy (PFS) is disabled
fd2ebf98-48e1-472e-b2cc-b1707548c3b3,IKEv2,Main,AES-128-CBC,128,SHA512,19,PSK,Tunnel,True,86400,3,Low,None
23fadc95-062e-4a18-b8d0-7f3f71779316,IKEv2,Main,AES-256-CBC,256,SHA384,14,RSA-Sig,Transport,False,3600,23,Strong,Perfect Forward Secrecy (PFS) is disabled
991231ad-877e-4f6e-86c5-336b1942c0a2,IKEv2,Main,DES,56,MD5,31,PSK,Transport,False,86400,90,Critical,Weak encryption DES; Weak hash MD5; Perfect Forward Secrecy (PFS) is disabled
85a48ad7-a210-48c9-b619-7a6158e71548,IKEv2,Main,AES-256-CBC,256,SHA384,5,ECDSA-Sig,Transport,True,3600,35,Strong,Weak DH group 5
dd88e8a5-0bcb-4e3f-89c3-b225326ca959,IKEv2,Main,AES-256-CBC,256,SHA1,20,ECDSA-Sig,Tunnel,True,28800,26,Strong,Weak hash SHA1
cfb995e7-34c7-4b27-b617-60a2e99911f2,IKEv2,Main,AES-256-CBC,256,SHA1,5,ECDSA-Sig,Tunnel,True,3600,61,Weak,Weak hash SHA1; Weak DH group 5
b0057a8d-052f-4448-a567-39a57b7aeb51,IKEv1,Main,DES,56,SHA256,21,RSA-Sig,Transport,True,86400,60,Weak,Legacy IKEv1 used; Weak encryption DES
baad566f-1b19-497c-867b-444cd856732d,IKEv1,Main,3DES,112,SHA1,19,ECDSA-Sig,Tunnel,False,28800,100,Critical,Legacy IKEv1 used; Weak encryption 3DES; Weak hash SHA1; Perfect Forward Secrecy (PFS) is disabled
efe4d661-da7b-4a37-b490-40c0d2258bbb,IKEv2,Main,AES-256-GCM,256,SHA512,19,RSA-Sig,Tunnel,True,28800,1,Low,None
d892271b-f5f6-47e8-a6ee-008e612f1b86,IKEv1,Main,AES-256-GCM,256,SHA1,1,RSA-Sig,Transport,False,86400,95,Critical,Legacy IKEv1 used; Weak hash SHA1; Weak DH group 1; Perfect Forward Secrecy (PFS) is disabled
bdb3577d-2a69-4230-967a-4aecfedc47b7,IKEv1,Main,AES-256-CBC,256,SHA256,5,ECDSA-Sig,Tunnel,True,86400,49,Moderate,Legacy IKEv1 used; Weak DH group 5
43f17f95-0f7e-4c6e-aee8-3f2cb92dc99c,IKEv2,Main,3DES,112,SHA1,19,RSA-Sig,Transport,True,28800,74,Weak,Weak encryption 3DES; Weak hash SHA1
652886b4-be19-4051-b701-29fe372c5dfa,IKEv2,Main,AES-128-CBC,128,MD5,5,RSA-Sig,Transport,True,86400,59,Moderate,Weak hash MD5; Weak DH group 5
124b47ba-28be-444d-8b8b-34b71ac0c00c,IKEv1,Main,ChaCha20-Poly1305,256,MD5,20,PSK,Transport,True,86400,50,Moderate,Legacy IKEv1 used; Weak hash MD5
6e439c13-b1de-4bee-b88a-7df490fd44e3,IKEv2,Main,AES-256-CBC,256,SHA512,14,ECDSA-Sig,Tunnel,False,28800,16,Low,Perfect Forward Secrecy (PFS) is disabled
7354a171-ff8f-44d2-8027-aa0531994c54,IKEv2,Main,ChaCha20-Poly1305,256,SHA512,19,RSA-Sig,Transport,True,86400,4,Low,None
049c22f9-7fc7-4ecc-93dc-fb85c9318cba,IKEv1,Quick,DES,56,SHA1,19,PSK,Transport,True,3600,93,Critical,Legacy IKEv1 used; Weak encryption DES; Weak hash SHA1
487e17ff-2884-47d4-a717-ab7c5255b2ca,IKEv1,Quick,3DES,112,SHA512,1,ECDSA-Sig,Transport,True,28800,88,Critical,Legacy IKEv1 used; Weak encryption 3DES; Weak DH group 1
bbb12e28-ec4d-4746-aacd-a411c0770a22,IKEv1,Quick,3DES,112,SHA384,19,RSA-Sig,Transport,True,3600,57,Moderate,Legacy IKEv1 used; Weak encryption 3DES
9d9616b0-c3e7-4e35-acca-0bf85102734e,IKEv2,Main,DES,56,SHA384,31,RSA-Sig,Tunnel,True,3600,45,Moderate,Weak encryption DES
ae528c5e-c177-4930-85c7-42d699ae44cd,IKEv2,Main,ChaCha20-Poly1305,256,SHA256,1,PSK,Transport,False,3600,52,Moderate,Weak DH group 1; Perfect Forward Secrecy (PFS) is disabled
0ceab456-3a40-4f2c-b7a6-79de88eac239,IKEv2,Main,ChaCha20-Poly1305,256,SHA512,19,RSA-Sig,Transport,False,3600,18,Low,Perfect Forward Secrecy (PFS) is disabled
e3dbe84f-2686-4136-846a-56b26f3bcfe0,IKEv2,Main,ChaCha20-Poly1305,256,SHA256,1,PSK,Transport,True,28800,26,Strong,Weak DH group 1
22ccedee-89d6-41a2-9d5a-98673511ef8c,IKEv2,Main,3DES,112,SHA256,2,RSA-Sig,Transport,False,86400,90,Critical,Weak encryption 3DES; Weak DH group 2; Perfect Forward Secrecy (PFS) is disabled
becf6f77-e474-4004-a4df-7a7b549f525b,IKEv1,Quick,AES-128-CBC,128,SHA1,19,PSK,Transport,True,86400,53,Moderate,Legacy IKEv1 used; Weak hash SHA1
bd282020-b273-428b-8899-5284595096cd,IKEv2,Main,ChaCha20-Poly1305,256,SHA384,20,PSK,Tunnel,False,86400,20,Strong,Perfect Forward Secrecy (PFS) is disabled
70ce6517-4455-4ed3-a905-0f952e6ecc43,IKEv2,Main,AES-256-GCM,256,SHA256,5,ECDSA-Sig,Tunnel,False,86400,46,Moderate,Weak DH group 5; Perfect Forward Secrecy (PFS) is disabled
3c1a72ef-c3a4-4229-81a7-fb13ef00c6c0,IKEv2,Main,AES-128-CBC,128,SHA512,31,ECDSA-Sig,Tunnel,True,28800,0,Low,None
2a77198e-bcac-4a7f-94bd-f0a38ea44a6e,IKEv2,Main,AES-256-GCM,256,SHA512,2,RSA-Sig,Tunnel,True,28800,34,Strong,Weak DH group 2
819c9bc8-1b13-4345-a5cf-7094689cb3e5,IKEv1,Main,3DES,112,SHA384,20,ECDSA-Sig,Tunnel,False,86400,78,Weak,Legacy IKEv1 used; Weak encryption 3DES; Perfect Forward Secrecy (PFS) is disabled
6237b3d9-b4bd-4aa2-9a51-c453b02a1c36,IKEv2,Main,AES-128-CBC,128,SHA256,14,RSA-Sig,Transport,True,86400,1,Low,None
d41f8c87-796e-4e41-829a-c8d2c82de01e,IKEv2,Main,AES-128-CBC,128,SHA512,14,RSA-Sig,Transport,False,28800,23,Strong,Perfect Forward Secrecy (PFS) is disabled
b391142c-932e-4ccf-be2d-c12684cf3933,IKEv1,Quick,3DES,112,SHA384,31,ECDSA-Sig,Tunnel,True,3600,64,Weak,Legacy IKEv1 used; Weak encryption 3DES
7504e2b6-eb36-450d-b176-7942fa6a6e86,IKEv2,Main,DES,56,SHA512,21,RSA-Sig,Tunnel,True,3600,44,Moderate,Weak encryption DES
647f630c-3b90-485a-add0-2982cc0e963a,IKEv2,Main,AES-256-CBC,256,SHA512,5,ECDSA-Sig,Tunnel,False,86400,55,Moderate,Weak DH group 5; Perfect Forward Secrecy (PFS) is disabled
909530dc-6891-4092-b1b9-0f3ac9666a7a,IKEv1,Quick,AES-256-GCM,256,SHA512,1,PSK,Transport,True,28800,55,Moderate,Legacy IKEv1 used; Weak DH group 1
93e799c0-745f-4bef-b1f9-6e8c37a0b760,IKEv1,Aggressive,ChaCha20-Poly1305,256,MD5,31,RSA-Sig,Tunnel,True,3600,83,Critical,Legacy IKEv1 used; IKEv1 Aggressive mode vulnerable to offline dictionary attacks; Weak hash MD5
aaee47fd-1811-4a18-984a-4eb7d1c00315,IKEv2,Main,AES-256-GCM,256,MD5,31,ECDSA-Sig,Tunnel,False,86400,45,Moderate,Weak hash MD5; Perfect Forward Secrecy (PFS) is disabled
745fb6e9-155b-48e4-92a8-2f2281aa8adc,IKEv2,Main,AES-256-GCM,256,SHA512,21,PSK,Transport,True,28800,4,Low,None
f59cfb3d-3c35-4c38-ba9d-afe9044d7edb,IKEv2,Main,ChaCha20-Poly1305,256,SHA512,21,ECDSA-Sig,Tunnel,True,86400,5,Low,None
20e73ce5-de3b-4340-bb9f-c4c889280df0,IKEv1,Main,AES-256-CBC,256,SHA1,31,PSK,Transport,False,86400,69,Weak,Legacy IKEv1 used; Weak hash SHA1; Perfect Forward Secrecy (PFS) is disabled
95683c7e-a9b7-48fa-9faa-a9a490c9de3b,IKEv2,Main,3DES,112,MD5,2,PSK,Tunnel,True,3600,95,Critical,Weak encryption 3DES; Weak hash MD5; Weak DH group 2
5e24c2ed-70ec-4353-a461-a1650035df31,IKEv1,Main,AES-256-CBC,256,MD5,31,ECDSA-Sig,Transport,True,86400,47,Moderate,Legacy IKEv1 used; Weak hash MD5
a4300e8f-8e22-492d-bcf3-a66e88d3b641,IKEv2,Main,AES-256-GCM,256,MD5,20,RSA-Sig,Transport,False,3600,49,Moderate,Weak hash MD5; Perfect Forward Secrecy (PFS) is disabled
a834c79f-6f8b-4800-8063-59ddfc3da731,IKEv1,Main,AES-256-GCM,256,SHA256,1,RSA-Sig,Transport,False,3600,69,Weak,Legacy IKEv1 used; Weak DH group 1; Perfect Forward Secrecy (PFS) is disabled
0458595b-7af7-48ac-a4be-cc14a616f8ea,IKEv1,Main,DES,56,SHA256,14,ECDSA-Sig,Tunnel,True,28800,60,Weak,Legacy IKEv1 used; Weak encryption DES
4797afe7-fdfd-4d7c-a018-bd0cfb86882a,IKEv2,Main,ChaCha20-Poly1305,256,SHA512,5,ECDSA-Sig,Transport,True,3600,30,Strong,Weak DH group 5
2ccca948-39c3-4e89-9bd9-0f4dc66720be,IKEv2,Main,ChaCha20-Poly1305,256,SHA512,1,PSK,Tunnel,False,86400,45,Moderate,Weak DH group 1; Perfect Forward Secrecy (PFS) is disabled
a02f4247-26e1-4bed-a7ad-557532b3bc5c,IKEv2,Main,3DES,112,SHA512,14,PSK,Tunnel,True,28800,37,Strong,Weak encryption 3DES
97f0b3d8-d811-4446-b062-145e11f077d8,IKEv1,Quick,AES-256-GCM,256,SHA512,5,RSA-Sig,Tunnel,True,3600,47,Moderate,Legacy IKEv1 used; Weak DH group 5
e347bde6-6722-495c-b5f1-ad373027b0c9,IKEv2,Main,3DES,112,SHA1,31,PSK,Tunnel,False,3600,94,Critical,Weak encryption 3DES; Weak hash SHA1; Perfect Forward Secrecy (PFS) is disabled
b17ad082-46d2-4f74-bcc7-dbf0d520cab7,IKEv2,Main,DES,56,SHA512,5,PSK,Tunnel,True,3600,75,Weak,Weak encryption DES; Weak DH group 5
17082fc0-da5f-4eab-9b50-b9aff43b48ba,IKEv2,Main,AES-256-CBC,256,SHA512,20,PSK,Transport,False,3600,21,Strong,Perfect Forward Secrecy (PFS) is disabled
92236f41-24c9-4658-a2d2-33af61c8d21a,IKEv2,Main,AES-256-GCM,256,SHA256,31,ECDSA-Sig,Transport,False,86400,16,Low,Perfect Forward Secrecy (PFS) is disabled
040cd33c-64d9-4c4e-a8c3-5cb7519045a0,IKEv2,Main,AES-256-CBC,256,SHA512,14,ECDSA-Sig,Tunnel,True,86400,0,Low,None
4ad82456-da92-4d4b-bb69-f471ba479082,IKEv2,Main,AES-256-GCM,256,SHA1,14,ECDSA-Sig,Transport,True,86400,35,Strong,Weak hash SHA1
b332602a-45f5-4fb9-ab1c-7bec502e1de9,IKEv1,Main,AES-256-GCM,256,SHA384,21,PSK,Tunnel,True,86400,15,Low,Legacy IKEv1 used
8d83c6f8-931b-4395-8b25-1d253277e23d,IKEv1,Main,3DES,112,SHA384,19,PSK,Tunnel,True,3600,56,Moderate,Legacy IKEv1 used; Weak encryption 3DES
59ddf5d8-0370-46fc-81f7-f9a660c97558,IKEv2,Main,DES,56,SHA384,21,RSA-Sig,Transport,True,28800,43,Moderate,Weak encryption DES
7d01a19c-6873-43b0-a298-8a11e279435e,IKEv1,Quick,AES-256-GCM,256,SHA1,14,PSK,Tunnel,False,28800,68,Weak,Legacy IKEv1 used; Weak hash SHA1; Perfect Forward Secrecy (PFS) is disabled
940a1287-9e10-41cb-950f-7d1fc739b049,IKEv1,Quick,DES,56,SHA384,31,ECDSA-Sig,Tunnel,True,86400,61,Weak,Legacy IKEv1 used; Weak encryption DES
c27f2f0b-8bc9-4861-b11a-540741d483bc,IKEv1,Aggressive,DES,56,MD5,19,ECDSA-Sig,Tunnel,True,86400,100,Critical,Legacy IKEv1 used; IKEv1 Aggressive mode vulnerable to offline dictionary attacks; Weak encryption DES; Weak hash MD5
2c2e7cb4-fc10-4296-8aaf-9fe8e4961bfd,IKEv1,Aggressive,AES-256-CBC,256,SHA512,5,PSK,Tunnel,True,3600,100,Critical,Legacy IKEv1 used; IKEv1 Aggressive mode vulnerable to offline dictionary attacks; Weak DH group 5; PSK with Aggressive Mode is highly risky
b986f8de-905f-48c2-a950-cb1434fa9fd8,IKEv1,Main,ChaCha20-Poly1305,256,MD5,5,ECDSA-Sig,Transport,True,86400,80,Critical,Legacy IKEv1 used; Weak hash MD5; Weak DH group 5
5673f78a-a751-40f9-a9d2-83775f9a8781,IKEv2,Main,ChaCha20-Poly1305,256,SHA1,31,PSK,Transport,False,86400,47,Moderate,Weak hash SHA1; Perfect Forward Secrecy (PFS) is disabled
65c1a3fe-dc02-4b1f-8d74-5b4c0cc57741,IKEv1,Main,3DES,112,SHA384,1,ECDSA-Sig,Tunnel,True,3600,90,Critical,Legacy IKEv1 used; Weak encryption 3DES; Weak DH group 1
7575fd15-5e1c-4e24-a77e-a6ce29291ddb,IKEv2,Main,3DES,112,SHA256,20,RSA-Sig,Transport,False,28800,59,Moderate,Weak encryption 3DES; Perfect Forward Secrecy (PFS) is disabled
283eef21-96fd-48cf-ba2e-3a55cfdd6f99,IKEv1,Quick,ChaCha20-Poly1305,256,SHA512,19,PSK,Transport,True,3600,20,Strong,Legacy IKEv1 used
733bca75-57e8-4c66-b0c6-c3ce6775be4f,IKEv2,Main,3DES,112,SHA384,14,RSA-Sig,Transport,True,3600,44,Moderate,Weak encryption 3DES
328d8880-36f0-4103-b1e0-587605119cae,IKEv2,Main,AES-128-CBC,128,SHA1,20,PSK,Tunnel,False,3600,54,Moderate,Weak hash SHA1; Perfect Forward Secrecy (PFS) is disabled
1a8f5ec2-3959-4f22-80af-b9fcf275effa,IKEv1,Quick,AES-128-CBC,128,SHA256,2,ECDSA-Sig,Tunnel,True,86400,46,Moderate,Legacy IKEv1 used; Weak DH group 2
00719b9d-3d8f-4f27-acf2-b7f8d49d1269,IKEv2,Main,AES-256-GCM,256,SHA512,14,PSK,Tunnel,True,3600,0,Low,None
8f17a2af-3a2d-476c-bc8e-1de1f23006ae,IKEv2,Main,AES-256-GCM,256,MD5,14,RSA-Sig,Transport,True,86400,27,Strong,Weak hash MD5
d2d029ac-7a2b-45d2-b206-82f6f7c2d078,IKEv2,Main,3DES,112,SHA384,14,RSA-Sig,Transport,False,3600,57,Moderate,Weak encryption 3DES; Perfect Forward Secrecy (PFS) is disabled
500c177f-ff55-4e29-9825-31418f9db74e,IKEv2,Main,AES-256-CBC,256,SHA1,31,RSA-Sig,Tunnel,False,86400,54,Moderate,Weak hash SHA1; Perfect Forward Secrecy (PFS) is disabled
9ac5cf8a-635f-4001-b5fc-04a39f114825,IKEv2,Main,AES-128-CBC,128,SHA256,19,ECDSA-Sig,Transport,False,28800,15,Low,Perfect Forward Secrecy (PFS) is disabled
56d48d3d-d248-4efb-9d42-71c34f9931e1,IKEv1,Main,3DES,112,SHA256,14,RSA-Sig,Transport,True,86400,65,Weak,Legacy IKEv1 used; Weak encryption 3DES
912c8e23-23fe-401f-8ddb-b188b6ad6608,IKEv1,Quick,3DES,112,SHA256,14,PSK,Transport,True,3600,56,Moderate,Legacy IKEv1 used; Weak encryption 3DES
b4f32083-7cfe-4303-ab54-7214c75046b6,IKEv2,Main,AES-256-GCM,256,SHA512,5,ECDSA-Sig,Transport,True,3600,29,Strong,Weak DH group 5
828546fc-5530-4a79-a572-2fa71e195272,IKEv2,Main,AES-256-CBC,256,SHA256,14,RSA-Sig,Transport,True,3600,2,Low,None
0421ae54-905c-4797-91e5-6923bc835d92,IKEv2,Main,DES,56,SHA384,2,PSK,Transport,False,86400,95,Critical,Weak encryption DES; Weak DH group 2; Perfect Forward Secrecy (PFS) is disabled
d9eaf4b7-1ba0-4a44-8949-a8371efa75d4,IKEv1,Aggressive,DES,56,SHA1,5,ECDSA-Sig,Transport,False,86400,100,Critical,Legacy IKEv1 used; IKEv1 Aggressive mode vulnerable to offline dictionary attacks; Weak encryption DES; Weak hash SHA1; Weak DH group 5; Perfect Forward Secrecy (PFS) is disabled
24f5b4e5-7067-4d70-a9f5-adad0d4109a7,IKEv2,Main,DES,56,SHA1,20,RSA-Sig,Tunnel,True,28800,72,Weak,Weak encryption DES; Weak hash SHA1
3e3325bc-8163-4b93-8394-2fb8390b0331,IKEv2,Main,AES-256-GCM,256,SHA256,31,ECDSA-Sig,Transport,False,86400,24,Strong,Perfect Forward Secrecy (PFS) is disabled
2e9f89e9-f5f2-46e9-8f5b-13c78a5e608a,IKEv2,Main,3DES,112,SHA384,14,RSA-Sig,Transport,False,3600,62,Weak,Weak encryption 3DES; Perfect Forward Secrecy (PFS) is disabled
7e309daa-e146-4158-b9d3-8567981a05de,IKEv2,Main,AES-128-CBC,128,MD5,14,PSK,Transport,True,3600,31,Strong,Weak hash MD5
268f42ff-1a46-4579-b5fa-acbbb81419e7,IKEv2,Main,AES-256-GCM,256,SHA1,21,PSK,Transport,False,86400,49,Moderate,Weak hash SHA1; Perfect Forward Secrecy (PFS) is disabled
36f147cb-e261-479c-9895-b7c4cde5cde1,IKEv2,Main,AES-256-CBC,256,SHA1,14,ECDSA-Sig,Tunnel,True,28800,28,Strong,Weak hash SHA1
aa12d0c3-ede5-41bf-9cbf-1626d8e75653,IKEv1,Main,ChaCha20-Poly1305,256,SHA384,2,PSK,Tunnel,False,3600,73,Weak,Legacy IKEv1 used; Weak DH group 2; Perfect Forward Secrecy (PFS) is disabled
58729b3e-51f7-4684-bf0f-c5e52e5c6cb3,IKEv2,Main,AES-256-CBC,256,SHA256,21,RSA-Sig,Transport,True,28800,0,Low,None
063db0c3-c55d-4ec4-b923-96c6ea811382,IKEv2,Main,AES-256-CBC,256,MD5,14,ECDSA-Sig,Tunnel,True,3600,30,Strong,Weak hash MD5
417cdcf7-ac1d-402a-8092-55e1cf914983,IKEv1,Aggressive,AES-256-CBC,256,SHA512,31,RSA-Sig,Tunnel,False,86400,71,Weak,Legacy IKEv1 used; IKEv1 Aggressive mode vulnerable to offline dictionary attacks; Perfect Forward Secrecy (PFS) is disabled
c25b9cfd-28e7-4254-b3ee-16addc0dedd1,IKEv2,Main,AES-128-CBC,128,SHA384,20,ECDSA-Sig,Tunnel,False,86400,16,Low,Perfect Forward Secrecy (PFS) is disabled
9a0da0e0-7e6d-4cb3-a5e4-78559bdf7a8d,IKEv1,Main,ChaCha20-Poly1305,256,SHA384,21,PSK,Transport,False,86400,39,Strong,Legacy IKEv1 used; Perfect Forward Secrecy (PFS) is disabled
d8eb37b1-aca9-44e7-9f85-fd20589a8c3b,IKEv2,Main,DES,56,SHA512,19,PSK,Transport,True,3600,45,Moderate,Weak encryption DES
26ccaafc-94f5-4058-9e10-b691154da03b,IKEv2,Main,AES-128-CBC,128,SHA384,31,ECDSA-Sig,Transport,True,28800,5,Low,None
f6ba363d-7a5c-491d-a5fc-41d4b21369ab,IKEv1,Aggressive,ChaCha20-Poly1305,256,SHA384,21,RSA-Sig,Transport,False,28800,74,Weak,Legacy IKEv1 used; IKEv1 Aggressive mode vulnerable to offline dictionary attacks; Perfect Forward Secrecy (PFS) is disabled
85cf2324-c498-4669-98ad-9e1576211095,IKEv1,Main,AES-128-CBC,128,SHA512,2,ECDSA-Sig,Tunnel,True,86400,52,Moderate,Legacy IKEv1 used; Weak DH group 2
8e8bf456-a18a-41f2-8c59-aa7775c3d525,IKEv2,Main,AES-256-GCM,256,MD5,31,RSA-Sig,Transport,False,28800,53,Moderate,Weak hash MD5; Perfect Forward Secrecy (PFS) is disabled
219202f8-0e3e-44ea-8e71-8c9b7db1f653,IKEv2,Main,3DES,112,MD5,2,PSK,Tunnel,True,28800,100,Critical,Weak encryption 3DES; Weak hash MD5; Weak DH group 2
beff1c5c-bc2d-4166-bc1c-1e790f918d2a,IKEv2,Main,3DES,112,SHA384,20,RSA-Sig,Tunnel,True,28800,39,Strong,Weak encryption 3DES
26904dde-13bc-4edc-895e-72533405979f,IKEv1,Main,AES-128-CBC,128,SHA384,1,PSK,Transport,False,3600,65,Weak,Legacy IKEv1 used; Weak DH group 1; Perfect Forward Secrecy (PFS) is disabled
af36c246-1f90-4cf5-81fd-3dca198b83de,IKEv2,Main,AES-128-CBC,128,SHA512,31,RSA-Sig,Transport,False,86400,18,Low,Perfect Forward Secrecy (PFS) is disabled
890a9818-a397-448d-bd0c-eb82a18775c3,IKEv2,Main,3DES,112,SHA256,31,PSK,Tunnel,False,3600,61,Weak,Weak encryption 3DES; Perfect Forward Secrecy (PFS) is disabled
03cd8e83-1805-423c-96cd-23bd0cd3814c,IKEv2,Main,AES-128-CBC,128,SHA384,31,ECDSA-Sig,Transport,False,28800,24,Strong,Perfect Forward Secrecy (PFS) is disabled
a5cebee0-7944-4c3f-b99c-c5126e8dedf0,IKEv2,Main,AES-256-GCM,256,SHA512,31,RSA-Sig,Tunnel,True,3600,0,Low,None
e0200566-4a6b-4ff2-b999-080e2e1feffe,IKEv2,Main,3DES,112,SHA384,20,PSK,Tunnel,False,28800,55,Moderate,Weak encryption 3DES; Perfect Forward Secrecy (PFS) is disabled
3ca0dfd1-1428-47ec-ba0b-1116bb6f0281,IKEv1,Aggressive,3DES,112,MD5,31,PSK,Transport,True,3600,100,Critical,Legacy IKEv1 used; IKEv1 Aggressive mode vulnerable to offline dictionary attacks; Weak encryption 3DES; Weak hash MD5; PSK with Aggressive Mode is highly risky
4d5d25df-2583-45bb-8a5b-357687ed8566,IKEv2,Main,DES,56,MD5,31,RSA-Sig,Transport,False,86400,89,Critical,Weak encryption DES; Weak hash MD5; Perfect Forward Secrecy (PFS) is disabled
c40e5d84-1c2a-47e6-be22-1e15a18cf959,IKEv2,Main,AES-256-CBC,256,MD5,20,ECDSA-Sig,Tunnel,False,28800,48,Moderate,Weak hash MD5; Perfect Forward Secrecy (PFS) is disabled
a510dcb2-27c5-4877-ad45-e3422b9efe2e,IKEv2,Main,ChaCha20-Poly1305,256,SHA384,20,ECDSA-Sig,Transport,True,86400,0,Low,None
cdd212e6-b6c3-4ce5-a920-fa5233056353,IKEv1,Main,AES-256-GCM,256,SHA1,5,ECDSA-Sig,Tunnel,False,86400,99,Critical,Legacy IKEv1 used; Weak hash SHA1; Weak DH group 5; Perfect Forward Secrecy (PFS) is disabled
469d8204-3778-4615-af42-d3a7f9b0b66c,IKEv1,Quick,AES-128-CBC,128,SHA1,5,ECDSA-Sig,Tunnel,True,28800,79,Weak,Legacy IKEv1 used; Weak hash SHA1; Weak DH group 5
057ece65-f5c3-46c5-8b80-3e2637260dbe,IKEv2,Main,AES-256-GCM,256,MD5,19,RSA-Sig,Tunnel,True,3600,30,Strong,Weak hash MD5
8a6a5b94-6d3d-44d9-a3e4-c082f0d8e8d9,IKEv2,Main,AES-256-CBC,256,SHA1,31,RSA-Sig,Transport,False,3600,46,Moderate,Weak hash SHA1; Perfect Forward Secrecy (PFS) is disabled
eba30a0e-4002-4165-86a2-2b81c20d2b44,IKEv2,Main,AES-256-CBC,256,SHA1,5,ECDSA-Sig,Transport,False,86400,75,Weak,Weak hash SHA1; Weak DH group 5; Perfect Forward Secrecy (PFS) is disabled
7b51c8de-d846-4f58-a8f0-cafc85265a7d,IKEv2,Main,DES,56,MD5,21,PSK,Tunnel,False,3600,92,Critical,Weak encryption DES; Weak hash MD5; Perfect Forward Secrecy (PFS) is disabled
19da877c-ac9c-472f-bccf-b943955617c3,IKEv1,Aggressive,AES-128-CBC,128,SHA384,14,RSA-Sig,Tunnel,False,86400,71,Weak,Legacy IKEv1 used; IKEv1 Aggressive mode vulnerable to offline dictionary attacks; Perfect Forward Secrecy (PFS) is disabled
c61075b4-7cb1-473d-95fe-bbb0417f6d2a,IKEv2,Main,AES-256-GCM,256,SHA384,1,RSA-Sig,Transport,False,28800,47,Moderate,Weak DH group 1; Perfect Forward Secrecy (PFS) is disabled
ac9aaa37-e1f8-4fb9-878f-d0d0cf4574f6,IKEv1,Aggressive,ChaCha20-Poly1305,256,SHA1,31,RSA-Sig,Tunnel,True,3600,77,Weak,Legacy IKEv1 used; IKEv1 Aggressive mode vulnerable to offline dictionary attacks; Weak hash SHA1
621ef591-a3ed-4fb1-b5b6-3980c2d69fbb,IKEv2,Main,AES-256-CBC,256,MD5,19,ECDSA-Sig,Transport,False,3600,51,Moderate,Weak hash MD5; Perfect Forward Secrecy (PFS) is disabled
cd696ded-1535-4765-95a0-787e7fb3d01a,IKEv1,Main,DES,56,MD5,20,ECDSA-Sig,Tunnel,False,86400,100,Critical,Legacy IKEv1 used; Weak encryption DES; Weak hash MD5; Perfect Forward Secrecy (PFS) is disabled
cb3a7c61-cc2e-42be-9fe4-453405072eee,IKEv2,Main,DES,56,SHA384,5,PSK,Transport,True,28800,68,Weak,Weak encryption DES; Weak DH group 5
54815b06-c591-4c3c-8ab2-45b77ac30f2a,IKEv1,Aggressive,3DES,112,SHA384,31,PSK,Transport,False,3600,100,Critical,Legacy IKEv1 used; IKEv1 Aggressive mode vulnerable to offline dictionary attacks; Weak encryption 3DES; PSK with Aggressive Mode is highly risky; Perfect Forward Secrecy (PFS) is disabled
3a95c8ff-cc77-4ca1-8e9f-caf869f30ebc,IKEv2,Main,AES-256-CBC,256,SHA384,1,ECDSA-Sig,Transport,False,86400,53,Moderate,Weak DH group 1; Perfect Forward Secrecy (PFS) is disabled
1266796e-d6a2-4de5-b0ef-76a6db7fcdcd,IKEv2,Main,AES-128-CBC,128,SHA512,21,PSK,Transport,False,3600,25,Strong,Perfect Forward Secrecy (PFS) is disabled
49a2e78a-a75f-4fd2-bd19-917d355c3280,IKEv1,Main,3DES,112,SHA512,19,RSA-Sig,Transport,False,3600,80,Critical,Legacy IKEv1 used; Weak encryption 3DES; Perfect Forward Secrecy (PFS) is disabled
e187959e-56dd-44ad-bdc6-9f571f46eeee,IKEv1,Aggressive,ChaCha20-Poly1305,256,SHA384,21,ECDSA-Sig,Tunnel,True,86400,46,Moderate,Legacy IKEv1 used; IKEv1 Aggressive mode vulnerable to offline dictionary attacks
8c993ee8-6a11-4a03-b753-bf9ca173f1f5,IKEv1,Main,DES,56,SHA512,1,PSK,Tunnel,True,28800,91,Critical,Legacy IKEv1 used; Weak encryption DES; Weak DH group 1
7fa45504-9eed-4409-b74c-1691e80ed3d2,IKEv2,Main,DES,56,SHA384,19,ECDSA-Sig,Tunnel,False,28800,55,Moderate,Weak encryption DES; Perfect Forward Secrecy (PFS) is disabled
5ac8642b-2891-4b60-909b-6071873986b9,IKEv1,Main,DES,56,SHA384,14,RSA-Sig,Tunnel,True,3600,61,Weak,Legacy IKEv1 used; Weak encryption DES
a66bac02-3a80-462e-a825-d436bc36f7d2,IKEv2,Main,DES,56,SHA1,5,ECDSA-Sig,Transport,False,86400,100,Critical,Weak encryption DES; Weak hash SHA1; Weak DH group 5; Perfect Forward Secrecy (PFS) is disabled
9c34dabe-d735-4cfc-8b9e-9a1182b4a063,IKEv2,Main,AES-256-CBC,256,SHA1,19,PSK,Tunnel,True,3600,32,Strong,Weak hash SHA1
1e64136b-0b8d-4768-b841-9b6bd78e0ef7,IKEv1,Main,AES-256-CBC,256,SHA384,31,ECDSA-Sig,Transport,True,3600,16,Low,Legacy IKEv1 used
bd8ef3e1-9cb4-41e5-bb54-7edfdeb22665,IKEv2,Main,AES-256-GCM,256,SHA384,2,PSK,Transport,True,3600,30,Strong,Weak DH group 2
24781423-f2fe-4fc3-9d3a-d054bc825438,IKEv2,Main,3DES,112,MD5,31,PSK,Tunnel,False,3600,94,Critical,Weak encryption 3DES; Weak hash MD5; Perfect Forward Secrecy (PFS) is disabled
329c2b2d-0c22-4bd0-b866-ec00bb8e4662,IKEv2,Main,DES,56,MD5,1,ECDSA-Sig,Tunnel,True,3600,100,Critical,Weak encryption DES; Weak hash MD5; Weak DH group 1
d6f6c8e7-68e1-4c67-8100-8edc6cb5622a,IKEv1,Aggressive,AES-128-CBC,128,MD5,20,RSA-Sig,Tunnel,True,28800,84,Critical,Legacy IKEv1 used; IKEv1 Aggressive mode vulnerable to offline dictionary attacks; Weak hash MD5
da1d9df5-fb1a-4275-a461-1541d08bebbe,IKEv1,Quick,AES-256-CBC,256,SHA384,14,ECDSA-Sig,Transport,True,3600,21,Strong,Legacy IKEv1 used
812ee034-3ee1-4449-ab06-ad28689ea72e,IKEv2,Main,ChaCha20-Poly1305,256,SHA512,21,RSA-Sig,Transport,False,28800,25,Strong,Perfect Forward Secrecy (PFS) is disabled
0e9020d0-326e-4e57-bfcf-b475296bb689,IKEv2,Main,DES,56,SHA512,14,RSA-Sig,Tunnel,False,28800,61,Weak,Weak encryption DES; Perfect Forward Secrecy (PFS) is disabled
54fd7a23-1f40-4395-8b53-20f252723f73,IKEv2,Main,AES-256-GCM,256,SHA384,2,PSK,Transport,False,3600,49,Moderate,Weak DH group 2; Perfect Forward Secrecy (PFS) is disabled
48eb6493-2d21-47ba-851d-1071242c86ce,IKEv2,Main,3DES,112,SHA384,1,ECDSA-Sig,Transport,False,3600,86,Critical,Weak encryption 3DES; Weak DH group 1; Perfect Forward Secrecy (PFS) is disabled
7ee12753-e54e-42bc-af6c-d6b1f3042386,IKEv2,Main,AES-256-CBC,256,SHA1,2,RSA-Sig,Transport,True,86400,61,Weak,Weak hash SHA1; Weak DH group 2
43dabb81-0feb-4151-9efb-ee394a12df1c,IKEv1,Aggressive,DES,56,SHA512,2,RSA-Sig,Tunnel,False,28800,100,Critical,Legacy IKEv1 used; IKEv1 Aggressive mode vulnerable to offline dictionary attacks; Weak encryption DES; Weak DH group 2; Perfect Forward Secrecy (PFS) is disabled
ed72c136-ac3e-4b3c-b77a-25785bc47240,IKEv1,Quick,AES-256-GCM,256,SHA384,31,ECDSA-Sig,Transport,False,28800,40,Moderate,Legacy IKEv1 used; Perfect Forward Secrecy (PFS) is disabled
46e3afeb-092b-4f8b-8806-bddc3f6b2b7b,IKEv2,Main,AES-128-CBC,128,MD5,21,RSA-Sig,Tunnel,True,3600,27,Strong,Weak hash MD5
65373b02-4644-4e5d-84e6-24eff4df3fa1,IKEv2,Main,ChaCha20-Poly1305,256,SHA256,31,ECDSA-Sig,Transport,False,86400,24,Strong,Perfect Forward Secrecy (PFS) is disabled
f4405815-61fe-403d-9124-d9254f502402,IKEv1,Main,DES,56,SHA512,21,RSA-Sig,Transport,True,28800,62,Weak,Legacy IKEv1 used; Weak encryption DES
9a2525a7-475e-4da2-8a13-14e3204807de,IKEv2,Main,3DES,112,SHA512,19,PSK,Tunnel,False,3600,60,Weak,Weak encryption 3DES; Perfect Forward Secrecy (PFS) is disabled
c1757e05-299b-45f2-bb25-85b1d0b10b83,IKEv2,Main,AES-128-CBC,128,SHA512,31,RSA-Sig,Tunnel,False,28800,16,Low,Perfect Forward Secrecy (PFS) is disabled
cb9269f4-8d82-48cd-9e05-e724a52ed2a6,IKEv2,Main,AES-256-GCM,256,MD5,14,PSK,Tunnel,False,86400,51,Moderate,Weak hash MD5; Perfect Forward Secrecy (PFS) is disabled
9ea7d713-8a1e-45de-902d-009733c948b3,IKEv2,Main,3DES,112,SHA384,21,ECDSA-Sig,Tunnel,False,86400,56,Moderate,Weak encryption 3DES; Perfect Forward Secrecy (PFS) is disabled
4b1f23fb-3611-4d52-85e3-c7bc4533b811,IKEv1,Aggressive,DES,56,SHA512,1,RSA-Sig,Tunnel,True,3600,100,Critical,Legacy IKEv1 used; IKEv1 Aggressive mode vulnerable to offline dictionary attacks; Weak encryption DES; Weak DH group 1
d765c8f8-4da5-4be7-8896-195af71dd761,IKEv1,Aggressive,AES-256-GCM,256,SHA384,21,ECDSA-Sig,Tunnel,False,3600,71,Weak,Legacy IKEv1 used; IKEv1 Aggressive mode vulnerable to offline dictionary attacks; Perfect Forward Secrecy (PFS) is disabled
c941207c-fb25-4ed8-9b4d-fd5693b1d91c,IKEv2,Main,ChaCha20-Poly1305,256,SHA384,5,ECDSA-Sig,Transport,True,86400,34,Strong,Weak DH group 5
1281249b-aaf5-414d-8706-f0b6ed34240b,IKEv2,Main,ChaCha20-Poly1305,256,MD5,21,PSK,Transport,True,28800,31,Strong,Weak hash MD5
6c716667-305d-4714-a3cf-2900e7f51045,IKEv2,Main,3DES,112,SHA256,2,ECDSA-Sig,Transport,True,3600,73,Weak,Weak encryption 3DES; Weak DH group 2
81adbb46-ae6c-4adb-8dc8-cfa9cb9c8b37,IKEv2,Main,AES-256-CBC,256,SHA384,2,RSA-Sig,Transport,True,86400,26,Strong,Weak DH group 2
c377ae15-3242-48c2-9613-f04a9484b2dc,IKEv2,Main,3DES,112,SHA512,5,RSA-Sig,Transport,False,28800,91,Critical,Weak encryption 3DES; Weak DH group 5; Perfect Forward Secrecy (PFS) is disabled
f0af0959-cfe2-417b-9770-1c8a27b509d5,IKEv1,Main,3DES,112,SHA1,19,RSA-Sig,Tunnel,False,86400,100,Critical,Legacy IKEv1 used; Weak encryption 3DES; Weak hash SHA1; Perfect Forward Secrecy (PFS) is disabled
8d3ef7bc-1548-422c-828d-87bffd61b3d0,IKEv2,Main,AES-256-GCM,256,SHA512,2,RSA-Sig,Tunnel,True,28800,30,Strong,Weak DH group 2
02e1a9a3-5f98-4221-8ab4-25a819aac610,IKEv2,Main,3DES,112,SHA384,1,PSK,Transport,True,3600,68,Weak,Weak encryption 3DES; Weak DH group 1
46e70884-60d8-4e53-b680-6778b39b264c,IKEv2,Main,AES-256-GCM,256,MD5,1,PSK,Transport,True,28800,60,Weak,Weak hash MD5; Weak DH group 1
2c2f022a-2fbc-4d42-a990-8630e7393174,IKEv2,Main,AES-128-CBC,128,MD5,14,ECDSA-Sig,Tunnel,False,3600,47,Moderate,Weak hash MD5; Perfect Forward Secrecy (PFS) is disabled
00ffa009-2754-401f-ae78-d8239be9af5c,IKEv2,Main,DES,56,SHA512,19,ECDSA-Sig,Transport,True,28800,36,Strong,Weak encryption DES
c3c83a4e-5c56-4787-a486-43f69f42b639,IKEv1,Main,AES-256-CBC,256,SHA256,19,RSA-Sig,Tunnel,True,3600,23,Strong,Legacy IKEv1 used
f5e5e18b-a61c-49ac-ab6d-ad0a0bf69c0b,IKEv1,Main,DES,56,MD5,20,RSA-Sig,Tunnel,False,28800,100,Critical,Legacy IKEv1 used; Weak encryption DES; Weak hash MD5; Perfect Forward Secrecy (PFS) is disabled
87ede549-b190-4507-8031-1cdf87a36e4a,IKEv2,Main,AES-128-CBC,128,SHA512,19,PSK,Tunnel,True,3600,0,Low,None
d23f87b2-82a4-45f9-a939-28bb97c2b025,IKEv2,Main,AES-256-CBC,256,SHA384,21,RSA-Sig,Transport,True,28800,3,Low,None
10b21ddb-4c70-42a0-946a-b63955c7e00f,IKEv1,Aggressive,AES-256-CBC,256,SHA256,20,PSK,Transport,True,86400,73,Weak,Legacy IKEv1 used; IKEv1 Aggressive mode vulnerable to offline dictionary attacks; PSK with Aggressive Mode is highly risky
8b629d7c-fc0b-434e-9720-8357c23e8353,IKEv2,Main,ChaCha20-Poly1305,256,SHA256,1,PSK,Transport,False,86400,48,Moderate,Weak DH group 1; Perfect Forward Secrecy (PFS) is disabled
0fe67b7d-daa9-48d2-bab8-5bd8119f247b,IKEv2,Main,AES-128-CBC,128,SHA256,14,RSA-Sig,Tunnel,False,3600,20,Strong,Perfect Forward Secrecy (PFS) is disabled
57c97d15-8fdb-4529-be1c-f8106079f7a1,IKEv2,Main,AES-128-CBC,128,SHA256,31,ECDSA-Sig,Transport,False,86400,20,Strong,Perfect Forward Secrecy (PFS) is disabled
85c0afa7-4e66-437a-b45c-075da994771b,IKEv2,Main,ChaCha20-Poly1305,256,SHA512,14,RSA-Sig,Transport,True,3600,5,Low,None
da86a402-b820-45ee-8ef0-0de4e2ff40c3,IKEv1,Aggressive,AES-128-CBC,128,SHA256,5,ECDSA-Sig,Transport,False,86400,97,Critical,Legacy IKEv1 used; IKEv1 Aggressive mode vulnerable to offline dictionary attacks; Weak DH group 5; Perfect Forward Secrecy (PFS) is disabled
3cad2410-cfe6-4e76-a879-c20cd6e42b75,IKEv2,Main,3DES,112,SHA256,5,ECDSA-Sig,Transport,True,28800,68,Weak,Weak encryption 3DES; Weak DH group 5
5cc9f94c-d060-4f7e-807b-27ac198fc73c,IKEv2,Main,ChaCha20-Poly1305,256,SHA384,5,ECDSA-Sig,Tunnel,False,28800,46,Moderate,Weak DH group 5; Perfect Forward Secrecy (PFS) is disabled
ad1d44f9-d658-445a-9ba0-1adfa9f3728e,IKEv2,Main,AES-128-CBC,128,SHA384,19,RSA-Sig,Transport,True,3600,0,Low,None
bc790a0f-7e2b-4458-a940-1d2065a01418,IKEv2,Main,AES-256-GCM,256,MD5,5,ECDSA-Sig,Tunnel,True,3600,59,Moderate,Weak hash MD5; Weak DH group 5
e8fdcaf3-b4cd-4afc-bbd8-0eea6deeb454,IKEv2,Main,AES-128-CBC,128,SHA1,14,RSA-Sig,Tunnel,True,3600,28,Strong,Weak hash SHA1
e1cbda71-2cb3-41dc-9418-796912d25839,IKEv1,Quick,AES-256-GCM,256,SHA256,5,RSA-Sig,Tunnel,False,3600,67,Weak,Legacy IKEv1 used; Weak DH group 5; Perfect Forward Secrecy (PFS) is disabled
c4f68da7-f8c8-4ec7-8ad6-3e85db488d5a,IKEv1,Quick,AES-256-GCM,256,SHA512,31,RSA-Sig,Transport,False,28800,44,Moderate,Legacy IKEv1 used; Perfect Forward Secrecy (PFS) is disabled
b9627661-9ed0-43c1-8ecd-8dc70cac7056,IKEv2,Main,ChaCha20-Poly1305,256,SHA512,31,PSK,Transport,False,3600,17,Low,Perfect Forward Secrecy (PFS) is disabled
cfa991eb-ce57-4bc6-bc8e-6f989219a3b4,IKEv1,Aggressive,AES-256-GCM,256,SHA384,20,PSK,Transport,False,3600,95,Critical,Legacy IKEv1 used; IKEv1 Aggressive mode vulnerable to offline dictionary attacks; PSK with Aggressive Mode is highly risky; Perfect Forward Secrecy (PFS) is disabled
c67f16ae-cfd5-42b7-a642-0448302ebcc2,IKEv2,Main,DES,56,SHA384,19,RSA-Sig,Transport,False,28800,56,Moderate,Weak encryption DES; Perfect Forward Secrecy (PFS) is disabled
32597c64-973e-401b-b7bf-31d1e24da65d,IKEv2,Main,3DES,112,SHA512,19,RSA-Sig,Tunnel,False,3600,57,Moderate,Weak encryption 3DES; Perfect Forward Secrecy (PFS) is disabled
eb06fbf8-a880-477b-9aec-b240f3b1da63,IKEv2,Main,ChaCha20-Poly1305,256,MD5,19,PSK,Transport,False,86400,55,Moderate,Weak hash MD5; Perfect Forward Secrecy (PFS) is disabled
c015501d-57cb-4a7b-92a1-ed090df20647,IKEv2,Main,AES-256-CBC,256,MD5,14,PSK,Tunnel,True,86400,32,Strong,Weak hash MD5
267e0208-1bd0-43a8-9644-d06fc218c22b,IKEv2,Main,AES-256-GCM,256,SHA1,2,RSA-Sig,Tunnel,True,86400,62,Weak,Weak hash SHA1; Weak DH group 2
879038ff-eb7e-4fb3-b63e-b9cfea6e9cff,IKEv1,Main,ChaCha20-Poly1305,256,SHA256,1,PSK,Transport,False,3600,74,Weak,Legacy IKEv1 used; Weak DH group 1; Perfect Forward Secrecy (PFS) is disabled
8265bb02-0d24-4729-9006-de3aef868f87,IKEv2,Main,DES,56,SHA256,19,ECDSA-Sig,Transport,False,86400,64,Weak,Weak encryption DES; Perfect Forward Secrecy (PFS) is disabled
9fc43e5a-4852-4e16-81ec-c19ce922a298,IKEv2,Main,3DES,112,SHA512,2,ECDSA-Sig,Tunnel,False,3600,92,Critical,Weak encryption 3DES; Weak DH group 2; Perfect Forward Secrecy (PFS) is disabled
9f1756c6-f15f-4900-87dd-a084f96e9e0e,IKEv2,Main,AES-128-CBC,128,SHA1,20,RSA-Sig,Transport,True,86400,35,Strong,Weak hash SHA1
fdd8abd1-35bd-4b28-ba92-a01b79840bc9,IKEv2,Main,DES,56,SHA256,5,PSK,Transport,True,3600,74,Weak,Weak encryption DES; Weak DH group 5
5ea3d621-e039-40bd-9856-e186a9deb572,IKEv1,Main,ChaCha20-Poly1305,256,SHA1,20,RSA-Sig,Tunnel,False,3600,75,Weak,Legacy IKEv1 used; Weak hash SHA1; Perfect Forward Secrecy (PFS) is disabled
0b116de3-0b9b-48f9-8923-ee41c6394d48,IKEv2,Main,DES,56,SHA256,2,ECDSA-Sig,Tunnel,False,3600,95,Critical,Weak encryption DES; Weak DH group 2; Perfect Forward Secrecy (PFS) is disabled
61391be2-987e-47d3-8ae3-8df14ed0e840,IKEv2,Main,ChaCha20-Poly1305,256,SHA256,31,ECDSA-Sig,Transport,False,86400,24,Strong,Perfect Forward Secrecy (PFS) is disabled
d3a4b293-e6cf-4cd9-874b-12c1ef3c33e9,IKEv2,Main,3DES,112,SHA384,19,RSA-Sig,Tunnel,False,86400,60,Weak,Weak encryption 3DES; Perfect Forward Secrecy (PFS) is disabled
c3fe2c80-57c0-47b1-96fd-7c181f1eb179,IKEv1,Aggressive,DES,56,SHA1,5,ECDSA-Sig,Tunnel,True,28800,100,Critical,Legacy IKEv1 used; IKEv1 Aggressive mode vulnerable to offline dictionary attacks; Weak encryption DES; Weak hash SHA1; Weak DH group 5
c054f1a0-d56a-4d52-b1af-05beb59c09cf,IKEv2,Main,AES-256-CBC,256,SHA384,5,RSA-Sig,Tunnel,False,28800,50,Moderate,Weak DH group 5; Perfect Forward Secrecy (PFS) is disabled
25a02a5c-43f1-4486-b902-46efead42bb8,IKEv1,Aggressive,AES-256-CBC,256,SHA1,21,PSK,Transport,False,86400,100,Critical,Legacy IKEv1 used; IKEv1 Aggressive mode vulnerable to offline dictionary attacks; Weak hash SHA1; PSK with Aggressive Mode is highly risky; Perfect Forward Secrecy (PFS) is disabled
788d9def-e9be-43e1-a38e-4aa5b21d0aa7,IKEv1,Quick,AES-128-CBC,128,SHA256,2,PSK,Transport,True,3600,52,Moderate,Legacy IKEv1 used; Weak DH group 2
cd16663c-0806-4f19-b0c1-2d4fc4a1fba6,IKEv1,Main,DES,56,SHA1,21,ECDSA-Sig,Transport,False,86400,100,Critical,Legacy IKEv1 used; Weak encryption DES; Weak hash SHA1; Perfect Forward Secrecy (PFS) is disabled
0fdcb40a-8579-413e-9db4-14a57374c7e7,IKEv2,Main,3DES,112,SHA512,19,RSA-Sig,Tunnel,True,86400,42,Moderate,Weak encryption 3DES
45d405a3-774e-4cb1-b1a9-47e1f71b1f41,IKEv1,Aggressive,DES,56,SHA256,20,PSK,Transport,False,86400,100,Critical,Legacy IKEv1 used; IKEv1 Aggressive mode vulnerable to offline dictionary attacks; Weak encryption DES; PSK with Aggressive Mode is highly risky; Perfect Forward Secrecy (PFS) is disabled
8014832c-3a4d-4afc-a58e-35437c06e3b6,IKEv1,Aggressive,AES-128-CBC,128,SHA256,5,ECDSA-Sig,Tunnel,True,28800,85,Critical,Legacy IKEv1 used; IKEv1 Aggressive mode vulnerable to offline dictionary attacks; Weak DH group 5
4f6ac5eb-b3a9-41e2-bd3e-45783165506a,IKEv1,Aggressive,ChaCha20-Poly1305,256,MD5,19,PSK,Tunnel,False,3600,100,Critical,Legacy IKEv1 used; IKEv1 Aggressive mode vulnerable to offline dictionary attacks; Weak hash MD5; PSK with Aggressive Mode is highly risky; Perfect Forward Secrecy (PFS) is disabled
90ac000f-0559-4ac2-98fe-12e90a6fc6fb,IKEv2,Main,AES-256-CBC,256,MD5,1,RSA-Sig,Tunnel,True,3600,59,Moderate,Weak hash MD5; Weak DH group 1
ae25e34a-0b49-4b41-903f-e63cf5093c94,IKEv2,Main,3DES,112,SHA512,21,PSK,Transport,True,28800,44,Moderate,Weak encryption 3DES
cbbb9549-63a9-4084-8b42-f69cd5fecd33,IKEv2,Main,DES,56,SHA512,20,PSK,Tunnel,False,86400,55,Moderate,Weak encryption DES; Perfect Forward Secrecy (PFS) is disabled
2daec047-e02b-4ef8-804e-734dc67d7bfd,IKEv2,Main,3DES,112,SHA384,2,PSK,Transport,False,86400,90,Critical,Weak encryption 3DES; Weak DH group 2; Perfect Forward Secrecy (PFS) is disabled
26997895-d697-405e-8166-ce000c6fcf35,IKEv2,Main,DES,56,SHA256,20,PSK,Transport,True,28800,43,Moderate,Weak encryption DES
6d136723-c88c-4987-8dd8-cfab38324a99,IKEv2,Main,AES-256-CBC,256,SHA1,21,RSA-Sig,Transport,True,28800,26,Strong,Weak hash SHA1
28c622d0-0e88-4162-92bc-b1abbe9e5c81,IKEv2,Main,AES-256-CBC,256,MD5,31,RSA-Sig,Transport,True,28800,29,Strong,Weak hash MD5
5df8c228-b92f-4ebb-8497-a07d7f9023d9,IKEv2,Main,AES-256-CBC,256,SHA256,31,PSK,Transport,False,3600,22,Strong,Perfect Forward Secrecy (PFS) is disabled
e1170a27-59e9-47d5-bd19-a0cc7a479e3e,IKEv2,Main,AES-128-CBC,128,MD5,1,ECDSA-Sig,Transport,False,28800,82,Critical,Weak hash MD5; Weak DH group 1; Perfect Forward Secrecy (PFS) is disabled
3423eee9-0dfa-4ea0-8334-5e73ad8e9d16,IKEv1,Main,AES-256-CBC,256,SHA384,2,PSK,Tunnel,False,86400,65,Weak,Legacy IKEv1 used; Weak DH group 2; Perfect Forward Secrecy (PFS) is disabled
952bf7ba-8686-4290-87af-699843b21fb2,IKEv2,Main,AES-256-GCM,256,SHA512,19,ECDSA-Sig,Transport,False,3600,15,Low,Perfect Forward Secrecy (PFS) is disabled
3526ea2b-e827-42ef-8954-bd15ffed08f7,IKEv2,Main,ChaCha20-Poly1305,256,MD5,21,RSA-Sig,Tunnel,False,3600,50,Moderate,Weak hash MD5; Perfect Forward Secrecy (PFS) is disabled
e8ac66f0-bd41-4872-97ea-f328640fbac0,IKEv2,Main,AES-128-CBC,128,MD5,1,RSA-Sig,Tunnel,False,86400,79,Weak,Weak hash MD5; Weak DH group 1; Perfect Forward Secrecy (PFS) is disabled
61e73582-e83e-476a-b62f-94c902052815,IKEv2,Main,AES-256-CBC,256,SHA1,1,PSK,Transport,True,28800,56,Moderate,Weak hash SHA1; Weak DH group 1
619bfc69-059e-41b0-99dd-6d58b696dc72,IKEv2,Main,DES,56,SHA384,31,PSK,Transport,False,86400,65,Weak,Weak encryption DES; Perfect Forward Secrecy (PFS) is disabled
81d066c3-de8c-4955-ac66-fef13fc1f727,IKEv1,Quick,AES-256-GCM,256,SHA512,20,ECDSA-Sig,Transport,True,3600,16,Low,Legacy IKEv1 used
3b995c00-42f2-490d-bc55-7e7b7662cc1b,IKEv2,Main,3DES,112,SHA256,21,RSA-Sig,Tunnel,False,3600,64,Weak,Weak encryption 3DES; Perfect Forward Secrecy (PFS) is disabled
6ac72129-db3f-4b02-b5ff-8fdb8b4088f1,IKEv1,Aggressive,ChaCha20-Poly1305,256,SHA384,1,PSK,Transport,False,86400,100,Critical,Legacy IKEv1 used; IKEv1 Aggressive mode vulnerable to offline dictionary attacks; Weak DH group 1; PSK with Aggressive Mode is highly risky; Perfect Forward Secrecy (PFS) is disabled
fe772f7c-821d-439b-ae73-4c0576272d39,IKEv1,Aggressive,DES,56,SHA256,19,ECDSA-Sig,Tunnel,True,86400,93,Critical,Legacy IKEv1 used; IKEv1 Aggressive mode vulnerable to offline dictionary attacks; Weak encryption DES
20c5bda9-036c-4bf3-8769-12ba320a9d5f,IKEv2,Main,DES,56,MD5,19,ECDSA-Sig,Transport,False,3600,91,Critical,Weak encryption DES; Weak hash MD5; Perfect Forward Secrecy (PFS) is disabled
a29e68ff-a749-405f-a2b6-5b842422113f,IKEv2,Main,DES,56,SHA384,2,PSK,Transport,True,86400,72,Weak,Weak encryption DES; Weak DH group 2
3d6d179a-c0dd-4e06-8596-e2d3cfb50f41,IKEv2,Main,ChaCha20-Poly1305,256,SHA512,2,PSK,Transport,False,28800,54,Moderate,Weak DH group 2; Perfect Forward Secrecy (PFS) is disabled
3da80f08-6b64-4dc2-9460-44d5f73e7a90,IKEv2,Main,DES,56,SHA1,21,RSA-Sig,Transport,False,3600,93,Critical,Weak encryption DES; Weak hash SHA1; Perfect Forward Secrecy (PFS) is disabled
ebbc5769-9e75-41e0-a0e9-a3854627825f,IKEv1,Quick,DES,56,SHA256,5,PSK,Transport,True,3600,85,Critical,Legacy IKEv1 used; Weak encryption DES; Weak DH group 5
8386652b-e02c-4292-a855-71f5a7ea0654,IKEv1,Quick,AES-256-GCM,256,SHA256,14,ECDSA-Sig,Tunnel,False,28800,42,Moderate,Legacy IKEv1 used; Perfect Forward Secrecy (PFS) is disabled
c2bdfdf7-aea8-4bd5-9062-2c75440faf6a,IKEv2,Main,AES-256-GCM,256,SHA1,2,ECDSA-Sig,Tunnel,True,86400,64,Weak,Weak hash SHA1; Weak DH group 2
43c18f51-8a71-44f2-92ba-3f307fc5d442,IKEv2,Main,3DES,112,SHA1,19,PSK,Tunnel,False,28800,95,Critical,Weak encryption 3DES; Weak hash SHA1; Perfect Forward Secrecy (PFS) is disabled
b045de2a-93dd-4b5b-89dd-569e414e9240,IKEv2,Main,3DES,112,SHA512,2,ECDSA-Sig,Transport,False,3600,88,Critical,Weak encryption 3DES; Weak DH group 2; Perfect Forward Secrecy (PFS) is disabled
769f7a27-5a47-4c5d-abda-c2a1758baa2c,IKEv2,Main,AES-256-GCM,256,SHA256,14,RSA-Sig,Tunnel,False,28800,20,Strong,Perfect Forward Secrecy (PFS) is disabled
20a2ce68-b337-4cfe-84c8-f481c669d9d7,IKEv2,Main,DES,56,SHA256,21,RSA-Sig,Tunnel,True,86400,44,Moderate,Weak encryption DES
ebbfdd7d-407a-4108-8afd-7bd978eb9c19,IKEv1,Quick,AES-256-CBC,256,SHA1,2,ECDSA-Sig,Tunnel,False,28800,100,Critical,Legacy IKEv1 used; Weak hash SHA1; Weak DH group 2; Perfect Forward Secrecy (PFS) is disabled
5b042d51-3e65-421f-9e9f-ad64be612fcc,IKEv1,Aggressive,AES-256-GCM,256,SHA256,1,ECDSA-Sig,Tunnel,True,28800,83,Critical,Legacy IKEv1 used; IKEv1 Aggressive mode vulnerable to offline dictionary attacks; Weak DH group 1
7ffb0d22-3996-4ad2-9e60-271fb45117a5,IKEv2,Main,AES-256-CBC,256,SHA256,20,RSA-Sig,Transport,False,3600,17,Low,Perfect Forward Secrecy (PFS) is disabled
460a9698-078c-451f-9ff8-8779cd112236,IKEv2,Main,ChaCha20-Poly1305,256,SHA1,1,RSA-Sig,Tunnel,True,28800,55,Moderate,Weak hash SHA1; Weak DH group 1
6d055d31-0c7d-4c73-8bcc-34bddfc7aef7,IKEv2,Main,AES-256-GCM,256,SHA1,31,ECDSA-Sig,Tunnel,False,3600,52,Moderate,Weak hash SHA1; Perfect Forward Secrecy (PFS) is disabled
53acde27-9a67-4036-8969-2c68823c7e5e,IKEv2,Main,AES-256-GCM,256,SHA1,21,PSK,Tunnel,True,86400,26,Strong,Weak hash SHA1
37e1380c-503f-4ec2-849a-42610b1f8f36,IKEv2,Main,AES-128-CBC,128,SHA384,2,ECDSA-Sig,Transport,False,3600,50,Moderate,Weak DH group 2; Perfect Forward Secrecy (PFS) is disabled
a1e9b077-13f8-4804-9102-f02c590e3451,IKEv2,Main,AES-256-GCM,256,SHA384,21,ECDSA-Sig,Tunnel,True,28800,0,Low,None
ea9d1b22-8888-42c3-9a0b-7c138e6d7547,IKEv2,Main,ChaCha20-Poly1305,256,SHA1,1,ECDSA-Sig,Transport,True,28800,63,Weak,Weak hash SHA1; Weak DH group 1
7898d0f7-4aef-48f4-a8dd-a22ad511eb09,IKEv1,Main,AES-256-GCM,256,SHA512,5,ECDSA-Sig,Tunnel,False,28800,75,Weak,Legacy IKEv1 used; Weak DH group 5; Perfect Forward Secrecy (PFS) is disabled
1a785d90-9f1d-4daf-8b28-84619c9dc2c4,IKEv1,Main,AES-128-CBC,128,SHA512,2,ECDSA-Sig,Transport,True,3600,47,Moderate,Legacy IKEv1 used; Weak DH group 2
18857ca1-d468-4ace-9298-3bca0fb3dceb,IKEv1,Quick,AES-256-GCM,256,SHA256,20,PSK,Transport,True,28800,15,Low,Legacy IKEv1 used
ffcadb2b-9135-4827-89eb-c2cae37233fe,IKEv2,Main,DES,56,SHA1,2,ECDSA-Sig,Transport,False,3600,100,Critical,Weak encryption DES; Weak hash SHA1; Weak DH group 2; Perfect Forward Secrecy (PFS) is disabled
2ff3200f-5589-47eb-ad31-6844d583b4a9,IKEv2,Main,AES-128-CBC,128,MD5,19,ECDSA-Sig,Tunnel,True,3600,32,Strong,Weak hash MD5
6f63e545-7105-4544-8d6e-c7f2dd8a84fc,IKEv1,Aggressive,3DES,112,SHA512,31,RSA-Sig,Tunnel,False,3600,100,Critical,Legacy IKEv1 used; IKEv1 Aggressive mode vulnerable to offline dictionary attacks; Weak encryption 3DES; Perfect Forward Secrecy (PFS) is disabled
399a70ce-c681-4d6a-81b2-83cbf27abcc8,IKEv1,Aggressive,AES-128-CBC,128,SHA1,20,PSK,Tunnel,False,86400,100,Critical,Legacy IKEv1 used; IKEv1 Aggressive mode vulnerable to offline dictionary attacks; Weak hash SHA1; PSK with Aggressive Mode is highly risky; Perfect Forward Secrecy (PFS) is disabled
8d2b0e79-ae2d-4ed5-a5ce-215b1d2447d8,IKEv2,Main,ChaCha20-Poly1305,256,MD5,20,RSA-Sig,Tunnel,False,86400,53,Moderate,Weak hash MD5; Perfect Forward Secrecy (PFS) is disabled
11ef672c-26d5-4265-b55f-1a16bb28b50f,IKEv2,Main,ChaCha20-Poly1305,256,SHA512,5,ECDSA-Sig,Transport,True,86400,34,Strong,Weak DH group 5
184e057e-0ba1-41ec-b24d-dde42d9a9e06,IKEv2,Main,3DES,112,SHA512,14,RSA-Sig,Tunnel,False,28800,57,Moderate,Weak encryption 3DES; Perfect Forward Secrecy (PFS) is disabled
d1d2a252-5457-4858-981e-1a10093fd2eb,IKEv2,Main,AES-256-CBC,256,SHA1,21,ECDSA-Sig,Tunnel,True,3600,30,Strong,Weak hash SHA1
7c21c5bb-5237-4410-ad4f-deb80cef509d,IKEv2,Main,AES-256-CBC,256,SHA512,5,RSA-Sig,Transport,False,28800,50,Moderate,Weak DH group 5; Perfect Forward Secrecy (PFS) is disabled
56aa9fe3-5098-4378-8a73-d239bdf0077b,IKEv1,Main,3DES,112,MD5,5,RSA-Sig,Tunnel,True,86400,100,Critical,Legacy IKEv1 used; Weak encryption 3DES; Weak hash MD5; Weak DH group 5
c19cb8ec-3781-4305-9653-d1b9a0ce72bb,IKEv2,Main,AES-256-GCM,256,SHA1,5,ECDSA-Sig,Transport,False,86400,81,Critical,Weak hash SHA1; Weak DH group 5; Perfect Forward Secrecy (PFS) is disabled
f6711ad4-2137-4e37-89a6-69a564cbc94c,IKEv2,Main,DES,56,SHA512,14,ECDSA-Sig,Tunnel,True,28800,41,Moderate,Weak encryption DES
c0882175-24e7-4d23-b679-299124f4c67c,IKEv1,Aggressive,AES-256-CBC,256,MD5,20,RSA-Sig,Transport,True,28800,80,Critical,Legacy IKEv1 used; IKEv1 Aggressive mode vulnerable to offline dictionary attacks; Weak hash MD5
fc34d10e-df9c-4886-ae48-ceb14df9b3e3,IKEv1,Main,DES,56,SHA1,19,RSA-Sig,Tunnel,False,3600,100,Critical,Legacy IKEv1 used; Weak encryption DES; Weak hash SHA1; Perfect Forward Secrecy (PFS) is disabled
5449250b-ec73-4bf3-a307-51a40b35e421,IKEv2,Main,AES-256-CBC,256,MD5,5,RSA-Sig,Tunnel,True,28800,64,Weak,Weak hash MD5; Weak DH group 5
71a5ceef-9b97-404c-b57c-17e4dcc2778b,IKEv2,Main,AES-256-GCM,256,SHA512,2,PSK,Transport,False,86400,45,Moderate,Weak DH group 2; Perfect Forward Secrecy (PFS) is disabled
e0511407-46d2-4024-abea-e86740362683,IKEv2,Main,AES-256-CBC,256,SHA512,20,ECDSA-Sig,Transport,False,86400,25,Strong,Perfect Forward Secrecy (PFS) is disabled
515ea9c6-e8de-447f-8c8b-486996aa6d6f,IKEv2,Main,DES,56,SHA256,20,ECDSA-Sig,Transport,False,86400,65,Weak,Weak encryption DES; Perfect Forward Secrecy (PFS) is disabled
c60b8102-d87b-42f2-800a-5d485852a26f,IKEv2,Main,3DES,112,SHA512,1,ECDSA-Sig,Transport,True,28800,70,Weak,Weak encryption 3DES; Weak DH group 1
c24c0ec7-e508-42a3-8108-f9e9da2bedc0,IKEv1,Quick,3DES,112,SHA384,5,RSA-Sig,Transport,True,28800,86,Critical,Legacy IKEv1 used; Weak encryption 3DES; Weak DH group 5
81622b46-f855-449d-b0a1-7f433a369195,IKEv1,Main,DES,56,MD5,19,PSK,Tunnel,True,3600,90,Critical,Legacy IKEv1 used; Weak encryption DES; Weak hash MD5
61511b54-f0a5-4ef4-a629-bdcbae9a61b4,IKEv2,Main,DES,56,SHA1,5,ECDSA-Sig,Transport,True,28800,96,Critical,Weak encryption DES; Weak hash SHA1; Weak DH group 5
f92e194c-acdc-405c-aaae-18a905faf16e,IKEv2,Main,AES-128-CBC,128,SHA1,1,ECDSA-Sig,Transport,True,3600,63,Weak,Weak hash SHA1; Weak DH group 1
57c1afdf-ae91-47e1-9dfe-a5f9c0f1a063,IKEv2,Main,AES-128-CBC,128,SHA1,31,RSA-Sig,Tunnel,False,3600,55,Moderate,Weak hash SHA1; Perfect Forward Secrecy (PFS) is disabled
5bbe41dd-b398-42d5-888d-958e9568028e,IKEv2,Main,AES-256-CBC,256,MD5,19,PSK,Transport,False,3600,51,Moderate,Weak hash MD5; Perfect Forward Secrecy (PFS) is disabled
6b5f8a44-b256-4a91-a9a6-7b16fb77a83c,IKEv1,Aggressive,AES-256-CBC,256,MD5,14,PSK,Tunnel,False,3600,100,Critical,Legacy IKEv1 used; IKEv1 Aggressive mode vulnerable to offline dictionary attacks; Weak hash MD5; PSK with Aggressive Mode is highly risky; Perfect Forward Secrecy (PFS) is disabled
ae74082d-ad57-4e08-aedd-cd881a76c465,IKEv1,Main,AES-256-CBC,256,SHA512,31,RSA-Sig,Transport,True,3600,19,Low,Legacy IKEv1 used
6a23ae45-ff2c-40cf-a90b-ac6b3e48211f,IKEv2,Main,ChaCha20-Poly1305,256,SHA384,1,PSK,Tunnel,True,86400,35,Strong,Weak DH group 1
09c1514d-198d-4a3b-a5df-c6f66e9d1acf,IKEv2,Main,ChaCha20-Poly1305,256,MD5,20,RSA-Sig,Transport,True,3600,34,Strong,Weak hash MD5
f9cb404b-837d-409b-8185-3bc0e0338918,IKEv2,Main,3DES,112,SHA512,14,RSA-Sig,Tunnel,True,28800,37,Strong,Weak encryption 3DES
6400af6d-fc8b-4e7e-9aaa-0eb57fee91bb,IKEv1,Quick,3DES,112,SHA512,21,ECDSA-Sig,Transport,True,86400,60,Weak,Legacy IKEv1 used; Weak encryption 3DES
dcaa35a9-275f-4768-8b94-07f150ea547f,IKEv2,Main,3DES,112,SHA384,21,PSK,Transport,True,28800,36,Strong,Weak encryption 3DES
66dfdeca-e8a9-4d3a-a0dc-15237e82dfd4,IKEv2,Main,AES-128-CBC,128,SHA512,14,ECDSA-Sig,Transport,False,3600,24,Strong,Perfect Forward Secrecy (PFS) is disabled
16a8cefa-b655-4cb1-881f-373794ea221e,IKEv2,Main,3DES,112,SHA384,1,PSK,Transport,False,3600,95,Critical,Weak encryption 3DES; Weak DH group 1; Perfect Forward Secrecy (PFS) is disabled
0de90a55-1509-47be-9ac0-2dad9b63dbd9,IKEv1,Main,DES,56,MD5,20,ECDSA-Sig,Tunnel,False,28800,100,Critical,Legacy IKEv1 used; Weak encryption DES; Weak hash MD5; Perfect Forward Secrecy (PFS) is disabled
975e2dd5-dcff-42f3-8292-11f0d340dd5c,IKEv1,Main,AES-256-CBC,256,SHA384,1,PSK,Tunnel,True,86400,50,Moderate,Legacy IKEv1 used; Weak DH group 1
c1333b4f-5845-45ff-9df8-99a6a1330a89,IKEv2,Main,3DES,112,SHA384,21,PSK,Transport,False,3600,59,Moderate,Weak encryption 3DES; Perfect Forward Secrecy (PFS) is disabled
1cb0155c-b94c-4e0c-ac45-45c3868e5c52,IKEv2,Main,ChaCha20-Poly1305,256,SHA512,20,RSA-Sig,Transport,True,3600,5,Low,None
8aeedb8a-28cb-428e-af5c-cb1c8920de71,IKEv1,Main,AES-256-GCM,256,MD5,1,PSK,Transport,False,28800,100,Critical,Legacy IKEv1 used; Weak hash MD5; Weak DH group 1; Perfect Forward Secrecy (PFS) is disabled
791da9a6-47e0-4496-a8b5-53a78c66eec7,IKEv2,Main,DES,56,SHA512,20,PSK,Transport,True,3600,41,Moderate,Weak encryption DES
bfd186df-7ff5-465c-b7b2-0a2b2ab51d16,IKEv1,Quick,AES-256-CBC,256,SHA1,2,PSK,Tunnel,False,28800,97,Critical,Legacy IKEv1 used; Weak hash SHA1; Weak DH group 2; Perfect Forward Secrecy (PFS) is disabled
57d9d110-d2d7-4c83-89b9-2d320e6c989d,IKEv2,Main,AES-256-GCM,256,MD5,14,RSA-Sig,Tunnel,True,28800,34,Strong,Weak hash MD5
a8abd9d8-2185-41a2-b27f-ae78275a5a3f,IKEv2,Main,3DES,112,SHA512,31,ECDSA-Sig,Transport,True,28800,36,Strong,Weak encryption 3DES
0551c66b-deb4-473a-8135-100594d9c8af,IKEv1,Quick,AES-256-GCM,256,SHA384,20,RSA-Sig,Tunnel,False,28800,39,Strong,Legacy IKEv1 used; Perfect Forward Secrecy (PFS) is disabled
cd9aa6b2-c05d-4973-8a18-c5a7f079a7d8,IKEv2,Main,AES-256-GCM,256,SHA1,19,PSK,Transport,False,3600,53,Moderate,Weak hash SHA1; Perfect Forward Secrecy (PFS) is disabled
690bdbe4-3351-4dd9-9589-02db6c9bbb31,IKEv1,Main,ChaCha20-Poly1305,256,SHA256,14,PSK,Transport,True,28800,21,Strong,Legacy IKEv1 used
8d406b2b-b974-4b6c-99e0-4f395c65c4e7,IKEv2,Main,DES,56,SHA384,31,RSA-Sig,Transport,False,86400,65,Weak,Weak encryption DES; Perfect Forward Secrecy (PFS) is disabled
f9876376-d8a2-4c99-a3f8-125ce4b75474,IKEv2,Main,ChaCha20-Poly1305,256,SHA256,20,PSK,Transport,False,28800,20,Strong,Perfect Forward Secrecy (PFS) is disabled
3671d533-6d47-4977-8ef1-b70005819a50,IKEv1,Main,AES-256-CBC,256,SHA256,21,RSA-Sig,Transport,False,3600,37,Strong,Legacy IKEv1 used; Perfect Forward Secrecy (PFS) is disabled
a8d8085c-aeb9-42db-9924-2966873b2501,IKEv2,Main,DES,56,SHA512,1,RSA-Sig,Tunnel,True,28800,75,Weak,Weak encryption DES; Weak DH group 1
bf7d80da-d573-43a0-a6ba-c1789a7e85be,IKEv2,Main,DES,56,SHA384,14,PSK,Tunnel,True,28800,45,Moderate,Weak encryption DES
5c1c0e23-8cb1-4ba3-ad07-7269fcd9deff,IKEv1,Quick,3DES,112,MD5,19,ECDSA-Sig,Transport,True,28800,93,Critical,Legacy IKEv1 used; Weak encryption 3DES; Weak hash MD5
6d868a70-3b1e-42aa-8f3e-c2579df13b80,IKEv2,Main,AES-256-GCM,256,SHA384,19,ECDSA-Sig,Transport,True,28800,0,Low,None
9f8a62e8-bf21-455b-8ae2-6536703f6a67,IKEv2,Main,3DES,112,SHA1,1,ECDSA-Sig,Transport,False,86400,100,Critical,Weak encryption 3DES; Weak hash SHA1; Weak DH group 1; Perfect Forward Secrecy (PFS) is disabled
c38cab4e-ce0d-4a06-9644-4e8da24f6b01,IKEv2,Main,AES-256-CBC,256,SHA1,14,ECDSA-Sig,Transport,False,3600,55,Moderate,Weak hash SHA1; Perfect Forward Secrecy (PFS) is disabled
3f24cb2b-459e-4d64-ab72-a722454438c3,IKEv2,Main,DES,56,SHA384,5,PSK,Transport,True,86400,71,Weak,Weak encryption DES; Weak DH group 5
965279ee-e313-4500-8263-1093a56e04f9,IKEv2,Main,3DES,112,SHA384,14,PSK,Tunnel,False,86400,63,Weak,Weak encryption 3DES; Perfect Forward Secrecy (PFS) is disabled
d44f4401-303c-4860-909f-7e089fdff5a8,IKEv1,Aggressive,AES-256-GCM,256,SHA1,5,RSA-Sig,Tunnel,True,28800,100,Critical,Legacy IKEv1 used; IKEv1 Aggressive mode vulnerable to offline dictionary attacks; Weak hash SHA1; Weak DH group 5
2fe49a71-110a-4b87-92e0-07124d62f970,IKEv2,Main,DES,56,SHA512,21,RSA-Sig,Tunnel,False,3600,55,Moderate,Weak encryption DES; Perfect Forward Secrecy (PFS) is disabled
50e8acca-ffc6-49f2-94c3-adbb27dbde1a,IKEv2,Main,AES-128-CBC,128,SHA384,31,ECDSA-Sig,Transport,False,86400,20,Strong,Perfect Forward Secrecy (PFS) is disabled
ba897fc4-bf27-400a-abec-1a020edae73f,IKEv2,Main,ChaCha20-Poly1305,256,SHA256,31,ECDSA-Sig,Transport,True,28800,0,Low,None
aacec8b4-dbd9-454e-a553-abdbd0fe20f0,IKEv1,Quick,ChaCha20-Poly1305,256,MD5,2,ECDSA-Sig,Tunnel,False,3600,97,Critical,Legacy IKEv1 used; Weak hash MD5; Weak DH group 2; Perfect Forward Secrecy (PFS) is disabled
6281705a-6429-44a5-a8c9-ae81b2b80015,IKEv2,Main,DES,56,SHA1,1,PSK,Tunnel,False,86400,100,Critical,Weak encryption DES; Weak hash SHA1; Weak DH group 1; Perfect Forward Secrecy (PFS) is disabled
7ff4df78-e3cd-4c9e-a9d3-1b64f7f79b2e,IKEv2,Main,AES-256-CBC,256,SHA1,19,RSA-Sig,Tunnel,True,86400,30,Strong,Weak hash SHA1
fbec891d-904e-4acd-937e-75fc7aa991b9,IKEv2,Main,DES,56,MD5,5,PSK,Tunnel,False,3600,100,Critical,Weak encryption DES; Weak hash MD5; Weak DH group 5; Perfect Forward Secrecy (PFS) is disabled
7c6de7b4-16f1-44ca-8a45-8f3dd2643122,IKEv2,Main,AES-128-CBC,128,SHA1,5,ECDSA-Sig,Tunnel,False,28800,78,Weak,Weak hash SHA1; Weak DH group 5; Perfect Forward Secrecy (PFS) is disabled
a595a24a-5ce1-4bef-979c-2fffc5ad5eea,IKEv2,Main,AES-256-GCM,256,SHA512,20,RSA-Sig,Transport,False,86400,18,Low,Perfect Forward Secrecy (PFS) is disabled
7ded472a-9f28-437f-a66f-be59e699ace7,IKEv1,Quick,3DES,112,SHA256,21,PSK,Tunnel,True,86400,57,Moderate,Legacy IKEv1 used; Weak encryption 3DES
03efa22a-a4d1-439d-a942-3e8cf473dc5a,IKEv1,Main,AES-256-GCM,256,MD5,5,RSA-Sig,Tunnel,False,3600,97,Critical,Legacy IKEv1 used; Weak hash MD5; Weak DH group 5; Perfect Forward Secrecy (PFS) is disabled
60c5708b-8af8-4540-8d5d-a85056ac5a2f,IKEv2,Main,AES-128-CBC,128,SHA256,19,PSK,Transport,False,3600,16,Low,Perfect Forward Secrecy (PFS) is disabled
b77f390b-1e87-46ab-b1e5-2584e36aac4a,IKEv1,Main,DES,56,SHA384,1,ECDSA-Sig,Transport,False,86400,100,Critical,Legacy IKEv1 used; Weak encryption DES; Weak DH group 1; Perfect Forward Secrecy (PFS) is disabled
bf783699-f5ec-4599-bf17-f612c77e7db1,IKEv2,Main,AES-128-CBC,128,SHA512,5,ECDSA-Sig,Transport,True,3600,26,Strong,Weak DH group 5
da4d2af4-a07c-45bb-88b2-321787a78d23,IKEv2,Main,AES-256-CBC,256,SHA256,19,ECDSA-Sig,Tunnel,False,28800,23,Strong,Perfect Forward Secrecy (PFS) is disabled
b2c0b8e3-26be-4df2-95ec-911c208c94ab,IKEv2,Main,ChaCha20-Poly1305,256,SHA1,5,PSK,Tunnel,True,28800,63,Weak,Weak hash SHA1; Weak DH group 5
7b3beaea-344b-4c7d-acae-f3264027defc,IKEv1,Main,3DES,112,SHA256,21,PSK,Tunnel,False,28800,83,Critical,Legacy IKEv1 used; Weak encryption 3DES; Perfect Forward Secrecy (PFS) is disabled
30c6c7f2-9ec4-40f0-b024-06061dd40de1,IKEv2,Main,AES-256-CBC,256,SHA1,5,ECDSA-Sig,Tunnel,True,3600,55,Moderate,Weak hash SHA1; Weak DH group 5
c864fd82-a481-4c08-8cc5-b1eff659d3d1,IKEv2,Main,ChaCha20-Poly1305,256,SHA384,20,ECDSA-Sig,Tunnel,True,28800,5,Low,None
2b58c43f-e227-4f89-9c04-6791ea9ef2e5,IKEv2,Main,AES-128-CBC,128,MD5,2,RSA-Sig,Transport,True,86400,60,Weak,Weak hash MD5; Weak DH group 2
06af45a2-a24e-4ec7-b04a-53214e9a04cd,IKEv2,Main,ChaCha20-Poly1305,256,MD5,2,ECDSA-Sig,Transport,True,86400,64,Weak,Weak hash MD5; Weak DH group 2
8a46171e-fce6-434a-8932-95ccc8865fbf,IKEv1,Main,AES-128-CBC,128,SHA384,1,ECDSA-Sig,Transport,True,3600,47,Moderate,Legacy IKEv1 used; Weak DH group 1
e8ff662e-b3c4-4706-9933-b76d0b9a0586,IKEv2,Main,AES-256-CBC,256,MD5,2,ECDSA-Sig,Transport,False,3600,84,Critical,Weak hash MD5; Weak DH group 2; Perfect Forward Secrecy (PFS) is disabled
dc4eefc0-8658-45fc-9087-4d55bef9723f,IKEv2,Main,ChaCha20-Poly1305,256,SHA384,20,ECDSA-Sig,Transport,True,3600,1,Low,None
4bded00c-67f1-4d76-b2ef-b2fd9984f1e2,IKEv2,Main,3DES,112,MD5,20,PSK,Tunnel,True,28800,67,Weak,Weak encryption 3DES; Weak hash MD5
3c4dab36-278b-49a4-966b-e1956c53719a,IKEv2,Main,AES-128-CBC,128,MD5,20,RSA-Sig,Tunnel,True,28800,27,Strong,Weak hash MD5
cadc239b-824f-406d-90ad-6be3b7d7b14a,IKEv2,Main,AES-128-CBC,128,SHA512,31,ECDSA-Sig,Transport,True,86400,0,Low,None
ef6afe67-9072-40fc-85ea-4a322eea8ac2,IKEv2,Main,AES-128-CBC,128,SHA512,20,RSA-Sig,Transport,False,28800,24,Strong,Perfect Forward Secrecy (PFS) is disabled
87c2e15f-b523-4b7a-a60b-1cad4a4a0650,IKEv2,Main,3DES,112,MD5,21,PSK,Transport,False,3600,87,Critical,Weak encryption 3DES; Weak hash MD5; Perfect Forward Secrecy (PFS) is disabled
4307680f-8a66-4c34-9639-c5e8baecbc48,IKEv1,Aggressive,3DES,112,SHA512,20,ECDSA-Sig,Tunnel,False,3600,100,Critical,Legacy IKEv1 used; IKEv1 Aggressive mode vulnerable to offline dictionary attacks; Weak encryption 3DES; Perfect Forward Secrecy (PFS) is disabled
16eea98c-dd16-4c2a-9f8a-11ff07f6cd68,IKEv2,Main,ChaCha20-Poly1305,256,SHA384,2,ECDSA-Sig,Transport,True,3600,25,Strong,Weak DH group 2
f83a2223-c961-4fd5-ae61-b60cc95c178f,IKEv2,Main,AES-256-GCM,256,SHA384,31,PSK,Transport,False,28800,21,Strong,Perfect Forward Secrecy (PFS) is disabled
f7ab4406-108e-43fa-80e5-f386ab6eddcd,IKEv1,Main,DES,56,MD5,5,PSK,Tunnel,False,86400,100,Critical,Legacy IKEv1 used; Weak encryption DES; Weak hash MD5; Weak DH group 5; Perfect Forward Secrecy (PFS) is disabled
e97f17ac-626c-4a26-9f6c-b07d7e600dd2,IKEv2,Main,AES-128-CBC,128,MD5,14,ECDSA-Sig,Tunnel,False,28800,55,Moderate,Weak hash MD5; Perfect Forward Secrecy (PFS) is disabled
91998628-8b89-48a5-8823-1b7f33f32faa,IKEv2,Main,AES-128-CBC,128,MD5,1,PSK,Transport,False,86400,78,Weak,Weak hash MD5; Weak DH group 1; Perfect Forward Secrecy (PFS) is disabled
5165fe9d-2cf3-4738-9327-5be802ee27c8,IKEv2,Main,3DES,112,SHA1,5,RSA-Sig,Transport,False,86400,100,Critical,Weak encryption 3DES; Weak hash SHA1; Weak DH group 5; Perfect Forward Secrecy (PFS) is disabled
ef1eea42-1c59-47b2-86e6-e727bc7e6494,IKEv2,Main,3DES,112,SHA384,1,ECDSA-Sig,Transport,False,86400,94,Critical,Weak encryption 3DES; Weak DH group 1; Perfect Forward Secrecy (PFS) is disabled
bf6a937a-afb8-4036-b6a2-b7cb2ba85a18,IKEv2,Main,AES-128-CBC,128,SHA384,31,ECDSA-Sig,Tunnel,True,3600,0,Low,None
a57f28ae-985b-47d5-bf10-a0ed172652a8,IKEv2,Main,DES,56,SHA384,2,PSK,Tunnel,False,3600,92,Critical,Weak encryption DES; Weak DH group 2; Perfect Forward Secrecy (PFS) is disabled
9232144a-7fe9-4ff1-a408-91d31ed7f8d2,IKEv2,Main,AES-128-CBC,128,SHA256,21,ECDSA-Sig,Transport,True,86400,0,Low,None
70e2973a-d0ac-4d60-bbf3-989924000d2f,IKEv1,Quick,3DES,112,SHA512,14,PSK,Transport,True,86400,63,Weak,Legacy IKEv1 used; Weak encryption 3DES
a6a32683-2042-4b11-9ac8-dead0a838468,IKEv2,Main,AES-256-GCM,256,SHA512,14,ECDSA-Sig,Tunnel,False,86400,18,Low,Perfect Forward Secrecy (PFS) is disabled
2410925d-c78c-45ed-9738-e8fa913af247,IKEv1,Aggressive,ChaCha20-Poly1305,256,SHA512,20,ECDSA-Sig,Tunnel,False,3600,69,Weak,Legacy IKEv1 used; IKEv1 Aggressive mode vulnerable to offline dictionary attacks; Perfect Forward Secrecy (PFS) is disabled
c95cbf26-8334-4ee7-a7b7-b43e4cb8562f,IKEv2,Main,DES,56,SHA512,2,ECDSA-Sig,Tunnel,False,86400,92,Critical,Weak encryption DES; Weak DH group 2; Perfect Forward Secrecy (PFS) is disabled
448992c2-8e0d-4a60-9bae-b3a02b9c210d,IKEv1,Main,AES-256-GCM,256,SHA512,19,RSA-Sig,Tunnel,True,86400,18,Low,Legacy IKEv1 used
1cd1534b-89c3-4058-ac99-68543f472bba,IKEv2,Main,DES,56,SHA384,14,PSK,Tunnel,False,86400,60,Weak,Weak encryption DES; Perfect Forward Secrecy (PFS) is disabled
e798642e-bca1-4c6e-a0f2-23930a4ad00d,IKEv2,Main,AES-128-CBC,128,SHA384,19,ECDSA-Sig,Tunnel,False,3600,25,Strong,Perfect Forward Secrecy (PFS) is disabled
866f0f76-975b-4c1c-9157-01c28a547792,IKEv1,Quick,AES-256-CBC,256,SHA1,19,ECDSA-Sig,Transport,True,86400,54,Moderate,Legacy IKEv1 used; Weak hash SHA1
58114bbf-f48e-4b4d-b6d1-6893b778a26b,IKEv1,Quick,DES,56,SHA384,2,PSK,Tunnel,True,3600,92,Critical,Legacy IKEv1 used; Weak encryption DES; Weak DH group 2
fdd83670-61c8-43bc-bf25-95cb0d302326,IKEv1,Aggressive,AES-256-GCM,256,MD5,31,PSK,Transport,False,28800,100,Critical,Legacy IKEv1 used; IKEv1 Aggressive mode vulnerable to offline dictionary attacks; Weak hash MD5; PSK with Aggressive Mode is highly risky; Perfect Forward Secrecy (PFS) is disabled
5c0fd4fa-d845-4ae5-ab59-10b83b4ffaae,IKEv2,Main,3DES,112,SHA256,21,ECDSA-Sig,Tunnel,False,3600,59,Moderate,Weak encryption 3DES; Perfect Forward Secrecy (PFS) is disabled
fd143581-245e-4c2d-a85c-36f543979010,IKEv2,Main,DES,56,SHA512,1,ECDSA-Sig,Transport,False,86400,91,Critical,Weak encryption DES; Weak DH group 1; Perfect Forward Secrecy (PFS) is disabled
1a12d5df-a39d-4f79-be14-5a7a59f75468,IKEv2,Main,AES-256-GCM,256,MD5,2,RSA-Sig,Transport,False,28800,83,Critical,Weak hash MD5; Weak DH group 2; Perfect Forward Secrecy (PFS) is disabled
ea153fb1-358b-4941-8be0-39cd27f16617,IKEv2,Main,3DES,112,SHA256,19,RSA-Sig,Tunnel,True,86400,43,Moderate,Weak encryption 3DES
415c0926-3e69-4702-8355-7a0b88081f03,IKEv1,Quick,AES-256-CBC,256,MD5,2,PSK,Tunnel,False,28800,100,Critical,Legacy IKEv1 used; Weak hash MD5; Weak DH group 2; Perfect Forward Secrecy (PFS) is disabled
a705e948-afc9-450b-b71f-c6bda9505c35,IKEv2,Main,DES,56,SHA1,14,PSK,Tunnel,True,3600,67,Weak,Weak encryption DES; Weak hash SHA1
c86bd2ba-1fe5-43f1-87b0-2d3910dcffd8,IKEv2,Main,ChaCha20-Poly1305,256,SHA384,20,RSA-Sig,Transport,True,86400,0,Low,None
26dc03fd-5807-40d9-b16c-cc239cf0a7e0,IKEv2,Main,AES-128-CBC,128,SHA512,21,RSA-Sig,Transport,True,86400,4,Low,None
6555839f-4b2b-475d-a3cf-61864049ad25,IKEv2,Main,DES,56,SHA384,14,RSA-Sig,Transport,True,86400,37,Strong,Weak encryption DES
de7fff84-4889-4531-8db6-fddf15a57958,IKEv2,Main,AES-128-CBC,128,SHA1,2,PSK,Transport,True,28800,59,Moderate,Weak hash SHA1; Weak DH group 2
697b00bb-c850-40ee-bc1f-1741ab04d0fc,IKEv1,Quick,AES-256-GCM,256,SHA1,14,RSA-Sig,Tunnel,True,3600,45,Moderate,Legacy IKEv1 used; Weak hash SHA1
2063d9bb-fe6b-4724-a597-9136cb454cb2,IKEv1,Main,AES-128-CBC,128,SHA1,31,PSK,Tunnel,True,86400,55,Moderate,Legacy IKEv1 used; Weak hash SHA1
e9615008-eab6-47f3-84f6-d4cbb07dec75,IKEv2,Main,AES-256-GCM,256,MD5,20,RSA-Sig,Transport,True,28800,32,Strong,Weak hash MD5
3038d8bd-a5db-4465-a5b2-43c4c1ca315d,IKEv1,Quick,3DES,112,SHA1,1,PSK,Tunnel,False,3600,100,Critical,Legacy IKEv1 used; Weak encryption 3DES; Weak hash SHA1; Weak DH group 1; Perfect Forward Secrecy (PFS) is disabled
a32ef9a8-12e1-4928-940e-0fb17dae6fec,IKEv1,Aggressive,AES-256-GCM,256,SHA1,5,ECDSA-Sig,Transport,True,3600,100,Critical,Legacy IKEv1 used; IKEv1 Aggressive mode vulnerable to offline dictionary attacks; Weak hash SHA1; Weak DH group 5
45131b99-e822-4c32-8f2b-93273c593cbb,IKEv1,Aggressive,AES-256-CBC,256,SHA384,21,RSA-Sig,Transport,False,28800,66,Weak,Legacy IKEv1 used; IKEv1 Aggressive mode vulnerable to offline dictionary attacks; Perfect Forward Secrecy (PFS) is disabled
6b8461a0-9303-47fe-acec-a4c9ee97442f,IKEv2,Main,ChaCha20-Poly1305,256,MD5,2,PSK,Transport,False,28800,83,Critical,Weak hash MD5; Weak DH group 2; Perfect Forward Secrecy (PFS) is disabled
6a5db762-a7fa-45ef-9456-b0573e82fffd,IKEv2,Main,ChaCha20-Poly1305,256,SHA1,31,PSK,Tunnel,False,86400,46,Moderate,Weak hash SHA1; Perfect Forward Secrecy (PFS) is disabled
bc5dc580-5f36-4747-b8cb-93a26bd5d659,IKEv2,Main,DES,56,SHA384,1,ECDSA-Sig,Tunnel,False,28800,89,Critical,Weak encryption DES; Weak DH group 1; Perfect Forward Secrecy (PFS) is disabled
038909f3-3d12-4ff5-8137-d3fa800b9782,IKEv2,Main,ChaCha20-Poly1305,256,SHA384,21,RSA-Sig,Transport,False,86400,16,Low,Perfect Forward Secrecy (PFS) is disabled
780852fe-9607-499b-b5c4-7380eed1bea2,IKEv2,Main,DES,56,MD5,20,RSA-Sig,Transport,True,28800,67,Weak,Weak encryption DES; Weak hash MD5
c05218ca-dae9-44e2-970b-ed6d8eaef74f,IKEv2,Main,AES-256-CBC,256,SHA512,14,ECDSA-Sig,Tunnel,False,3600,19,Low,Perfect Forward Secrecy (PFS) is disabled
b5519832-bfd7-465c-9099-f9f9815eb551,IKEv1,Quick,AES-128-CBC,128,SHA256,20,RSA-Sig,Tunnel,False,28800,42,Moderate,Legacy IKEv1 used; Perfect Forward Secrecy (PFS) is disabled
b31a4096-2f75-4fd7-83e6-5097fb6ecc2b,IKEv2,Main,3DES,112,MD5,5,RSA-Sig,Transport,False,3600,100,Critical,Weak encryption 3DES; Weak hash MD5; Weak DH group 5; Perfect Forward Secrecy (PFS) is disabled
f5aa56ea-2a4d-4868-a56d-6effe6128062,IKEv2,Main,AES-128-CBC,128,SHA512,19,PSK,Transport,False,86400,17,Low,Perfect Forward Secrecy (PFS) is disabled
cbbecec0-33f8-4bf3-835f-8b35b570d7a8,IKEv2,Main,DES,56,SHA512,2,PSK,Transport,False,28800,91,Critical,Weak encryption DES; Weak DH group 2; Perfect Forward Secrecy (PFS) is disabled
b26fc112-fea2-4a84-9fda-a049d18bb138,IKEv2,Main,DES,56,MD5,31,PSK,Transport,False,3600,86,Critical,Weak encryption DES; Weak hash MD5; Perfect Forward Secrecy (PFS) is disabled
5eb5583f-2a20-46de-8474-a041cffba31b,IKEv1,Quick,DES,56,SHA1,5,ECDSA-Sig,Transport,True,28800,100,Critical,Legacy IKEv1 used; Weak encryption DES; Weak hash SHA1; Weak DH group 5
eb3d1d92-2bc7-428a-acff-215afb3f95bf,IKEv1,Quick,DES,56,SHA384,19,PSK,Tunnel,False,3600,82,Critical,Legacy IKEv1 used; Weak encryption DES; Perfect Forward Secrecy (PFS) is disabled
34435ce0-9fa7-4f12-a67e-1254d7e6cb69,IKEv2,Main,3DES,112,SHA384,5,RSA-Sig,Tunnel,True,28800,70,Weak,Weak encryption 3DES; Weak DH group 5
3334e321-05a8-4662-9d3e-0614867e65cc,IKEv2,Main,3DES,112,SHA512,1,RSA-Sig,Transport,True,86400,65,Weak,Weak encryption 3DES; Weak DH group 1
b0ca54d1-d0ef-4cd3-a28e-6f41a6b46f0d,IKEv2,Main,3DES,112,SHA384,19,ECDSA-Sig,Tunnel,False,3600,61,Weak,Weak encryption 3DES; Perfect Forward Secrecy (PFS) is disabled
8d3524ca-dbfb-4740-83a3-a16771e163ba,IKEv2,Main,AES-256-GCM,256,SHA1,20,RSA-Sig,Transport,False,86400,45,Moderate,Weak hash SHA1; Perfect Forward Secrecy (PFS) is disabled
35f431c5-d720-4efc-9638-24ed1e6fdb5e,IKEv2,Main,AES-128-CBC,128,SHA384,21,PSK,Transport,False,28800,21,Strong,Perfect Forward Secrecy (PFS) is disabled
53df0d65-aa56-48a0-aec8-86460df7e2db,IKEv2,Main,ChaCha20-Poly1305,256,SHA1,31,RSA-Sig,Tunnel,True,86400,33,Strong,Weak hash SHA1
92f52156-61f5-4d6c-ae6f-b39074d2dae7,IKEv2,Main,ChaCha20-Poly1305,256,MD5,21,PSK,Transport,False,86400,50,Moderate,Weak hash MD5; Perfect Forward Secrecy (PFS) is disabled
7238ad41-9cda-4ff8-813a-cecc3c2a93b5,IKEv1,Quick,DES,56,SHA1,20,RSA-Sig,Transport,False,3600,100,Critical,Legacy IKEv1 used; Weak encryption DES; Weak hash SHA1; Perfect Forward Secrecy (PFS) is disabled
17540e42-82be-4ee1-93ea-d0310eba09f3,IKEv1,Aggressive,DES,56,SHA512,1,ECDSA-Sig,Tunnel,True,28800,100,Critical,Legacy IKEv1 used; IKEv1 Aggressive mode vulnerable to offline dictionary attacks; Weak encryption DES; Weak DH group 1
3cf1ed61-3f7a-48b5-b860-56856aee072b,IKEv1,Quick,ChaCha20-Poly1305,256,SHA256,21,ECDSA-Sig,Transport,True,86400,16,Low,Legacy IKEv1 used
2e013f85-a216-477c-ba91-1d3b33e18feb,IKEv1,Aggressive,3DES,112,MD5,5,RSA-Sig,Tunnel,False,86400,100,Critical,Legacy IKEv1 used; IKEv1 Aggressive mode vulnerable to offline dictionary attacks; Weak encryption 3DES; Weak hash MD5; Weak DH group 5; Perfect Forward Secrecy (PFS) is disabled
c1a56555-1574-4a74-b0e4-dc8e83a44978,IKEv2,Main,ChaCha20-Poly1305,256,SHA384,5,ECDSA-Sig,Transport,False,3600,48,Moderate,Weak DH group 5; Perfect Forward Secrecy (PFS) is disabled
0e323fa7-56d6-4af0-9a94-177b46f6eb66,IKEv1,Quick,AES-256-GCM,256,SHA256,19,RSA-Sig,Tunnel,True,28800,15,Low,Legacy IKEv1 used
eba92968-4a2e-4590-a80d-4ea0c5b62872,IKEv2,Main,AES-256-CBC,256,SHA1,19,RSA-Sig,Transport,False,86400,50,Moderate,Weak hash SHA1; Perfect Forward Secrecy (PFS) is disabled
666cb6be-43da-4937-a341-b3214f6ad0a8,IKEv1,Main,AES-128-CBC,128,SHA256,21,RSA-Sig,Transport,False,3600,36,Strong,Legacy IKEv1 used; Perfect Forward Secrecy (PFS) is disabled
fa694d6b-2d8f-4990-b318-ebf6a1ce1acd,IKEv2,Main,AES-128-CBC,128,MD5,14,ECDSA-Sig,Transport,True,3600,35,Strong,Weak hash MD5
ebbaec3d-76b8-48ee-a3aa-be3cf2a669f0,IKEv2,Main,AES-256-CBC,256,MD5,31,PSK,Tunnel,False,86400,50,Moderate,Weak hash MD5; Perfect Forward Secrecy (PFS) is disabled
bfa50afe-7616-4256-94ca-9c92f729ea3f,IKEv2,Main,DES,56,SHA1,1,ECDSA-Sig,Tunnel,True,86400,97,Critical,Weak encryption DES; Weak hash SHA1; Weak DH group 1
e1a10c79-282b-4d18-875b-c07a25cc142a,IKEv2,Main,DES,56,SHA512,31,PSK,Transport,False,3600,57,Moderate,Weak encryption DES; Perfect Forward Secrecy (PFS) is disabled
1f6d8e13-6d3e-4d2d-9911-8bad89d7bdc1,IKEv2,Main,ChaCha20-Poly1305,256,SHA256,20,ECDSA-Sig,Tunnel,False,28800,15,Low,Perfect Forward Secrecy (PFS) is disabled
c5b732c1-47bf-49b5-ba74-ab0c734a80cf,IKEv2,Main,AES-128-CBC,128,SHA384,5,PSK,Transport,True,28800,29,Strong,Weak DH group 5
e72adf0e-849e-4f25-8f23-375ba3f82bfb,IKEv2,Main,ChaCha20-Poly1305,256,SHA1,14,PSK,Transport,False,3600,52,Moderate,Weak hash SHA1; Perfect Forward Secrecy (PFS) is disabled
6d50d20f-c1ae-4757-9e67-da4652888c7e,IKEv2,Main,AES-128-CBC,128,SHA1,1,ECDSA-Sig,Tunnel,False,28800,77,Weak,Weak hash SHA1; Weak DH group 1; Perfect Forward Secrecy (PFS) is disabled
61c08adb-4906-4ae0-b94a-869a38c17ebf,IKEv2,Main,AES-256-CBC,256,MD5,14,PSK,Tunnel,False,86400,52,Moderate,Weak hash MD5; Perfect Forward Secrecy (PFS) is disabled
1b05fea3-7636-4eab-9259-cb8ab31d4412,IKEv2,Main,AES-256-GCM,256,MD5,20,ECDSA-Sig,Tunnel,True,86400,32,Strong,Weak hash MD5
8e1f2a11-9235-4acd-8198-29b2a22ac953,IKEv2,Main,AES-128-CBC,128,SHA256,5,ECDSA-Sig,Transport,False,86400,54,Moderate,Weak DH group 5; Perfect Forward Secrecy (PFS) is disabled
abcef96c-e9d7-41e6-8d09-5dfaebfec108,IKEv1,Aggressive,DES,56,SHA384,21,RSA-Sig,Transport,False,86400,100,Critical,Legacy IKEv1 used; IKEv1 Aggressive mode vulnerable to offline dictionary attacks; Weak encryption DES; Perfect Forward Secrecy (PFS) is disabled
b7cde126-6555-44b8-94b4-addce810bfa2,IKEv1,Quick,ChaCha20-Poly1305,256,SHA512,1,PSK,Transport,True,86400,46,Moderate,Legacy IKEv1 used; Weak DH group 1
b1ea60c3-9fa6-4b61-b51a-0de126163845,IKEv2,Main,ChaCha20-Poly1305,256,SHA1,2,RSA-Sig,Tunnel,False,28800,75,Weak,Weak hash SHA1; Weak DH group 2; Perfect Forward Secrecy (PFS) is disabled
5273382d-c3d3-4b5d-afb8-392ed34979b3,IKEv2,Main,AES-256-GCM,256,SHA256,31,RSA-Sig,Transport,False,28800,19,Low,Perfect Forward Secrecy (PFS) is disabled
3068915a-18b8-4cb0-85a1-27049e35195c,IKEv2,Main,DES,56,SHA384,21,PSK,Transport,True,3600,38,Strong,Weak encryption DES
5556673f-9a7a-417b-9515-04350a6aa962,IKEv2,Main,AES-256-CBC,256,MD5,19,RSA-Sig,Tunnel,False,86400,47,Moderate,Weak hash MD5; Perfect Forward Secrecy (PFS) is disabled
79aa6017-7dbb-44bd-9322-21a1024607b9,IKEv1,Aggressive,AES-256-CBC,256,SHA256,19,ECDSA-Sig,Transport,True,3600,53,Moderate,Legacy IKEv1 used; IKEv1 Aggressive mode vulnerable to offline dictionary attacks
48c5de9e-1e6a-4928-8327-751f47d6ca44,IKEv2,Main,AES-128-CBC,128,SHA384,20,RSA-Sig,Transport,False,3600,24,Strong,Perfect Forward Secrecy (PFS) is disabled
22ac0805-9e33-4401-9bb5-a5208ddb4d13,IKEv1,Main,ChaCha20-Poly1305,256,MD5,19,RSA-Sig,Tunnel,False,28800,73,Weak,Legacy IKEv1 used; Weak hash MD5; Perfect Forward Secrecy (PFS) is disabled
9abddb3e-19b7-41f1-952a-4f149de73ed3,IKEv2,Main,ChaCha20-Poly1305,256,SHA512,21,ECDSA-Sig,Tunnel,True,3600,1,Low,None
d53f42de-f3be-40e6-ba34-e62e5fb2f9c7,IKEv2,Main,AES-128-CBC,128,SHA384,14,PSK,Transport,False,28800,16,Low,Perfect Forward Secrecy (PFS) is disabled
bd686928-94e3-4067-b4e4-f6a96fba19e7,IKEv1,Aggressive,3DES,112,SHA384,21,ECDSA-Sig,Transport,True,28800,89,Critical,Legacy IKEv1 used; IKEv1 Aggressive mode vulnerable to offline dictionary attacks; Weak encryption 3DES
9122c923-6c74-4cf3-8dcf-24a2e09533ee,IKEv2,Main,AES-256-CBC,256,SHA1,31,RSA-Sig,Tunnel,False,86400,48,Moderate,Weak hash SHA1; Perfect Forward Secrecy (PFS) is disabled
c6456fdb-c5c7-4f61-8a7d-87dd4042f99a,IKEv1,Main,3DES,112,SHA384,14,PSK,Tunnel,False,86400,79,Weak,Legacy IKEv1 used; Weak encryption 3DES; Perfect Forward Secrecy (PFS) is disabled
53cda05b-f713-47e2-930c-0ef171fd3233,IKEv2,Main,AES-256-CBC,256,SHA256,1,RSA-Sig,Tunnel,True,3600,26,Strong,Weak DH group 1
6c4f59f5-6da1-4c78-80bd-1ed5c6dbe288,IKEv2,Main,AES-256-CBC,256,SHA1,20,PSK,Transport,True,3600,25,Strong,Weak hash SHA1
af86ff41-c0c2-4b1b-b415-93462535bf9c,IKEv2,Main,AES-256-GCM,256,SHA256,2,ECDSA-Sig,Tunnel,False,86400,48,Moderate,Weak DH group 2; Perfect Forward Secrecy (PFS) is disabled
6f25f9ea-5def-4d8f-966c-898936ba3971,IKEv2,Main,AES-256-CBC,256,SHA512,21,ECDSA-Sig,Transport,False,28800,21,Strong,Perfect Forward Secrecy (PFS) is disabled
2ede5229-de42-4154-969c-cc548b84cfee,IKEv2,Main,ChaCha20-Poly1305,256,SHA1,2,RSA-Sig,Tunnel,True,28800,65,Weak,Weak hash SHA1; Weak DH group 2
6fa9dab9-d368-48bf-98a4-41192d988b7d,IKEv2,Main,AES-256-GCM,256,SHA256,1,ECDSA-Sig,Transport,False,28800,54,Moderate,Weak DH group 1; Perfect Forward Secrecy (PFS) is disabled
2f207ef8-a31c-4f59-b5bb-50d75139dcd7,IKEv2,Main,DES,56,SHA256,31,PSK,Tunnel,False,86400,62,Weak,Weak encryption DES; Perfect Forward Secrecy (PFS) is disabled
ce036bfc-9058-4ef1-91f6-5d2a01e1edd3,IKEv1,Quick,AES-256-CBC,256,SHA256,21,ECDSA-Sig,Transport,True,28800,16,Low,Legacy IKEv1 used
b1c0ea59-f045-4752-8954-a4fcec383b2e,IKEv2,Main,AES-128-CBC,128,SHA512,21,RSA-Sig,Tunnel,True,28800,0,Low,None
2f23f207-3235-439e-ac5e-a34829473903,IKEv2,Main,DES,56,SHA512,2,RSA-Sig,Transport,False,28800,92,Critical,Weak encryption DES; Weak DH group 2; Perfect Forward Secrecy (PFS) is disabled
adf1e50f-5b24-4d08-ad8f-1297a042d8a5,IKEv2,Main,ChaCha20-Poly1305,256,SHA512,19,ECDSA-Sig,Transport,False,3600,24,Strong,Perfect Forward Secrecy (PFS) is disabled
cdbef4b9-aad0-49d1-a21b-8186226f8ea0,IKEv1,Aggressive,AES-128-CBC,128,MD5,1,ECDSA-Sig,Transport,False,28800,100,Critical,Legacy IKEv1 used; IKEv1 Aggressive mode vulnerable to offline dictionary attacks; Weak hash MD5; Weak DH group 1; Perfect Forward Secrecy (PFS) is disabled
97f4be08-8813-412d-a3c8-db52568d2bad,IKEv2,Main,ChaCha20-Poly1305,256,SHA1,5,PSK,Transport,False,28800,75,Weak,Weak hash SHA1; Weak DH group 5; Perfect Forward Secrecy (PFS) is disabled
352cc0ac-0f8b-4d3f-8fa7-74f48cc12bb2,IKEv2,Main,AES-128-CBC,128,MD5,20,RSA-Sig,Transport,True,28800,35,Strong,Weak hash MD5
5a8b267d-f2e3-4f5b-aa8b-433d197a69b2,IKEv1,Aggressive,ChaCha20-Poly1305,256,MD5,14,ECDSA-Sig,Tunnel,False,28800,100,Critical,Legacy IKEv1 used; IKEv1 Aggressive mode vulnerable to offline dictionary attacks; Weak hash MD5; Perfect Forward Secrecy (PFS) is disabled
a9754afa-22a3-4b87-84f9-31f2762627cf,IKEv2,Main,DES,56,SHA1,19,RSA-Sig,Transport,True,28800,74,Weak,Weak encryption DES; Weak hash SHA1
b4bacf45-45ba-475f-8597-c79349bc1e37,IKEv1,Quick,DES,56,MD5,14,ECDSA-Sig,Tunnel,False,3600,100,Critical,Legacy IKEv1 used; Weak encryption DES; Weak hash MD5; Perfect Forward Secrecy (PFS) is disabled
b028913f-b2eb-490c-aa37-a30e3ad5948d,IKEv2,Main,AES-128-CBC,128,SHA1,1,PSK,Tunnel,True,86400,57,Moderate,Weak hash SHA1; Weak DH group 1
43f70e8b-d534-40e3-9c8d-2e2a143f189e,IKEv1,Main,AES-256-GCM,256,SHA512,20,ECDSA-Sig,Transport,True,28800,19,Low,Legacy IKEv1 used
9721233b-f10c-40e5-8c46-74d52b9b2c8d,IKEv2,Main,AES-256-GCM,256,SHA256,20,ECDSA-Sig,Transport,True,3600,1,Low,None
e08e68cd-26e0-481d-9c01-9f777b002d7e,IKEv1,Aggressive,3DES,112,SHA1,2,PSK,Transport,True,3600,100,Critical,Legacy IKEv1 used; IKEv1 Aggressive mode vulnerable to offline dictionary attacks; Weak encryption 3DES; Weak hash SHA1; Weak DH group 2; PSK with Aggressive Mode is highly risky
0aaa2787-e661-4c81-b74f-67164b774660,IKEv2,Main,AES-256-GCM,256,SHA512,20,ECDSA-Sig,Tunnel,True,3600,4,Low,None
a4c48a21-ac94-4ca6-a40b-3ee98a5079d7,IKEv1,Main,AES-256-GCM,256,MD5,31,PSK,Tunnel,True,86400,50,Moderate,Legacy IKEv1 used; Weak hash MD5
a1bd48dc-974a-48d2-86e5-ad0ed26a2f7f,IKEv2,Main,AES-256-GCM,256,MD5,20,RSA-Sig,Transport,True,3600,28,Strong,Weak hash MD5
804992f2-7647-49c0-965b-cdf07321e2d5,IKEv2,Main,AES-256-GCM,256,SHA512,21,ECDSA-Sig,Transport,False,28800,24,Strong,Perfect Forward Secrecy (PFS) is disabled
f5c7bf54-a671-4913-a4af-6c77eac62e75,IKEv2,Main,AES-256-GCM,256,SHA384,19,RSA-Sig,Transport,True,28800,1,Low,None
6569cfef-fc25-425e-9b54-a4fe476c9ad9,IKEv2,Main,AES-128-CBC,128,MD5,5,ECDSA-Sig,Tunnel,False,28800,77,Weak,Weak hash MD5; Weak DH group 5; Perfect Forward Secrecy (PFS) is disabled
ae175404-8b94-4062-94ab-7ed84b56ffa9,IKEv2,Main,DES,56,SHA384,5,PSK,Transport,False,3600,95,Critical,Weak encryption DES; Weak DH group 5; Perfect Forward Secrecy (PFS) is disabled
f0fc4236-b9b8-4c8e-91d8-25c48181e5ea,IKEv2,Main,AES-256-GCM,256,SHA512,31,ECDSA-Sig,Tunnel,True,28800,5,Low,None
d9ce87d6-2f14-4af7-81d2-9f892f079908,IKEv2,Main,ChaCha20-Poly1305,256,SHA384,20,PSK,Tunnel,False,28800,16,Low,Perfect Forward Secrecy (PFS) is disabled
729a5ed0-9252-4a0c-b165-92361d79436a,IKEv2,Main,AES-128-CBC,128,SHA1,21,ECDSA-Sig,Tunnel,False,86400,53,Moderate,Weak hash SHA1; Perfect Forward Secrecy (PFS) is disabled
ab86f70e-c09c-4c87-9002-c522d629fbf3,IKEv1,Aggressive,AES-128-CBC,128,SHA1,14,PSK,Tunnel,False,3600,100,Critical,Legacy IKEv1 used; IKEv1 Aggressive mode vulnerable to offline dictionary attacks; Weak hash SHA1; PSK with Aggressive Mode is highly risky; Perfect Forward Secrecy (PFS) is disabled
5b9d9535-12d3-4ef4-96e8-93c979370c3e,IKEv1,Aggressive,AES-256-GCM,256,SHA256,31,ECDSA-Sig,Tunnel,True,3600,46,Moderate,Legacy IKEv1 used; IKEv1 Aggressive mode vulnerable to offline dictionary attacks
b95cccf3-73fa-48ec-898b-bca0682ba205,IKEv1,Aggressive,3DES,112,SHA384,2,ECDSA-Sig,Transport,False,28800,100,Critical,Legacy IKEv1 used; IKEv1 Aggressive mode vulnerable to offline dictionary attacks; Weak encryption 3DES; Weak DH group 2; Perfect Forward Secrecy (PFS) is disabled
7b1fe042-1e2a-4813-9b83-3edbd936ed07,IKEv2,Main,3DES,112,MD5,14,PSK,Tunnel,True,3600,73,Weak,Weak encryption 3DES; Weak hash MD5
54ab71e3-e67f-492c-b331-96d4d80a5f2a,IKEv1,Quick,ChaCha20-Poly1305,256,SHA512,21,ECDSA-Sig,Tunnel,True,28800,23,Strong,Legacy IKEv1 used
57216646-f265-4430-abdc-67e80f8e422e,IKEv2,Main,ChaCha20-Poly1305,256,MD5,21,ECDSA-Sig,Transport,False,3600,53,Moderate,Weak hash MD5; Perfect Forward Secrecy (PFS) is disabled
7ee85851-5031-4cb4-8eb2-5a0e62cc1bff,IKEv2,Main,3DES,112,MD5,31,RSA-Sig,Tunnel,True,3600,73,Weak,Weak encryption 3DES; Weak hash MD5
b217fa11-6441-47b0-ab81-4e38aa41c7d5,IKEv1,Quick,3DES,112,SHA1,2,ECDSA-Sig,Transport,True,28800,100,Critical,Legacy IKEv1 used; Weak encryption 3DES; Weak hash SHA1; Weak DH group 2
7e6dcef0-80fd-40c6-9210-fd7c7b8832ae,IKEv2,Main,ChaCha20-Poly1305,256,SHA512,5,PSK,Transport,True,86400,31,Strong,Weak DH group 5
3126c687-a8a3-4a6b-9da3-0f1b120bf92f,IKEv1,Aggressive,AES-256-CBC,256,SHA256,31,RSA-Sig,Transport,False,3600,72,Weak,Legacy IKEv1 used; IKEv1 Aggressive mode vulnerable to offline dictionary attacks; Perfect Forward Secrecy (PFS) is disabled
57dba70e-8f36-4295-8e7d-a7c0716ec201,IKEv1,Main,3DES,112,SHA384,21,PSK,Transport,True,28800,55,Moderate,Legacy IKEv1 used; Weak encryption 3DES
7cf5aa69-b781-4640-8d2c-cd33c2cb4a42,IKEv2,Main,ChaCha20-Poly1305,256,SHA1,2,RSA-Sig,Transport,True,3600,65,Weak,Weak hash SHA1; Weak DH group 2
5c2072fb-4139-4706-982a-280ee86e3220,IKEv2,Main,3DES,112,SHA1,19,PSK,Tunnel,True,3600,71,Weak,Weak encryption 3DES; Weak hash SHA1
972ea0d5-8baa-420b-af56-0a57e259abfc,IKEv2,Main,ChaCha20-Poly1305,256,SHA384,19,ECDSA-Sig,Transport,True,86400,0,Low,None
73b0a51c-8e6e-4968-a991-1d520c314ed4,IKEv2,Main,AES-256-CBC,256,SHA256,14,ECDSA-Sig,Tunnel,False,3600,19,Low,Perfect Forward Secrecy (PFS) is disabled
84ce4946-740f-4f8c-8f25-6956fb27e871,IKEv2,Main,ChaCha20-Poly1305,256,SHA1,19,PSK,Transport,False,28800,45,Moderate,Weak hash SHA1; Perfect Forward Secrecy (PFS) is disabled
50a6eb2c-4af8-44e0-bbd8-4593d069d8e4,IKEv2,Main,AES-256-CBC,256,MD5,1,PSK,Transport,False,28800,80,Critical,Weak hash MD5; Weak DH group 1; Perfect Forward Secrecy (PFS) is disabled
2e0b01ef-93ca-4228-8ac2-67d9e7143a02,IKEv1,Main,AES-128-CBC,128,MD5,2,ECDSA-Sig,Transport,False,28800,96,Critical,Legacy IKEv1 used; Weak hash MD5; Weak DH group 2; Perfect Forward Secrecy (PFS) is disabled
45c44dcc-ffe6-4c1b-a8c1-688f865d3f0a,IKEv1,Main,AES-256-CBC,256,SHA512,19,PSK,Tunnel,True,86400,20,Strong,Legacy IKEv1 used
2a496a0c-6f44-40c1-a27a-7e17210b82e2,IKEv2,Main,AES-256-CBC,256,MD5,21,RSA-Sig,Transport,True,28800,28,Strong,Weak hash MD5
5bb4da47-c6b6-4b34-953d-bbfaf46c1a32,IKEv1,Aggressive,AES-256-CBC,256,SHA1,20,RSA-Sig,Transport,True,3600,85,Critical,Legacy IKEv1 used; IKEv1 Aggressive mode vulnerable to offline dictionary attacks; Weak hash SHA1
b3e89596-c20d-495c-b51c-98eb1bdb4595,IKEv2,Main,3DES,112,SHA256,21,RSA-Sig,Tunnel,False,86400,65,Weak,Weak encryption 3DES; Perfect Forward Secrecy (PFS) is disabled
1dd3dc49-7969-483b-9670-2678a93bfbb7,IKEv2,Main,AES-256-GCM,256,SHA384,21,ECDSA-Sig,Transport,False,86400,16,Low,Perfect Forward Secrecy (PFS) is disabled
9cd94508-aee3-4aff-8f26-66e44826c0c9,IKEv2,Main,AES-256-GCM,256,SHA1,19,RSA-Sig,Transport,False,28800,54,Moderate,Weak hash SHA1; Perfect Forward Secrecy (PFS) is disabled
fd2465b4-5252-4a47-90bc-d51e09445f54,IKEv2,Main,AES-256-GCM,256,SHA1,19,RSA-Sig,Tunnel,True,86400,30,Strong,Weak hash SHA1
8f1bb5a0-b9fc-4db7-a025-f7e7d0366ef6,IKEv2,Main,DES,56,SHA1,5,ECDSA-Sig,Transport,True,86400,97,Critical,Weak encryption DES; Weak hash SHA1; Weak DH group 5
354e133a-14cf-4ec8-bab5-3b83c6ad7640,IKEv2,Main,AES-128-CBC,128,SHA256,21,RSA-Sig,Transport,False,3600,15,Low,Perfect Forward Secrecy (PFS) is disabled
2e8b61e2-92d6-43d6-9925-d213719aee84,IKEv1,Main,AES-128-CBC,128,SHA256,14,PSK,Tunnel,True,28800,20,Strong,Legacy IKEv1 used
1e70b612-cf9e-4f88-a408-d29fa70dcb71,IKEv2,Main,3DES,112,SHA384,2,RSA-Sig,Tunnel,True,3600,73,Weak,Weak encryption 3DES; Weak DH group 2
49c9b93c-99f9-42d8-9ea5-35b02130293f,IKEv2,Main,AES-128-CBC,128,SHA1,2,RSA-Sig,Transport,True,28800,60,Weak,Weak hash SHA1; Weak DH group 2
597d710d-76c8-43d8-9b4c-fca9a3116137,IKEv1,Main,ChaCha20-Poly1305,256,SHA256,5,PSK,Transport,False,28800,75,Weak,Legacy IKEv1 used; Weak DH group 5; Perfect Forward Secrecy (PFS) is disabled
ff395fb2-099e-4f23-9f8e-c2794ad1ff64,IKEv2,Main,ChaCha20-Poly1305,256,SHA256,14,RSA-Sig,Transport,False,28800,17,Low,Perfect Forward Secrecy (PFS) is disabled
9d304e49-1687-4ffb-9f92-5934632ee573,IKEv2,Main,AES-256-GCM,256,SHA384,19,RSA-Sig,Transport,True,86400,5,Low,None
5eb0b47d-0edd-4bfc-83b9-184bc06b75a0,IKEv1,Main,DES,56,SHA512,20,PSK,Tunnel,True,3600,62,Weak,Legacy IKEv1 used; Weak encryption DES
00f3b159-4117-4326-95c0-1316d23cbc60,IKEv1,Main,DES,56,SHA256,21,PSK,Tunnel,True,28800,62,Weak,Legacy IKEv1 used; Weak encryption DES
5a6aef64-98d9-4777-8525-1218eb1990f4,IKEv2,Main,DES,56,SHA384,1,RSA-Sig,Tunnel,True,86400,75,Weak,Weak encryption DES; Weak DH group 1
79000b5a-06f8-447d-ac7d-769541fd529e,IKEv1,Quick,3DES,112,SHA256,21,ECDSA-Sig,Transport,True,28800,57,Moderate,Legacy IKEv1 used; Weak encryption 3DES
ce26d84f-d793-4ac6-86a7-db664a48297c,IKEv2,Main,AES-256-CBC,256,SHA1,19,RSA-Sig,Transport,True,86400,27,Strong,Weak hash SHA1
55c24c61-c57b-4089-ac9e-938665e65ef8,IKEv2,Main,AES-256-GCM,256,SHA384,19,RSA-Sig,Tunnel,True,86400,0,Low,None
4e9d6dbd-eb4b-4de7-9699-17cf0c3262b4,IKEv2,Main,AES-256-CBC,256,SHA384,1,ECDSA-Sig,Tunnel,True,28800,32,Strong,Weak DH group 1
ebfbc8b7-c961-4043-a3b1-8002cc0475d8,IKEv2,Main,DES,56,MD5,20,ECDSA-Sig,Tunnel,False,86400,85,Critical,Weak encryption DES; Weak hash MD5; Perfect Forward Secrecy (PFS) is disabled
692de229-e217-4e88-aab5-332dbfbcebed,IKEv1,Quick,AES-256-GCM,256,SHA1,14,RSA-Sig,Tunnel,False,28800,69,Weak,Legacy IKEv1 used; Weak hash SHA1; Perfect Forward Secrecy (PFS) is disabled
08b2cf41-5814-49f1-958d-5c62845889e6,IKEv2,Main,AES-256-CBC,256,SHA384,14,ECDSA-Sig,Transport,True,28800,0,Low,None
4c6f93bf-5d86-4acc-bd20-9af8972cf045,IKEv2,Main,AES-256-GCM,256,MD5,2,ECDSA-Sig,Tunnel,True,3600,55,Moderate,Weak hash MD5; Weak DH group 2
8b74a3b0-d33a-4dab-bd3b-432fef809468,IKEv2,Main,DES,56,SHA1,19,PSK,Transport,True,3600,68,Weak,Weak encryption DES; Weak hash SHA1
3cecf94e-9919-430c-9bb2-4633edf0ce94,IKEv2,Main,3DES,112,SHA1,20,PSK,Tunnel,False,3600,85,Critical,Weak encryption 3DES; Weak hash SHA1; Perfect Forward Secrecy (PFS) is disabled
fbe08044-856e-43f3-986b-10bb49a6dc87,IKEv2,Main,DES,56,MD5,14,RSA-Sig,Tunnel,False,86400,90,Critical,Weak encryption DES; Weak hash MD5; Perfect Forward Secrecy (PFS) is disabled
b1704c53-7077-4d80-9c80-b12c270ffd7d,IKEv1,Aggressive,3DES,112,MD5,19,PSK,Tunnel,False,28800,100,Critical,Legacy IKEv1 used; IKEv1 Aggressive mode vulnerable to offline dictionary attacks; Weak encryption 3DES; Weak hash MD5; PSK with Aggressive Mode is highly risky; Perfect Forward Secrecy (PFS) is disabled
98a45ec6-b163-48d8-97da-65bbd4a8b690,IKEv2,Main,AES-256-GCM,256,SHA384,14,ECDSA-Sig,Transport,False,28800,23,Strong,Perfect Forward Secrecy (PFS) is disabled
3bca91fc-4a21-4e12-8174-ea8e765ff5d3,IKEv2,Main,AES-256-CBC,256,SHA1,14,ECDSA-Sig,Tunnel,True,28800,31,Strong,Weak hash SHA1
1f311457-ee4a-4bc3-9917-287f512765b3,IKEv1,Quick,AES-256-CBC,256,SHA256,19,ECDSA-Sig,Transport,False,3600,43,Moderate,Legacy IKEv1 used; Perfect Forward Secrecy (PFS) is disabled
6bb1f27c-5761-450d-80a0-52f7d70bd3da,IKEv2,Main,ChaCha20-Poly1305,256,SHA384,19,ECDSA-Sig,Transport,True,86400,2,Low,None
361815e3-a90d-4451-bbfe-abde1dc9ce7a,IKEv2,Main,AES-256-GCM,256,MD5,14,PSK,Transport,False,86400,49,Moderate,Weak hash MD5; Perfect Forward Secrecy (PFS) is disabled
31eaecc1-3e41-4cc7-b12b-305b1d47d103,IKEv2,Main,AES-128-CBC,128,SHA384,20,PSK,Transport,True,86400,0,Low,None
a269b634-f9af-4acb-9971-0bab4122e3bf,IKEv2,Main,AES-256-CBC,256,MD5,21,RSA-Sig,Tunnel,True,3600,35,Strong,Weak hash MD5
b57dbbad-c20c-4851-a0ce-5cecf9f1fe30,IKEv2,Main,AES-128-CBC,128,SHA384,2,RSA-Sig,Tunnel,False,86400,48,Moderate,Weak DH group 2; Perfect Forward Secrecy (PFS) is disabled
67eebf7b-12bc-4ef9-8931-94c485a62e2c,IKEv1,Quick,AES-256-GCM,256,SHA384,1,PSK,Transport,False,3600,69,Weak,Legacy IKEv1 used; Weak DH group 1; Perfect Forward Secrecy (PFS) is disabled
9a6e9aed-d14e-4826-93db-6ae7250910c6,IKEv2,Main,AES-256-GCM,256,SHA512,31,PSK,Tunnel,False,86400,20,Strong,Perfect Forward Secrecy (PFS) is disabled
f835b3d3-3d5a-4e62-9a62-1ea881d1fb78,IKEv2,Main,AES-128-CBC,128,SHA512,5,RSA-Sig,Tunnel,False,3600,45,Moderate,Weak DH group 5; Perfect Forward Secrecy (PFS) is disabled
581d7b51-8d4b-4544-ac20-80a5e407da76,IKEv2,Main,3DES,112,MD5,20,RSA-Sig,Transport,True,86400,75,Weak,Weak encryption 3DES; Weak hash MD5
8147cd11-243b-4036-9001-8a15c5de0b32,IKEv2,Main,ChaCha20-Poly1305,256,SHA384,19,RSA-Sig,Transport,True,28800,0,Low,None
df9027c5-9207-4fbe-a2f6-410346bea895,IKEv2,Main,3DES,112,SHA1,20,ECDSA-Sig,Transport,True,28800,69,Weak,Weak encryption 3DES; Weak hash SHA1
65c585fb-007b-45d4-a087-c2cf0db267fe,IKEv2,Main,AES-256-GCM,256,MD5,2,PSK,Transport,True,28800,56,Moderate,Weak hash MD5; Weak DH group 2
f6929b1a-0336-4e45-adc1-d1f46ada07a1,IKEv2,Main,DES,56,SHA512,31,ECDSA-Sig,Transport,True,28800,40,Moderate,Weak encryption DES
717dc4a9-c062-4025-93a4-fa2783001ba2,IKEv1,Quick,AES-256-GCM,256,SHA256,21,PSK,Transport,True,3600,21,Strong,Legacy IKEv1 used
06ff0993-41e0-4048-ab28-60cdaa91791b,IKEv1,Quick,ChaCha20-Poly1305,256,SHA384,5,RSA-Sig,Transport,False,28800,71,Weak,Legacy IKEv1 used; Weak DH group 5; Perfect Forward Secrecy (PFS) is disabled
7049e0a7-3a0a-483c-a246-b152d709c52c,IKEv2,Main,DES,56,SHA512,5,ECDSA-Sig,Transport,False,86400,92,Critical,Weak encryption DES; Weak DH group 5; Perfect Forward Secrecy (PFS) is disabled
5371c141-782a-493e-b154-a560cf9c2618,IKEv2,Main,AES-256-CBC,256,SHA1,20,RSA-Sig,Transport,False,3600,51,Moderate,Weak hash SHA1; Perfect Forward Secrecy (PFS) is disabled
90a39162-a588-4607-8f87-7fc1d3a28191,IKEv2,Main,ChaCha20-Poly1305,256,SHA512,1,ECDSA-Sig,Transport,True,86400,30,Strong,Weak DH group 1
b3c91cc1-d0a9-4af0-ab81-9932573fdab5,IKEv2,Main,AES-256-GCM,256,SHA1,31,ECDSA-Sig,Tunnel,False,28800,47,Moderate,Weak hash SHA1; Perfect Forward Secrecy (PFS) is disabled
361d4823-22cb-4ad9-a0f6-278454fcca6d,IKEv2,Main,DES,56,SHA1,2,RSA-Sig,Transport,True,3600,100,Critical,Weak encryption DES; Weak hash SHA1; Weak DH group 2
63b18e83-7563-4b45-96cd-cc3b958c23e9,IKEv2,Main,AES-256-CBC,256,SHA384,19,ECDSA-Sig,Tunnel,False,86400,22,Strong,Perfect Forward Secrecy (PFS) is disabled
c42ed451-aec9-4731-8677-1d6b5062f6f3,IKEv2,Main,AES-256-CBC,256,SHA512,19,RSA-Sig,Tunnel,False,28800,20,Strong,Perfect Forward Secrecy (PFS) is disabled
6f87aa47-4619-4abb-b0a1-3e83b4950ad8,IKEv2,Main,ChaCha20-Poly1305,256,SHA256,31,PSK,Tunnel,True,28800,3,Low,None
66c36df0-d7ba-4084-8c12-3f23de958db9,IKEv1,Aggressive,3DES,112,SHA512,31,ECDSA-Sig,Tunnel,True,3600,89,Critical,Legacy IKEv1 used; IKEv1 Aggressive mode vulnerable to offline dictionary attacks; Weak encryption 3DES
35af30f3-0670-4ad9-a7fa-d4e5931eda95,IKEv2,Main,AES-256-GCM,256,SHA1,31,RSA-Sig,Tunnel,True,3600,26,Strong,Weak hash SHA1
5a5d41f5-bd33-438b-aea7-b35399fc6691,IKEv2,Main,3DES,112,SHA1,21,RSA-Sig,Transport,False,86400,91,Critical,Weak encryption 3DES; Weak hash SHA1; Perfect Forward Secrecy (PFS) is disabled
7e049973-bc41-4a58-8358-9a35107843af,IKEv2,Main,AES-256-GCM,256,SHA256,20,PSK,Tunnel,True,28800,0,Low,None
5369e193-b5d3-4df0-8bc5-5ff48491e3da,IKEv1,Main,AES-256-GCM,256,SHA256,19,ECDSA-Sig,Tunnel,True,3600,21,Strong,Legacy IKEv1 used
f6d694a2-c9f9-4523-bfac-4dca96f25dd2,IKEv2,Main,AES-128-CBC,128,SHA1,31,ECDSA-Sig,Transport,True,28800,34,Strong,Weak hash SHA1
70d889ed-e13d-4d69-9981-cd63f316f537,IKEv2,Main,AES-256-CBC,256,SHA256,14,ECDSA-Sig,Tunnel,True,28800,0,Low,None
1fd4c92f-2a7b-4543-9d18-edbd7e17b04c,IKEv2,Main,AES-256-GCM,256,SHA256,20,RSA-Sig,Transport,False,3600,23,Strong,Perfect Forward Secrecy (PFS) is disabled
1f534f3b-3115-4c7b-bbe4-c6effd05e11e,IKEv2,Main,DES,56,SHA512,1,ECDSA-Sig,Tunnel,True,28800,69,Weak,Weak encryption DES; Weak DH group 1
fe4586c2-3c0d-4337-bf35-332308423be6,IKEv2,Main,DES,56,SHA256,1,PSK,Transport,True,3600,70,Weak,Weak encryption DES; Weak DH group 1
bc847474-86c1-48e7-a3c5-1dbc06271302,IKEv2,Main,AES-128-CBC,128,SHA384,21,ECDSA-Sig,Tunnel,False,3600,16,Low,Perfect Forward Secrecy (PFS) is disabled
7a8aaf79-b634-4147-81d9-a490f2b60fa8,IKEv2,Main,ChaCha20-Poly1305,256,SHA512,2,ECDSA-Sig,Transport,True,86400,26,Strong,Weak DH group 2
42bae135-1e60-49b5-b86a-7ed3ebe9a129,IKEv2,Main,AES-256-GCM,256,SHA256,21,ECDSA-Sig,Tunnel,False,28800,20,Strong,Perfect Forward Secrecy (PFS) is disabled
7451c8df-b846-4ce7-b396-214c7aa24306,IKEv1,Quick,ChaCha20-Poly1305,256,SHA384,31,RSA-Sig,Tunnel,False,28800,45,Moderate,Legacy IKEv1 used; Perfect Forward Secrecy (PFS) is disabled
da80e90c-b68a-406d-9f90-9c3644d07d9d,IKEv1,Aggressive,3DES,112,SHA384,20,ECDSA-Sig,Transport,True,3600,89,Critical,Legacy IKEv1 used; IKEv1 Aggressive mode vulnerable to offline dictionary attacks; Weak encryption 3DES
58cfbc24-41e2-4f6e-bd47-0d1f4e164520,IKEv2,Main,AES-256-GCM,256,SHA256,2,ECDSA-Sig,Tunnel,False,86400,49,Moderate,Weak DH group 2; Perfect Forward Secrecy (PFS) is disabled
d69ddc0d-bad2-4192-90e4-c5ce72256ef4,IKEv2,Main,DES,56,MD5,20,PSK,Transport,False,28800,92,Critical,Weak encryption DES; Weak hash MD5; Perfect Forward Secrecy (PFS) is disabled
c6dbc24a-7b94-473b-808c-083964df7bfe,IKEv1,Aggressive,3DES,112,SHA256,31,RSA-Sig,Transport,True,28800,94,Critical,Legacy IKEv1 used; IKEv1 Aggressive mode vulnerable to offline dictionary attacks; Weak encryption 3DES
548888ce-0a26-4777-866e-3b3463586fb1,IKEv2,Main,AES-256-CBC,256,SHA512,21,ECDSA-Sig,Tunnel,False,28800,21,Strong,Perfect Forward Secrecy (PFS) is disabled
01780608-28e5-4c01-9316-d22e4f023162,IKEv1,Main,3DES,112,SHA256,1,ECDSA-Sig,Tunnel,True,86400,87,Critical,Legacy IKEv1 used; Weak encryption 3DES; Weak DH group 1
9e68436b-3b89-4a14-9979-46bd2c9303a0,IKEv2,Main,3DES,112,MD5,2,ECDSA-Sig,Tunnel,False,3600,100,Critical,Weak encryption 3DES; Weak hash MD5; Weak DH group 2; Perfect Forward Secrecy (PFS) is disabled
6f911c6d-532e-4a49-ab99-debd1f4574c7,IKEv1,Aggressive,3DES,112,SHA256,21,ECDSA-Sig,Tunnel,True,28800,90,Critical,Legacy IKEv1 used; IKEv1 Aggressive mode vulnerable to offline dictionary attacks; Weak encryption 3DES
2312e2bf-3d31-4de8-9f1d-761315d56ce9,IKEv1,Aggressive,AES-128-CBC,128,MD5,20,PSK,Transport,True,3600,100,Critical,Legacy IKEv1 used; IKEv1 Aggressive mode vulnerable to offline dictionary attacks; Weak hash MD5; PSK with Aggressive Mode is highly risky
e4f3f6df-7163-44e3-8fbb-5577aceab305,IKEv1,Aggressive,3DES,112,SHA1,5,RSA-Sig,Tunnel,True,86400,100,Critical,Legacy IKEv1 used; IKEv1 Aggressive mode vulnerable to offline dictionary attacks; Weak encryption 3DES; Weak hash SHA1; Weak DH group 5
9525a4da-1c54-4c32-98d1-fe70014a3d65,IKEv2,Main,3DES,112,SHA384,20,ECDSA-Sig,Transport,True,3600,40,Moderate,Weak encryption 3DES
566a4b55-bf37-4ebe-99c4-6e3a46383f21,IKEv1,Aggressive,DES,56,SHA512,19,RSA-Sig,Tunnel,True,28800,94,Critical,Legacy IKEv1 used; IKEv1 Aggressive mode vulnerable to offline dictionary attacks; Weak encryption DES
6a264760-cc29-4231-b54f-5e0b897546c4,IKEv1,Quick,AES-128-CBC,128,SHA256,31,ECDSA-Sig,Tunnel,True,86400,21,Strong,Legacy IKEv1 used
f4e66768-5c1c-4c72-b724-cdf201417389,IKEv2,Main,ChaCha20-Poly1305,256,SHA1,21,RSA-Sig,Transport,False,86400,49,Moderate,Weak hash SHA1; Perfect Forward Secrecy (PFS) is disabled
bb091c42-3766-45d6-8964-29608f157ce7,IKEv1,Quick,AES-128-CBC,128,MD5,20,PSK,Tunnel,True,28800,55,Moderate,Legacy IKEv1 used; Weak hash MD5
bcb0b887-c1f8-441b-a27e-7a4a3b5b6348,IKEv1,Aggressive,3DES,112,SHA1,19,RSA-Sig,Transport,False,3600,100,Critical,Legacy IKEv1 used; IKEv1 Aggressive mode vulnerable to offline dictionary attacks; Weak encryption 3DES; Weak hash SHA1; Perfect Forward Secrecy (PFS) is disabled
8c34afd8-1485-425d-ab58-65608fdaeb36,IKEv1,Quick,AES-256-GCM,256,SHA384,14,RSA-Sig,Transport,False,28800,36,Strong,Legacy IKEv1 used; Perfect Forward Secrecy (PFS) is disabled
25a0dbd6-5eda-454b-80e3-471db4f83de6,IKEv2,Main,3DES,112,SHA1,20,ECDSA-Sig,Transport,True,3600,75,Weak,Weak encryption 3DES; Weak hash SHA1
675e5554-208f-43ac-b9f9-b833f7576c11,IKEv2,Main,AES-256-CBC,256,MD5,14,RSA-Sig,Tunnel,True,86400,35,Strong,Weak hash MD5
31beefbd-e601-4040-a70a-556c3ed254a8,IKEv2,Main,AES-256-GCM,256,SHA384,2,ECDSA-Sig,Tunnel,True,28800,31,Strong,Weak DH group 2
4a01334d-becd-4c49-97d3-d889ebe97d31,IKEv2,Main,AES-256-CBC,256,SHA1,5,ECDSA-Sig,Transport,True,3600,60,Weak,Weak hash SHA1; Weak DH group 5
9477ffbb-f754-4c84-a87c-54355adf8f88,IKEv2,Main,3DES,112,MD5,20,ECDSA-Sig,Transport,True,3600,73,Weak,Weak encryption 3DES; Weak hash MD5
a56b754d-9954-4528-9cf7-3d429506d764,IKEv2,Main,ChaCha20-Poly1305,256,MD5,21,PSK,Transport,False,28800,55,Moderate,Weak hash MD5; Perfect Forward Secrecy (PFS) is disabled
c2f5d129-e9ce-418a-95bf-3a3a2cf016e3,IKEv2,Main,ChaCha20-Poly1305,256,MD5,1,PSK,Tunnel,False,86400,77,Weak,Weak hash MD5; Weak DH group 1; Perfect Forward Secrecy (PFS) is disabled
bb1c9926-09d0-4594-8d1f-dd95d472a540,IKEv2,Main,AES-128-CBC,128,SHA256,2,PSK,Tunnel,True,3600,25,Strong,Weak DH group 2
8d078752-2e0f-4b46-9a6c-caa082d9a742,IKEv1,Aggressive,AES-128-CBC,128,SHA384,20,RSA-Sig,Tunnel,True,3600,47,Moderate,Legacy IKEv1 used; IKEv1 Aggressive mode vulnerable to offline dictionary attacks
07c03912-e4e2-4314-b823-8bbc40bd3c37,IKEv2,Main,AES-128-CBC,128,SHA384,19,PSK,Transport,False,3600,24,Strong,Perfect Forward Secrecy (PFS) is disabled
8bd4f9da-a54b-4cf4-b9dd-2471536b56b6,IKEv2,Main,3DES,112,MD5,1,PSK,Transport,False,86400,100,Critical,Weak encryption 3DES; Weak hash MD5; Weak DH group 1; Perfect Forward Secrecy (PFS) is disabled
9fcf188d-66ef-4f7f-9b97-10102633c556,IKEv2,Main,AES-256-CBC,256,SHA512,31,ECDSA-Sig,Transport,True,3600,2,Low,None
b54ba4d4-07e4-419a-9f8b-0e0984618235,IKEv1,Quick,DES,56,SHA256,19,ECDSA-Sig,Tunnel,False,86400,75,Weak,Legacy IKEv1 used; Weak encryption DES; Perfect Forward Secrecy (PFS) is disabled
3b4f12c6-cfd0-47b3-8bb7-1b80385e6959,IKEv2,Main,3DES,112,SHA512,2,ECDSA-Sig,Tunnel,True,3600,67,Weak,Weak encryption 3DES; Weak DH group 2
da797267-2f84-4aa7-91d4-1802690d6dc1,IKEv2,Main,ChaCha20-Poly1305,256,SHA384,31,RSA-Sig,Transport,False,3600,16,Low,Perfect Forward Secrecy (PFS) is disabled
706c8c81-6804-420e-8e51-17a9ba952795,IKEv2,Main,AES-256-CBC,256,SHA384,31,PSK,Transport,True,28800,0,Low,None
38b4f3d2-2b6d-4972-a86c-7b52f5056c52,IKEv2,Main,AES-256-GCM,256,SHA512,21,RSA-Sig,Transport,False,86400,25,Strong,Perfect Forward Secrecy (PFS) is disabled
5b32c42f-3040-48cd-936f-f79ed04b3cb8,IKEv1,Quick,AES-256-CBC,256,SHA512,1,ECDSA-Sig,Transport,True,28800,50,Moderate,Legacy IKEv1 used; Weak DH group 1
023e40f5-84d6-4a02-87e7-b8f8fbfad54a,IKEv1,Main,DES,56,SHA384,20,PSK,Transport,True,86400,60,Weak,Legacy IKEv1 used; Weak encryption DES
013544b7-676a-4d70-ace2-941ac8bc6bc6,IKEv2,Main,ChaCha20-Poly1305,256,SHA512,5,ECDSA-Sig,Transport,True,28800,31,Strong,Weak DH group 5
30c18faf-3070-4716-a269-4b5594a90e6c,IKEv2,Main,3DES,112,SHA512,14,PSK,Transport,True,3600,44,Moderate,Weak encryption 3DES
542620b7-8c32-4826-9bc7-36cdac178ce3,IKEv1,Aggressive,AES-256-GCM,256,SHA256,2,PSK,Transport,False,3600,100,Critical,Legacy IKEv1 used; IKEv1 Aggressive mode vulnerable to offline dictionary attacks; Weak DH group 2; PSK with Aggressive Mode is highly risky; Perfect Forward Secrecy (PFS) is disabled
8df49c45-6c7c-4988-a29b-f737291bb795,IKEv2,Main,3DES,112,SHA512,1,PSK,Tunnel,False,86400,94,Critical,Weak encryption 3DES; Weak DH group 1; Perfect Forward Secrecy (PFS) is disabled
e016a99f-d671-4390-9223-8510926da9a1,IKEv2,Main,ChaCha20-Poly1305,256,SHA1,20,RSA-Sig,Tunnel,False,3600,47,Moderate,Weak hash SHA1; Perfect Forward Secrecy (PFS) is disabled
1b9331ff-8d3d-4849-809f-1def28f6261a,IKEv2,Main,AES-128-CBC,128,SHA1,2,RSA-Sig,Tunnel,True,3600,65,Weak,Weak hash SHA1; Weak DH group 2
902169c0-f938-4168-afe4-e55619237462,IKEv2,Main,AES-256-CBC,256,SHA256,21,ECDSA-Sig,Transport,True,86400,2,Low,None
db46794e-4478-4f4f-9322-e518f7b3809d,IKEv2,Main,3DES,112,SHA384,21,PSK,Transport,False,86400,60,Weak,Weak encryption 3DES; Perfect Forward Secrecy (PFS) is disabled
0cca86d8-cdb5-4a16-9484-484b48b949e3,IKEv1,Main,3DES,112,SHA1,20,ECDSA-Sig,Transport,False,86400,100,Critical,Legacy IKEv1 used; Weak encryption 3DES; Weak hash SHA1; Perfect Forward Secrecy (PFS) is disabled
3590a522-57eb-4477-b2fd-a4273a96136b,IKEv2,Main,DES,56,SHA384,2,RSA-Sig,Transport,True,28800,72,Weak,Weak encryption DES; Weak DH group 2
a31aa0fa-17ef-4893-b84e-521353b6748f,IKEv2,Main,AES-128-CBC,128,SHA1,14,RSA-Sig,Tunnel,False,86400,46,Moderate,Weak hash SHA1; Perfect Forward Secrecy (PFS) is disabled
3d4febe8-d72f-4fd3-a2bc-108132bbbbeb,IKEv2,Main,AES-256-CBC,256,SHA1,2,ECDSA-Sig,Transport,True,28800,64,Weak,Weak hash SHA1; Weak DH group 2
46daec46-2295-4c53-ba41-05bd45bdcd07,IKEv2,Main,AES-256-GCM,256,SHA256,14,RSA-Sig,Transport,True,86400,0,Low,None
a9d7efcc-82a5-4557-8d8c-0c1fb402e4bb,IKEv1,Quick,DES,56,SHA512,14,RSA-Sig,Transport,True,3600,63,Weak,Legacy IKEv1 used; Weak encryption DES
c403129f-ec97-46c8-bb64-0f03e9dba55d,IKEv2,Main,3DES,112,SHA512,14,ECDSA-Sig,Tunnel,True,3600,40,Moderate,Weak encryption 3DES
add41a5d-66f0-4e53-a3b4-84152ace40fc,IKEv1,Aggressive,ChaCha20-Poly1305,256,SHA384,5,PSK,Transport,True,3600,100,Critical,Legacy IKEv1 used; IKEv1 Aggressive mode vulnerable to offline dictionary attacks; Weak DH group 5; PSK with Aggressive Mode is highly risky
de395b51-5e98-453c-81d7-dba03e2a7ea0,IKEv2,Main,AES-256-GCM,256,SHA1,21,ECDSA-Sig,Tunnel,False,86400,50,Moderate,Weak hash SHA1; Perfect Forward Secrecy (PFS) is disabled
c17cc6e6-cf54-4359-af46-a8082ca670d6,IKEv1,Quick,ChaCha20-Poly1305,256,SHA256,2,PSK,Tunnel,False,28800,75,Weak,Legacy IKEv1 used; Weak DH group 2; Perfect Forward Secrecy (PFS) is disabled
ff24d58c-73ee-4ac5-b221-0161a33544ff,IKEv2,Main,ChaCha20-Poly1305,256,SHA256,14,RSA-Sig,Transport,False,86400,19,Low,Perfect Forward Secrecy (PFS) is disabled
d2d3da03-06ae-4242-9ee8-9dffadb3f30a,IKEv2,Main,AES-256-GCM,256,SHA256,2,ECDSA-Sig,Tunnel,False,28800,48,Moderate,Weak DH group 2; Perfect Forward Secrecy (PFS) is disabled
45afdca1-1578-459e-bec6-41c8d16a2591,IKEv1,Quick,AES-256-GCM,256,SHA512,19,RSA-Sig,Transport,True,3600,16,Low,Legacy IKEv1 used
7f2a87ee-415a-4d8e-93a1-eb318494c600,IKEv2,Main,AES-256-CBC,256,SHA256,2,RSA-Sig,Tunnel,False,86400,45,Moderate,Weak DH group 2; Perfect Forward Secrecy (PFS) is disabled
3e16dec3-948f-427c-b474-70b840791dda,IKEv1,Main,DES,56,SHA256,5,RSA-Sig,Tunnel,True,86400,87,Critical,Legacy IKEv1 used; Weak encryption DES; Weak DH group 5
d78aa8ee-2b1a-4918-aae2-3a4271377cad,IKEv2,Main,AES-128-CBC,128,SHA256,20,PSK,Tunnel,False,28800,22,Strong,Perfect Forward Secrecy (PFS) is disabled
7e9223bb-a8c4-4837-96af-e7295b113925,IKEv1,Main,AES-128-CBC,128,SHA1,31,ECDSA-Sig,Tunnel,False,3600,73,Weak,Legacy IKEv1 used; Weak hash SHA1; Perfect Forward Secrecy (PFS) is disabled
e4372ef2-39f0-41d3-8ecd-c94a7b52171b,IKEv1,Quick,3DES,112,SHA512,2,ECDSA-Sig,Transport,False,3600,100,Critical,Legacy IKEv1 used; Weak encryption 3DES; Weak DH group 2; Perfect Forward Secrecy (PFS) is disabled
df7ce7d9-61ef-4989-b1f1-12915612d3da,IKEv2,Main,3DES,112,SHA1,31,ECDSA-Sig,Transport,True,28800,73,Weak,Weak encryption 3DES; Weak hash SHA1
780f2891-1e37-4042-974f-c4396a0ca98c,IKEv2,Main,AES-256-GCM,256,SHA512,14,PSK,Transport,False,3600,16,Low,Perfect Forward Secrecy (PFS) is disabled
6a172b87-eba2-4d55-85b4-1c5ad407df75,IKEv2,Main,DES,56,SHA256,20,RSA-Sig,Tunnel,True,86400,39,Strong,Weak encryption DES
54da38db-5d8a-4467-80a0-235ce392c341,IKEv2,Main,DES,56,SHA384,2,ECDSA-Sig,Tunnel,False,86400,89,Critical,Weak encryption DES; Weak DH group 2; Perfect Forward Secrecy (PFS) is disabled
6fd32691-6508-4644-b989-cfb695966f81,IKEv2,Main,3DES,112,SHA512,14,PSK,Transport,True,86400,42,Moderate,Weak encryption 3DES
361b9dc0-c803-46f4-9465-ac994087df34,IKEv1,Quick,AES-256-GCM,256,MD5,21,ECDSA-Sig,Tunnel,False,86400,68,Weak,Legacy IKEv1 used; Weak hash MD5; Perfect Forward Secrecy (PFS) is disabled
acd3a14a-13ad-48d3-8b25-835761665348,IKEv2,Main,ChaCha20-Poly1305,256,SHA512,14,RSA-Sig,Transport,True,3600,4,Low,None
861ae254-ee3b-4035-bd3b-f59f43632874,IKEv2,Main,AES-256-GCM,256,MD5,19,PSK,Tunnel,True,3600,29,Strong,Weak hash MD5
cd87565b-aaf8-4643-b6d1-e639164a25ce,IKEv2,Main,3DES,112,SHA1,20,RSA-Sig,Tunnel,True,3600,72,Weak,Weak encryption 3DES; Weak hash SHA1
69e08e84-d73f-41b9-9857-40defa31f9eb,IKEv2,Main,DES,56,SHA512,2,RSA-Sig,Transport,True,3600,68,Weak,Weak encryption DES; Weak DH group 2
47a3517e-5e77-4883-ada7-fdb9041247f1,IKEv2,Main,AES-256-GCM,256,SHA512,5,PSK,Transport,False,3600,46,Moderate,Weak DH group 5; Perfect Forward Secrecy (PFS) is disabled
8054ccda-c024-4abc-ad94-221b514d4372,IKEv1,Aggressive,AES-256-CBC,256,SHA1,1,PSK,Transport,True,28800,100,Critical,Legacy IKEv1 used; IKEv1 Aggressive mode vulnerable to offline dictionary attacks; Weak hash SHA1; Weak DH group 1; PSK with Aggressive Mode is highly risky
94e82141-8c6f-4e2a-b841-d3322aa267f3,IKEv2,Main,AES-256-GCM,256,SHA256,14,ECDSA-Sig,Tunnel,True,28800,0,Low,None
2c941f2a-612f-457f-9a53-9474efb73a9c,IKEv2,Main,AES-128-CBC,128,MD5,21,RSA-Sig,Transport,True,86400,32,Strong,Weak hash MD5
c136f7df-5107-443e-af78-38dddb117d91,IKEv1,Aggressive,AES-256-GCM,256,SHA384,14,RSA-Sig,Transport,True,3600,47,Moderate,Legacy IKEv1 used; IKEv1 Aggressive mode vulnerable to offline dictionary attacks
9c621087-8f40-4f24-8dcc-c1ba714685b0,IKEv2,Main,AES-256-CBC,256,SHA256,1,RSA-Sig,Transport,False,86400,52,Moderate,Weak DH group 1; Perfect Forward Secrecy (PFS) is disabled
4162a2e6-27e6-49bc-a306-6db8c6a26ac2,IKEv1,Main,DES,56,SHA1,2,PSK,Tunnel,True,28800,100,Critical,Legacy IKEv1 used; Weak encryption DES; Weak hash SHA1; Weak DH group 2
3c90fdc2-e3de-43c4-8efa-35b49dac0adf,IKEv2,Main,AES-256-CBC,256,SHA256,14,RSA-Sig,Transport,False,3600,25,Strong,Perfect Forward Secrecy (PFS) is disabled
a006030f-b2b5-4159-b652-c26e4f3b6f7b,IKEv2,Main,AES-256-GCM,256,SHA256,21,ECDSA-Sig,Transport,True,28800,0,Low,None
7c1b12fe-ec92-4c56-b5ba-f76715b7948d,IKEv1,Quick,AES-256-CBC,256,SHA512,19,PSK,Transport,True,86400,25,Strong,Legacy IKEv1 used
d6823c71-4d9b-42e6-a048-07f204a40b46,IKEv2,Main,3DES,112,SHA384,19,PSK,Transport,True,28800,40,Moderate,Weak encryption 3DES
a4322305-caf5-4ddc-9e6f-d1e7e787a11d,IKEv2,Main,AES-256-CBC,256,SHA256,1,PSK,Transport,True,3600,26,Strong,Weak DH group 1
e02205cf-d75d-4444-a7dd-e3a9a347d033,IKEv1,Main,ChaCha20-Poly1305,256,SHA1,21,ECDSA-Sig,Transport,True,3600,53,Moderate,Legacy IKEv1 used; Weak hash SHA1
958d9be4-0624-4c1c-b026-3819d77170ed,IKEv2,Main,AES-256-GCM,256,MD5,1,ECDSA-Sig,Tunnel,True,28800,63,Weak,Weak hash MD5; Weak DH group 1
5d51f94a-09f1-4dae-ae2c-024e14725c41,IKEv2,Main,ChaCha20-Poly1305,256,SHA1,1,PSK,Tunnel,False,86400,79,Weak,Weak hash SHA1; Weak DH group 1; Perfect Forward Secrecy (PFS) is disabled
c86fc741-c119-458c-8fbb-6eee253cba37,IKEv2,Main,AES-128-CBC,128,MD5,31,ECDSA-Sig,Tunnel,False,86400,49,Moderate,Weak hash MD5; Perfect Forward Secrecy (PFS) is disabled
3a06e475-1eb7-462a-826e-522c6136740c,IKEv1,Main,AES-128-CBC,128,SHA512,31,ECDSA-Sig,Transport,False,28800,37,Strong,Legacy IKEv1 used; Perfect Forward Secrecy (PFS) is disabled
a3a4c8f6-ec89-4525-8afd-63e09e6cad4b,IKEv1,Quick,3DES,112,SHA512,14,PSK,Transport,False,86400,85,Critical,Legacy IKEv1 used; Weak encryption 3DES; Perfect Forward Secrecy (PFS) is disabled
025d164d-49d8-410d-b7b9-39d14e263582,IKEv1,Main,DES,56,SHA384,31,PSK,Tunnel,False,3600,77,Weak,Legacy IKEv1 used; Weak encryption DES; Perfect Forward Secrecy (PFS) is disabled
316e8177-e45b-4230-96f7-ff25cabeffd7,IKEv2,Main,ChaCha20-Poly1305,256,SHA384,1,PSK,Tunnel,True,28800,30,Strong,Weak DH group 1
62303b6e-e38f-4dc1-af70-26c5ff22fe7f,IKEv2,Main,AES-128-CBC,128,SHA256,1,ECDSA-Sig,Tunnel,False,28800,53,Moderate,Weak DH group 1; Perfect Forward Secrecy (PFS) is disabled
45248daa-1764-4b0a-b083-4933d80768fe,IKEv1,Main,DES,56,SHA384,20,ECDSA-Sig,Transport,False,3600,78,Weak,Legacy IKEv1 used; Weak encryption DES; Perfect Forward Secrecy (PFS) is disabled
fd1222fb-1bd1-4fec-92c1-edbe902a3de8,IKEv2,Main,AES-256-GCM,256,SHA256,5,PSK,Transport,False,86400,46,Moderate,Weak DH group 5; Perfect Forward Secrecy (PFS) is disabled
6ea162f2-c621-49df-a588-4df9244b13aa,IKEv1,Quick,ChaCha20-Poly1305,256,SHA384,31,ECDSA-Sig,Transport,True,3600,18,Low,Legacy IKEv1 used
a2bc8888-a2bd-4dda-b146-9f7f665aebc8,IKEv1,Main,AES-256-CBC,256,SHA256,14,ECDSA-Sig,Tunnel,True,3600,17,Low,Legacy IKEv1 used
6e9e750a-7ef2-4236-b626-356911f1ec27,IKEv1,Aggressive,ChaCha20-Poly1305,256,SHA1,20,RSA-Sig,Transport,False,28800,98,Critical,Legacy IKEv1 used; IKEv1 Aggressive mode vulnerable to offline dictionary attacks; Weak hash SHA1; Perfect Forward Secrecy (PFS) is disabled
e9f88edb-d984-4f37-9896-c811c87ab32c,IKEv2,Main,ChaCha20-Poly1305,256,SHA1,21,ECDSA-Sig,Tunnel,True,28800,32,Strong,Weak hash SHA1
1f1d19a4-e588-44b4-8d2b-2a3c4bae71fe,IKEv1,Main,3DES,112,MD5,20,ECDSA-Sig,Tunnel,True,86400,85,Critical,Legacy IKEv1 used; Weak encryption 3DES; Weak hash MD5
5a0325da-d82a-4f7c-8d82-d18f166e7865,IKEv1,Quick,AES-128-CBC,128,MD5,21,ECDSA-Sig,Transport,False,86400,70,Weak,Legacy IKEv1 used; Weak hash MD5; Perfect Forward Secrecy (PFS) is disabled
7123555e-93dc-40df-9240-ca3bd4021999,IKEv2,Main,3DES,112,SHA384,21,RSA-Sig,Tunnel,False,28800,63,Weak,Weak encryption 3DES; Perfect Forward Secrecy (PFS) is disabled
02ac53cc-32ec-49a1-aab6-8e7210873a42,IKEv2,Main,ChaCha20-Poly1305,256,MD5,19,PSK,Tunnel,False,28800,54,Moderate,Weak hash MD5; Perfect Forward Secrecy (PFS) is disabled
9756fd70-e634-46ce-afc3-d9004ced32a6,IKEv2,Main,DES,56,SHA256,14,ECDSA-Sig,Tunnel,False,3600,60,Weak,Weak encryption DES; Perfect Forward Secrecy (PFS) is disabled
6c47cf26-07f2-48aa-b39b-52a2ee21233d,IKEv2,Main,AES-256-CBC,256,SHA256,1,PSK,Transport,False,3600,52,Moderate,Weak DH group 1; Perfect Forward Secrecy (PFS) is disabled
7583dde0-11c7-4516-9673-ff72252664d3,IKEv1,Quick,DES,56,MD5,21,PSK,Transport,True,28800,93,Critical,Legacy IKEv1 used; Weak encryption DES; Weak hash MD5
c341b3d0-7996-424b-a058-842daccfc82d,IKEv2,Main,AES-256-CBC,256,SHA512,14,ECDSA-Sig,Transport,True,3600,0,Low,None
8f3d67e0-c90e-4ea8-b95c-26eddd17d7d8,IKEv1,Main,AES-256-CBC,256,SHA384,1,RSA-Sig,Transport,False,86400,74,Weak,Legacy IKEv1 used; Weak DH group 1; Perfect Forward Secrecy (PFS) is disabled
ba90a658-4dda-469b-9055-4bbfa7467031,IKEv2,Main,AES-128-CBC,128,MD5,21,PSK,Tunnel,True,3600,26,Strong,Weak hash MD5
09311384-a772-4a6c-9d1b-76db79518261,IKEv1,Quick,AES-256-CBC,256,SHA1,5,ECDSA-Sig,Transport,True,3600,76,Weak,Legacy IKEv1 used; Weak hash SHA1; Weak DH group 5
f59c7a2a-7f75-41f1-a7ad-3adb2f4200b3,IKEv1,Aggressive,AES-128-CBC,128,SHA256,5,RSA-Sig,Tunnel,True,28800,79,Weak,Legacy IKEv1 used; IKEv1 Aggressive mode vulnerable to offline dictionary attacks; Weak DH group 5
b0a369cc-56c6-48cb-b19b-690bae4f6962,IKEv2,Main,AES-256-GCM,256,SHA512,5,PSK,Transport,False,28800,51,Moderate,Weak DH group 5; Perfect Forward Secrecy (PFS) is disabled
66b418c7-02fb-4166-bc9d-3f0d0e3dcd82,IKEv1,Quick,AES-128-CBC,128,SHA512,31,ECDSA-Sig,Transport,True,28800,22,Strong,Legacy IKEv1 used
cd1944ae-85c1-416e-92d5-a6836b12bf4a,IKEv2,Main,ChaCha20-Poly1305,256,SHA512,1,RSA-Sig,Transport,False,28800,53,Moderate,Weak DH group 1; Perfect Forward Secrecy (PFS) is disabled
89349996-1496-4cd8-beab-84b386a2d577,IKEv2,Main,DES,56,SHA1,5,PSK,Tunnel,False,86400,100,Critical,Weak encryption DES; Weak hash SHA1; Weak DH group 5; Perfect Forward Secrecy (PFS) is disabled
29eb13b3-9663-49f6-86ce-f8682e9c86c4,IKEv2,Main,AES-128-CBC,128,SHA512,14,RSA-Sig,Transport,True,86400,1,Low,None
a40e8418-12e5-4417-bfc0-ddf8324df907,IKEv2,Main,3DES,112,SHA384,31,ECDSA-Sig,Tunnel,True,3600,44,Moderate,Weak encryption 3DES
30ee7e86-7dab-43aa-a14e-e523d1cfeba8,IKEv2,Main,AES-256-CBC,256,MD5,31,ECDSA-Sig,Tunnel,False,3600,46,Moderate,Weak hash MD5; Perfect Forward Secrecy (PFS) is disabled
e48c01c6-34eb-4d43-9b42-f928ef0e5696,IKEv1,Main,AES-128-CBC,128,SHA256,19,RSA-Sig,Tunnel,False,28800,37,Strong,Legacy IKEv1 used; Perfect Forward Secrecy (PFS) is disabled
c0825562-e166-4d1f-8195-a846e57af60a,IKEv2,Main,AES-256-CBC,256,SHA512,31,ECDSA-Sig,Transport,False,86400,20,Strong,Perfect Forward Secrecy (PFS) is disabled
2803ca27-4982-4bc8-8352-c7c247e71435,IKEv1,Quick,DES,56,SHA384,5,PSK,Transport,False,86400,100,Critical,Legacy IKEv1 used; Weak encryption DES; Weak DH group 5; Perfect Forward Secrecy (PFS) is disabled
66c563be-38ac-4ccf-ac1f-f9c56e85d9be,IKEv2,Main,DES,56,SHA512,2,PSK,Tunnel,False,28800,86,Critical,Weak encryption DES; Weak DH group 2; Perfect Forward Secrecy (PFS) is disabled
76074f5b-20c0-4cae-a606-bec626264376,IKEv2,Main,DES,56,SHA384,5,ECDSA-Sig,Tunnel,False,28800,92,Critical,Weak encryption DES; Weak DH group 5; Perfect Forward Secrecy (PFS) is disabled
5bf0f346-818c-4b58-bace-d6852f83cb33,IKEv2,Main,AES-256-GCM,256,SHA384,19,PSK,Tunnel,False,3600,22,Strong,Perfect Forward Secrecy (PFS) is disabled
fe920203-9efb-40bf-a8c6-ef9b92d1d44a,IKEv1,Quick,AES-256-CBC,256,SHA256,31,RSA-Sig,Tunnel,True,86400,25,Strong,Legacy IKEv1 used
a2b224c4-5914-42d1-8676-a6062fdfb323,IKEv1,Main,DES,56,SHA384,14,ECDSA-Sig,Tunnel,True,3600,63,Weak,Legacy IKEv1 used; Weak encryption DES
b72de0c8-6a91-4eab-a027-98cb891a3d34,IKEv2,Main,3DES,112,SHA512,20,ECDSA-Sig,Transport,False,86400,60,Weak,Weak encryption 3DES; Perfect Forward Secrecy (PFS) is disabled
b395d420-57bf-4036-81e3-d9df1ef2493a,IKEv2,Main,ChaCha20-Poly1305,256,MD5,14,RSA-Sig,Transport,True,86400,27,Strong,Weak hash MD5
7659b6cb-6c59-4c4f-9dd2-2b4c77b3ae88,IKEv1,Quick,3DES,112,SHA256,31,PSK,Tunnel,True,28800,63,Weak,Legacy IKEv1 used; Weak encryption 3DES
8f60fdfc-4106-4417-abd1-259da53ac2a8,IKEv2,Main,AES-256-GCM,256,SHA256,19,ECDSA-Sig,Tunnel,False,28800,25,Strong,Perfect Forward Secrecy (PFS) is disabled
add11e54-d8b4-4b6d-ad4b-d09657aa8842,IKEv2,Main,3DES,112,MD5,1,ECDSA-Sig,Tunnel,False,86400,100,Critical,Weak encryption 3DES; Weak hash MD5; Weak DH group 1; Perfect Forward Secrecy (PFS) is disabled
09118fd4-9383-4464-9b2b-b6e78cbd97ff,IKEv2,Main,3DES,112,SHA1,20,RSA-Sig,Transport,True,28800,67,Weak,Weak encryption 3DES; Weak hash SHA1
65060764-3df1-4057-ae5b-340aa80cdbb7,IKEv2,Main,AES-256-GCM,256,SHA512,14,ECDSA-Sig,Transport,True,28800,0,Low,None
cd7ac818-db82-4e0b-aad4-9073e56bf42e,IKEv2,Main,AES-128-CBC,128,SHA256,2,ECDSA-Sig,Tunnel,False,3600,51,Moderate,Weak DH group 2; Perfect Forward Secrecy (PFS) is disabled
8b0461ba-5e4a-4ab6-8b94-94fbad8a1deb,IKEv2,Main,AES-256-GCM,256,SHA256,20,ECDSA-Sig,Transport,False,86400,23,Strong,Perfect Forward Secrecy (PFS) is disabled
26e61ed0-28f2-4eb6-a402-2210c6fe5027,IKEv2,Main,3DES,112,SHA1,31,PSK,Tunnel,False,86400,85,Critical,Weak encryption 3DES; Weak hash SHA1; Perfect Forward Secrecy (PFS) is disabled
3d22b0a6-e9e3-45b9-8642-9b08685ed2ff,IKEv2,Main,AES-128-CBC,128,SHA256,14,PSK,Transport,True,3600,0,Low,None
e643c01a-c522-42e3-9ca4-5dd20b920b8e,IKEv1,Quick,3DES,112,SHA256,21,RSA-Sig,Transport,False,3600,83,Critical,Legacy IKEv1 used; Weak encryption 3DES; Perfect Forward Secrecy (PFS) is disabled
60d1e4de-e2de-4eba-b887-d5de6553d6b7,IKEv2,Main,ChaCha20-Poly1305,256,SHA256,14,PSK,Transport,False,86400,17,Low,Perfect Forward Secrecy (PFS) is disabled
5be3c88b-2303-4a4a-9784-33f777592b11,IKEv2,Main,3DES,112,SHA512,5,RSA-Sig,Tunnel,True,86400,69,Weak,Weak encryption 3DES; Weak DH group 5
ede2c1c7-895d-4a98-b5a1-43d2692ea285,IKEv2,Main,3DES,112,SHA256,14,ECDSA-Sig,Transport,False,28800,57,Moderate,Weak encryption 3DES; Perfect Forward Secrecy (PFS) is disabled
e5417f7f-f0bb-46b0-8879-870ae6e60ba5,IKEv2,Main,ChaCha20-Poly1305,256,SHA1,19,ECDSA-Sig,Transport,True,86400,27,Strong,Weak hash SHA1
ffe55d82-af45-4682-ac9c-636c374346ef,IKEv2,Main,AES-128-CBC,128,SHA384,14,RSA-Sig,Transport,False,3600,20,Strong,Perfect Forward Secrecy (PFS) is disabled
a7a2830b-591f-4414-a687-63f1155bba7d,IKEv2,Main,ChaCha20-Poly1305,256,SHA1,1,ECDSA-Sig,Tunnel,True,28800,58,Moderate,Weak hash SHA1; Weak DH group 1
e6b9584f-fe7e-4353-a4e6-2587f6c841e8,IKEv1,Aggressive,AES-128-CBC,128,SHA512,14,ECDSA-Sig,Tunnel,True,3600,50,Moderate,Legacy IKEv1 used; IKEv1 Aggressive mode vulnerable to offline dictionary attacks
e841feb0-72cb-41e0-a456-39e42404be71,IKEv2,Main,ChaCha20-Poly1305,256,SHA512,1,RSA-Sig,Transport,True,3600,33,Strong,Weak DH group 1
c1ff01b2-8696-4a9f-8264-d9fbd1ae3d54,IKEv2,Main,AES-128-CBC,128,SHA1,19,ECDSA-Sig,Tunnel,True,86400,29,Strong,Weak hash SHA1
f1beb880-c297-48af-b8d3-39e18f82fb3a,IKEv2,Main,AES-256-CBC,256,SHA1,21,PSK,Transport,False,28800,46,Moderate,Weak hash SHA1; Perfect Forward Secrecy (PFS) is disabled
8c317930-0b23-493a-9189-9b84bd890643,IKEv2,Main,3DES,112,SHA256,21,RSA-Sig,Transport,False,3600,59,Moderate,Weak encryption 3DES; Perfect Forward Secrecy (PFS) is disabled
db7fc16d-4caf-4775-8f41-42179093fb48,IKEv2,Main,3DES,112,MD5,31,RSA-Sig,Tunnel,False,86400,88,Critical,Weak encryption 3DES; Weak hash MD5; Perfect Forward Secrecy (PFS) is disabled
840f4602-0cf0-485e-a110-594f00964a05,IKEv2,Main,ChaCha20-Poly1305,256,MD5,2,PSK,Transport,False,86400,85,Critical,Weak hash MD5; Weak DH group 2; Perfect Forward Secrecy (PFS) is disabled
f543891d-7510-41ae-91a5-aafd31c72192,IKEv2,Main,ChaCha20-Poly1305,256,SHA256,14,RSA-Sig,Tunnel,False,3600,23,Strong,Perfect Forward Secrecy (PFS) is disabled
185859f1-73f2-4b63-a7c6-39a94e3ff58a,IKEv2,Main,AES-128-CBC,128,SHA1,5,RSA-Sig,Tunnel,True,86400,59,Moderate,Weak hash SHA1; Weak DH group 5
ba6ddd2a-fa27-4324-bddd-60876496a0be,IKEv2,Main,ChaCha20-Poly1305,256,SHA1,20,PSK,Transport,False,3600,47,Moderate,Weak hash SHA1; Perfect Forward Secrecy (PFS) is disabled
2540983f-caf8-43b0-83df-4493a2403139,IKEv1,Quick,AES-128-CBC,128,SHA384,2,PSK,Tunnel,False,86400,75,Weak,Legacy IKEv1 used; Weak DH group 2; Perfect Forward Secrecy (PFS) is disabled
b07b401d-bb8a-4130-8cf4-6dffef0a8d33,IKEv1,Aggressive,3DES,112,SHA384,2,RSA-Sig,Tunnel,True,3600,100,Critical,Legacy IKEv1 used; IKEv1 Aggressive mode vulnerable to offline dictionary attacks; Weak encryption 3DES; Weak DH group 2
075018e3-62a1-4c26-8d06-80acbcad5016,IKEv2,Main,DES,56,SHA1,31,PSK,Transport,True,3600,74,Weak,Weak encryption DES; Weak hash SHA1
8cf7bc07-ffb8-45c4-8635-502d4f1dbb62,IKEv1,Main,AES-256-GCM,256,SHA256,31,PSK,Transport,True,28800,23,Strong,Legacy IKEv1 used
3597fbd4-a9c4-4c42-ad6f-eb115a7970f5,IKEv1,Aggressive,ChaCha20-Poly1305,256,SHA1,2,RSA-Sig,Transport,True,86400,100,Critical,Legacy IKEv1 used; IKEv1 Aggressive mode vulnerable to offline dictionary attacks; Weak hash SHA1; Weak DH group 2
51eab938-8627-4e28-bd51-f8415493a93f,IKEv2,Main,AES-256-CBC,256,SHA512,14,PSK,Transport,False,28800,23,Strong,Perfect Forward Secrecy (PFS) is disabled
01d00e12-9636-40c6-8517-ed065db0ef43,IKEv2,Main,DES,56,SHA1,20,ECDSA-Sig,Transport,True,28800,75,Weak,Weak encryption DES; Weak hash SHA1
3dfdb036-c1d9-4607-ad1c-16159d0257c7,IKEv2,Main,DES,56,SHA1,5,PSK,Transport,True,28800,97,Critical,Weak encryption DES; Weak hash SHA1; Weak DH group 5
38ebda13-4db0-411c-8755-edd039a32a5f,IKEv2,Main,DES,56,SHA384,19,RSA-Sig,Transport,True,3600,44,Moderate,Weak encryption DES
77ad84bb-aa5f-4273-aa53-3d716707f8f8,IKEv2,Main,DES,56,SHA256,5,PSK,Tunnel,True,3600,74,Weak,Weak encryption DES; Weak DH group 5
12a9f97c-4ee0-4cab-81de-ed2ffb4fceb3,IKEv2,Main,DES,56,SHA512,21,PSK,Transport,False,3600,57,Moderate,Weak encryption DES; Perfect Forward Secrecy (PFS) is disabled
a32a21f4-4fa1-411a-a57f-a83035b0c8b9,IKEv1,Main,AES-256-CBC,256,SHA384,20,PSK,Tunnel,True,3600,17,Low,Legacy IKEv1 used
c4428dc5-8f68-480d-9a1b-0de7888fd199,IKEv2,Main,DES,56,SHA512,19,PSK,Transport,True,3600,45,Moderate,Weak encryption DES
f5cf0953-b5e7-4654-8397-2ac09104dee4,IKEv1,Main,DES,56,SHA1,21,ECDSA-Sig,Transport,True,86400,94,Critical,Legacy IKEv1 used; Weak encryption DES; Weak hash SHA1
d25f254a-4a47-4873-80c0-4987e1a18b27,IKEv1,Aggressive,AES-128-CBC,128,SHA256,5,PSK,Transport,True,28800,100,Critical,Legacy IKEv1 used; IKEv1 Aggressive mode vulnerable to offline dictionary attacks; Weak DH group 5; PSK with Aggressive Mode is highly risky
0e2df94f-c260-409b-b8be-055970a9840a,IKEv2,Main,3DES,112,MD5,20,PSK,Transport,False,86400,90,Critical,Weak encryption 3DES; Weak hash MD5; Perfect Forward Secrecy (PFS) is disabled
bab70529-942b-440c-b1df-9de19cae0114,IKEv1,Aggressive,DES,56,SHA256,1,ECDSA-Sig,Transport,False,3600,100,Critical,Legacy IKEv1 used; IKEv1 Aggressive mode vulnerable to offline dictionary attacks; Weak encryption DES; Weak DH group 1; Perfect Forward Secrecy (PFS) is disabled
6fe21e01-e1d2-4126-91e7-c2c90157b922,IKEv1,Main,ChaCha20-Poly1305,256,MD5,14,PSK,Tunnel,True,3600,45,Moderate,Legacy IKEv1 used; Weak hash MD5
b1d87802-ffc4-4ab6-986b-5e11b3171d05,IKEv1,Main,AES-128-CBC,128,SHA384,14,RSA-Sig,Transport,False,3600,35,Strong,Legacy IKEv1 used; Perfect Forward Secrecy (PFS) is disabled
e49a526b-c5da-44e3-9293-17a34672cdae,IKEv2,Main,AES-256-CBC,256,SHA1,21,RSA-Sig,Transport,True,3600,26,Strong,Weak hash SHA1
5e720b5b-6b1e-472d-b5ef-b45a641b35cf,IKEv1,Quick,ChaCha20-Poly1305,256,MD5,21,ECDSA-Sig,Tunnel,True,86400,45,Moderate,Legacy IKEv1 used; Weak hash MD5
f023dda6-5a25-4bd2-960d-01e62f160f06,IKEv2,Main,DES,56,MD5,21,PSK,Tunnel,False,3600,95,Critical,Weak encryption DES; Weak hash MD5; Perfect Forward Secrecy (PFS) is disabled
b07caa14-a064-40a4-9d87-b31e7e406fe0,IKEv2,Main,ChaCha20-Poly1305,256,SHA384,21,ECDSA-Sig,Transport,True,3600,4,Low,None
c3a0eaa8-b027-4eda-b986-59a16d02be1b,IKEv2,Main,3DES,112,SHA256,21,PSK,Transport,True,3600,39,Strong,Weak encryption 3DES
955d3b8c-fb9c-4448-97ee-7970352a6dc7,IKEv1,Quick,3DES,112,MD5,31,RSA-Sig,Transport,False,28800,100,Critical,Legacy IKEv1 used; Weak encryption 3DES; Weak hash MD5; Perfect Forward Secrecy (PFS) is disabled
8eafc44b-abc7-4eff-9b0a-4742974514da,IKEv2,Main,AES-256-CBC,256,SHA256,20,RSA-Sig,Tunnel,True,3600,0,Low,None
fb0808c4-3fa3-4069-8683-c1aee0714c42,IKEv2,Main,AES-128-CBC,128,SHA1,21,ECDSA-Sig,Transport,False,28800,54,Moderate,Weak hash SHA1; Perfect Forward Secrecy (PFS) is disabled
24ca72ab-6818-418a-accb-ba4e6b5707fc,IKEv2,Main,AES-256-CBC,256,SHA384,31,RSA-Sig,Transport,True,28800,1,Low,None
3922dad0-426b-42d6-8df3-a5233142df6a,IKEv1,Quick,DES,56,SHA256,2,RSA-Sig,Tunnel,True,28800,94,Critical,Legacy IKEv1 used; Weak encryption DES; Weak DH group 2
ace5ddc3-fe5d-4051-98c2-98eac6917eb2,IKEv1,Aggressive,DES,56,SHA256,2,ECDSA-Sig,Tunnel,False,3600,100,Critical,Legacy IKEv1 used; IKEv1 Aggressive mode vulnerable to offline dictionary attacks; Weak encryption DES; Weak DH group 2; Perfect Forward Secrecy (PFS) is disabled
554a6e6c-817c-4433-94d1-bada4ed74978,IKEv2,Main,ChaCha20-Poly1305,256,SHA256,20,ECDSA-Sig,Transport,False,86400,15,Low,Perfect Forward Secrecy (PFS) is disabled
a4c4e5e4-fc46-4a0a-9890-9ef214618ca5,IKEv2,Main,DES,56,SHA384,19,PSK,Transport,False,28800,62,Weak,Weak encryption DES; Perfect Forward Secrecy (PFS) is disabled
d85a26c3-fb46-4474-b16c-0b4d9358ebe4,IKEv2,Main,ChaCha20-Poly1305,256,SHA512,31,ECDSA-Sig,Tunnel,True,86400,5,Low,None
acec7852-d9ae-4749-aa12-670c27e94837,IKEv1,Main,3DES,112,MD5,31,ECDSA-Sig,Tunnel,False,28800,100,Critical,Legacy IKEv1 used; Weak encryption 3DES; Weak hash MD5; Perfect Forward Secrecy (PFS) is disabled
f78fc44f-514e-47ad-9824-a82a832c21ed,IKEv2,Main,AES-256-CBC,256,SHA256,31,ECDSA-Sig,Transport,False,3600,19,Low,Perfect Forward Secrecy (PFS) is disabled
ac8c22b9-3bb0-45f5-9500-ca8c65b8b0fe,IKEv1,Main,AES-256-CBC,256,SHA1,20,PSK,Tunnel,True,3600,55,Moderate,Legacy IKEv1 used; Weak hash SHA1
039e571d-79e7-44b4-9977-726ba7bcc7b2,IKEv1,Quick,3DES,112,SHA256,21,PSK,Tunnel,False,3600,79,Weak,Legacy IKEv1 used; Weak encryption 3DES; Perfect Forward Secrecy (PFS) is disabled
1d0b28f2-dc3d-421e-abd1-4163f3637708,IKEv2,Main,DES,56,MD5,21,ECDSA-Sig,Transport,False,3600,92,Critical,Weak encryption DES; Weak hash MD5; Perfect Forward Secrecy (PFS) is disabled
f39cd7d5-d244-4fd8-b3f1-200fdda27741,IKEv1,Main,DES,56,SHA384,1,RSA-Sig,Tunnel,True,3600,88,Critical,Legacy IKEv1 used; Weak encryption DES; Weak DH group 1
d81043c3-97b1-415b-bec3-515a3104051c,IKEv1,Main,3DES,112,SHA1,21,ECDSA-Sig,Transport,False,86400,100,Critical,Legacy IKEv1 used; Weak encryption 3DES; Weak hash SHA1; Perfect Forward Secrecy (PFS) is disabled
7d229187-c9e7-4c12-a561-35aac03fd629,IKEv2,Main,3DES,112,MD5,31,RSA-Sig,Transport,True,3600,71,Weak,Weak encryption 3DES; Weak hash MD5
a137e5a8-2d8b-4c03-8f5b-b19dcefe8ce8,IKEv1,Quick,DES,56,SHA384,21,RSA-Sig,Transport,True,3600,59,Moderate,Legacy IKEv1 used; Weak encryption DES
dbf51bf1-b987-4051-95ee-847c62e46f86,IKEv2,Main,AES-128-CBC,128,SHA512,19,PSK,Tunnel,True,3600,2,Low,None
5185ead7-94f3-4866-b3a9-bf1402f7d697,IKEv1,Main,3DES,112,SHA384,5,RSA-Sig,Tunnel,True,86400,86,Critical,Legacy IKEv1 used; Weak encryption 3DES; Weak DH group 5
e7f6b99d-8c15-40a5-9d24-b2175ae28b82,IKEv2,Main,3DES,112,MD5,14,ECDSA-Sig,Transport,False,3600,85,Critical,Weak encryption 3DES; Weak hash MD5; Perfect Forward Secrecy (PFS) is disabled
2c71eeba-099d-4130-ad7c-71d2ecb5bf53,IKEv1,Main,AES-256-CBC,256,SHA384,14,PSK,Transport,True,86400,17,Low,Legacy IKEv1 used
bbc9ea1a-0406-4628-bfda-41c93c84279e,IKEv1,Aggressive,AES-256-CBC,256,MD5,21,PSK,Transport,True,3600,100,Critical,Legacy IKEv1 used; IKEv1 Aggressive mode vulnerable to offline dictionary attacks; Weak hash MD5; PSK with Aggressive Mode is highly risky
8e368ca2-ccf8-4993-861e-7454c6f06ced,IKEv1,Aggressive,3DES,112,SHA512,1,ECDSA-Sig,Tunnel,True,86400,100,Critical,Legacy IKEv1 used; IKEv1 Aggressive mode vulnerable to offline dictionary attacks; Weak encryption 3DES; Weak DH group 1
0d81af6a-cfc7-4c37-b830-bd9ddef6ced0,IKEv1,Quick,AES-256-CBC,256,SHA256,5,RSA-Sig,Tunnel,True,86400,52,Moderate,Legacy IKEv1 used; Weak DH group 5
41354c91-fc06-47c2-84aa-e53581c2c30c,IKEv1,Quick,AES-256-CBC,256,SHA384,20,ECDSA-Sig,Transport,False,3600,42,Moderate,Legacy IKEv1 used; Perfect Forward Secrecy (PFS) is disabled
3f7b3330-db98-42dc-a2f8-31d10a0a67d9,IKEv1,Quick,3DES,112,MD5,1,RSA-Sig,Tunnel,True,3600,100,Critical,Legacy IKEv1 used; Weak encryption 3DES; Weak hash MD5; Weak DH group 1
956773c6-72dc-4002-a858-b1f3b52bd613,IKEv2,Main,AES-256-GCM,256,MD5,31,PSK,Transport,True,28800,30,Strong,Weak hash MD5
7697757d-91ab-4b44-90b2-4bfb8f4fc535,IKEv2,Main,AES-256-GCM,256,SHA384,1,ECDSA-Sig,Transport,False,86400,54,Moderate,Weak DH group 1; Perfect Forward Secrecy (PFS) is disabled
51e30eac-5296-4e6d-8eeb-a299f0c9770e,IKEv2,Main,3DES,112,SHA512,14,PSK,Transport,True,86400,37,Strong,Weak encryption 3DES
96b7b97a-985b-408d-a89d-fe20faa6e7c9,IKEv2,Main,AES-256-CBC,256,SHA1,20,RSA-Sig,Tunnel,False,28800,50,Moderate,Weak hash SHA1; Perfect Forward Secrecy (PFS) is disabled
7866bbf7-ff5a-43be-95a9-2734e0f14998,IKEv2,Main,AES-256-GCM,256,MD5,21,PSK,Transport,False,3600,50,Moderate,Weak hash MD5; Perfect Forward Secrecy (PFS) is disabled
eb66bc4b-3ada-4227-ae4d-608b6c413844,IKEv2,Main,AES-256-GCM,256,SHA1,14,RSA-Sig,Transport,True,28800,30,Strong,Weak hash SHA1
cd7a4aa8-5ec4-49cc-bed9-254f5fc5f99f,IKEv1,Main,3DES,112,SHA256,14,RSA-Sig,Tunnel,True,28800,61,Weak,Legacy IKEv1 used; Weak encryption 3DES
c0ef5f96-1e3a-4409-bf63-6d253a14e0ad,IKEv2,Main,AES-128-CBC,128,SHA512,21,ECDSA-Sig,Tunnel,True,86400,0,Low,None
440870cc-4ffc-4f6e-a145-bfb024ee9ca1,IKEv2,Main,ChaCha20-Poly1305,256,SHA1,20,PSK,Tunnel,True,86400,30,Strong,Weak hash SHA1
e111e1f3-06ed-44fd-afa1-921aa9e2b404,IKEv2,Main,AES-128-CBC,128,SHA512,19,ECDSA-Sig,Transport,True,86400,3,Low,None
f7369fbd-45a3-47bd-831c-43d0bd44dce0,IKEv2,Main,DES,56,MD5,5,ECDSA-Sig,Transport,False,86400,100,Critical,Weak encryption DES; Weak hash MD5; Weak DH group 5; Perfect Forward Secrecy (PFS) is disabled
a966811d-f994-4356-a3a4-3aae4ccf7e32,IKEv2,Main,ChaCha20-Poly1305,256,SHA1,31,RSA-Sig,Transport,False,86400,46,Moderate,Weak hash SHA1; Perfect Forward Secrecy (PFS) is disabled
8b59215c-283f-4a21-b17e-a23605c1753c,IKEv1,Quick,3DES,112,SHA256,2,PSK,Tunnel,True,28800,90,Critical,Legacy IKEv1 used; Weak encryption 3DES; Weak DH group 2
dec4dba4-e15b-4465-9db7-9b439ff9aebd,IKEv2,Main,AES-256-CBC,256,SHA1,2,RSA-Sig,Transport,True,28800,58,Moderate,Weak hash SHA1; Weak DH group 2
3adbde95-b376-4673-8de4-078bf4670f0f,IKEv1,Main,AES-256-GCM,256,SHA384,21,ECDSA-Sig,Tunnel,False,86400,42,Moderate,Legacy IKEv1 used; Perfect Forward Secrecy (PFS) is disabled
db2149c3-4616-4e6f-a315-451434e7e104,IKEv2,Main,AES-256-GCM,256,SHA1,20,ECDSA-Sig,Transport,True,86400,26,Strong,Weak hash SHA1
421d8978-c7ea-43aa-84a6-40bfa5ebc41f,IKEv2,Main,AES-256-GCM,256,SHA256,2,ECDSA-Sig,Transport,True,3600,29,Strong,Weak DH group 2
a084d816-9db8-483d-9171-68acbeed2cc7,IKEv1,Quick,AES-128-CBC,128,SHA512,31,RSA-Sig,Tunnel,True,86400,22,Strong,Legacy IKEv1 used
e7339e61-be86-4e5b-92f6-9de2785de025,IKEv2,Main,ChaCha20-Poly1305,256,SHA512,21,RSA-Sig,Tunnel,True,3600,0,Low,None
fa023e5f-333a-4ee0-886f-8b1697edf422,IKEv1,Main,3DES,112,SHA384,21,ECDSA-Sig,Transport,True,86400,57,Moderate,Legacy IKEv1 used; Weak encryption 3DES
d483c95e-50a8-4f38-bf7c-56d962493fd5,IKEv1,Main,AES-256-CBC,256,SHA512,1,PSK,Transport,True,28800,46,Moderate,Legacy IKEv1 used; Weak DH group 1
f16f0481-5dab-408c-abd3-af32c0147ce0,IKEv1,Main,AES-256-GCM,256,SHA512,31,ECDSA-Sig,Tunnel,True,3600,15,Low,Legacy IKEv1 used
ae142878-1aae-49d1-b93b-b656b33da794,IKEv1,Main,ChaCha20-Poly1305,256,SHA384,31,RSA-Sig,Transport,False,3600,39,Strong,Legacy IKEv1 used; Perfect Forward Secrecy (PFS) is disabled
2e46b25f-5bc2-4c2d-a152-a7096ed690c3,IKEv2,Main,AES-256-GCM,256,MD5,19,ECDSA-Sig,Transport,True,3600,31,Strong,Weak hash MD5
55d48602-0d4e-4af5-a1b7-ea0942eaa3fb,IKEv2,Main,AES-256-GCM,256,SHA384,21,RSA-Sig,Transport,False,86400,24,Strong,Perfect Forward Secrecy (PFS) is disabled
f0c3ab48-68f0-431d-96ac-c63506c1734e,IKEv2,Main,AES-256-GCM,256,SHA256,5,RSA-Sig,Tunnel,False,28800,51,Moderate,Weak DH group 5; Perfect Forward Secrecy (PFS) is disabled
c3950cdc-7e18-4916-82e8-14c0b8b5834e,IKEv1,Main,DES,56,SHA256,5,RSA-Sig,Transport,False,28800,100,Critical,Legacy IKEv1 used; Weak encryption DES; Weak DH group 5; Perfect Forward Secrecy (PFS) is disabled
f77c90c8-7d0a-4e45-b942-b8dba7dc3e8e,IKEv1,Main,ChaCha20-Poly1305,256,MD5,5,PSK,Transport,False,86400,97,Critical,Legacy IKEv1 used; Weak hash MD5; Weak DH group 5; Perfect Forward Secrecy (PFS) is disabled
b332becf-03de-4777-8163-6bf8a7728425,IKEv2,Main,AES-256-GCM,256,MD5,5,PSK,Tunnel,True,86400,60,Weak,Weak hash MD5; Weak DH group 5
9c5526e7-11ea-4eac-9b20-cf610c246d9b,IKEv1,Quick,AES-256-GCM,256,MD5,21,RSA-Sig,Tunnel,True,3600,54,Moderate,Legacy IKEv1 used; Weak hash MD5
72df5046-0087-48c3-b01a-1416b96e5822,IKEv1,Quick,AES-256-GCM,256,SHA256,19,ECDSA-Sig,Transport,True,3600,20,Strong,Legacy IKEv1 used
3cdf25f7-6a0b-42e1-a2fd-3fac3322d468,IKEv1,Aggressive,3DES,112,SHA1,1,ECDSA-Sig,Transport,False,86400,100,Critical,Legacy IKEv1 used; IKEv1 Aggressive mode vulnerable to offline dictionary attacks; Weak encryption 3DES; Weak hash SHA1; Weak DH group 1; Perfect Forward Secrecy (PFS) is disabled
83d4dee2-3d09-4cb8-86e7-bbbcb34e789f,IKEv2,Main,DES,56,SHA256,31,ECDSA-Sig,Transport,False,28800,57,Moderate,Weak encryption DES; Perfect Forward Secrecy (PFS) is disabled
f4dafd00-c47d-4b64-9cf6-ce240b24bb36,IKEv2,Main,AES-128-CBC,128,MD5,1,PSK,Transport,False,28800,82,Critical,Weak hash MD5; Weak DH group 1; Perfect Forward Secrecy (PFS) is disabled
f88e5862-c5f1-4e76-915a-0451ef98f64f,IKEv2,Main,AES-128-CBC,128,SHA256,31,RSA-Sig,Transport,False,3600,23,Strong,Perfect Forward Secrecy (PFS) is disabled
668716fd-c63b-4524-ae9e-2e602a3b680b,IKEv2,Main,DES,56,SHA512,31,RSA-Sig,Tunnel,False,3600,62,Weak,Weak encryption DES; Perfect Forward Secrecy (PFS) is disabled
1a92d019-49b9-493e-b876-6301eb2684d1,IKEv1,Main,AES-256-CBC,256,SHA384,20,RSA-Sig,Tunnel,False,86400,42,Moderate,Legacy IKEv1 used; Perfect Forward Secrecy (PFS) is disabled
9f474070-af9e-4b05-9689-7c35b6e62685,IKEv2,Main,AES-256-CBC,256,MD5,20,PSK,Tunnel,True,3600,29,Strong,Weak hash MD5
1912691e-8fbf-42d4-a52c-e2c41db71e5a,IKEv2,Main,3DES,112,SHA256,31,PSK,Transport,False,86400,62,Weak,Weak encryption 3DES; Perfect Forward Secrecy (PFS) is disabled
ed3a0a91-9407-4e9b-bdfc-ab174ec1818c,IKEv2,Main,ChaCha20-Poly1305,256,SHA1,21,PSK,Tunnel,False,86400,45,Moderate,Weak hash SHA1; Perfect Forward Secrecy (PFS) is disabled
055545f8-fec2-4617-b19f-7b2c6d5ab4d2,IKEv2,Main,DES,56,SHA1,2,RSA-Sig,Transport,False,3600,100,Critical,Weak encryption DES; Weak hash SHA1; Weak DH group 2; Perfect Forward Secrecy (PFS) is disabled
d6e92e34-2897-4637-bd72-968b7c54c31d,IKEv1,Main,AES-256-GCM,256,SHA1,2,PSK,Transport,False,28800,100,Critical,Legacy IKEv1 used; Weak hash SHA1; Weak DH group 2; Perfect Forward Secrecy (PFS) is disabled
83b1f9ea-94f4-4aa0-bf35-bb9f73f59080,IKEv2,Main,DES,56,SHA512,1,ECDSA-Sig,Transport,True,86400,73,Weak,Weak encryption DES; Weak DH group 1
70071973-8b3b-4705-bb02-45a68381f7ea,IKEv2,Main,3DES,112,SHA384,2,ECDSA-Sig,Tunnel,False,86400,92,Critical,Weak encryption 3DES; Weak DH group 2; Perfect Forward Secrecy (PFS) is disabled
d6725ae7-02c4-4081-9f8f-8ca7948fe23e,IKEv2,Main,AES-128-CBC,128,SHA512,20,RSA-Sig,Tunnel,True,3600,0,Low,None
ed9e62d0-db34-4ede-ba77-f3b7875ff02e,IKEv1,Main,AES-256-GCM,256,SHA1,31,ECDSA-Sig,Transport,True,3600,48,Moderate,Legacy IKEv1 used; Weak hash SHA1
16e6f256-ee53-4236-a6d7-da5e7311e4b2,IKEv2,Main,3DES,112,SHA384,5,RSA-Sig,Transport,False,3600,94,Critical,Weak encryption 3DES; Weak DH group 5; Perfect Forward Secrecy (PFS) is disabled
59d39b05-5e2a-47c7-a39b-0af661fdf658,IKEv1,Aggressive,AES-256-GCM,256,SHA256,31,ECDSA-Sig,Tunnel,True,3600,50,Moderate,Legacy IKEv1 used; IKEv1 Aggressive mode vulnerable to offline dictionary attacks
30f412ac-91f3-4822-8c4b-46b81ba56d14,IKEv1,Main,AES-256-CBC,256,SHA256,20,ECDSA-Sig,Transport,True,86400,15,Low,Legacy IKEv1 used
35d6a59d-cc74-41cc-8604-91cff07f3482,IKEv1,Aggressive,ChaCha20-Poly1305,256,SHA384,1,PSK,Transport,False,3600,100,Critical,Legacy IKEv1 used; IKEv1 Aggressive mode vulnerable to offline dictionary attacks; Weak DH group 1; PSK with Aggressive Mode is highly risky; Perfect Forward Secrecy (PFS) is disabled
f774144b-907e-4d4d-b666-583e54303df0,IKEv1,Main,AES-256-CBC,256,SHA1,14,ECDSA-Sig,Tunnel,True,86400,49,Moderate,Legacy IKEv1 used; Weak hash SHA1
2c39a383-6c87-40a3-bdd5-04b8578d73dd,IKEv2,Main,DES,56,SHA1,20,RSA-Sig,Tunnel,False,86400,92,Critical,Weak encryption DES; Weak hash SHA1; Perfect Forward Secrecy (PFS) is disabled
3dd6f417-d0d4-4acf-bf8d-94d29623fa75,IKEv1,Quick,AES-128-CBC,128,SHA384,20,RSA-Sig,Tunnel,False,86400,44,Moderate,Legacy IKEv1 used; Perfect Forward Secrecy (PFS) is disabled
88fa03fe-f0a1-45ab-b267-1e1de4325c79,IKEv2,Main,AES-256-GCM,256,SHA1,20,PSK,Tunnel,True,3600,35,Strong,Weak hash SHA1
6eab5a08-668a-4e8e-998b-d8d810fea141,IKEv2,Main,3DES,112,SHA384,1,PSK,Tunnel,True,3600,75,Weak,Weak encryption 3DES; Weak DH group 1
a1af62f1-b9c5-4643-97bb-16aa37e243ad,IKEv2,Main,AES-128-CBC,128,SHA512,5,RSA-Sig,Transport,True,28800,32,Strong,Weak DH group 5
c1685a8a-1106-4ba0-bca4-676ad1c57f35,IKEv2,Main,AES-128-CBC,128,SHA256,21,ECDSA-Sig,Transport,True,86400,0,Low,None
50093340-0452-4ded-9a16-0d58a6b4b526,IKEv2,Main,AES-128-CBC,128,SHA1,21,PSK,Tunnel,True,86400,33,Strong,Weak hash SHA1
97f44fb8-7d83-4e54-ac2d-3fdc5cda1d4a,IKEv1,Quick,ChaCha20-Poly1305,256,SHA512,1,RSA-Sig,Tunnel,True,28800,45,Moderate,Legacy IKEv1 used; Weak DH group 1
30c28b86-f393-42d0-9a42-66f8545d0b35,IKEv1,Aggressive,ChaCha20-Poly1305,256,SHA384,1,ECDSA-Sig,Tunnel,True,86400,76,Weak,Legacy IKEv1 used; IKEv1 Aggressive mode vulnerable to offline dictionary attacks; Weak DH group 1
3b4c2bf3-a37c-439b-9823-f9356f0ccf12,IKEv2,Main,AES-128-CBC,128,SHA512,19,PSK,Tunnel,False,28800,21,Strong,Perfect Forward Secrecy (PFS) is disabled
0003a90b-f85b-49b2-aab3-ac5409fe16d0,IKEv2,Main,3DES,112,MD5,19,ECDSA-Sig,Tunnel,True,3600,67,Weak,Weak encryption 3DES; Weak hash MD5
8cf14c9f-7673-481a-9077-ee01fc2879cd,IKEv2,Main,AES-256-CBC,256,SHA384,31,ECDSA-Sig,Transport,False,3600,19,Low,Perfect Forward Secrecy (PFS) is disabled
94eb5d58-9b36-4cb3-a4df-15f3db853122,IKEv2,Main,3DES,112,SHA256,21,PSK,Tunnel,True,3600,40,Moderate,Weak encryption 3DES
36dfac79-ad43-4783-b276-c2ace5c8e2dc,IKEv2,Main,ChaCha20-Poly1305,256,SHA256,19,RSA-Sig,Transport,False,28800,21,Strong,Perfect Forward Secrecy (PFS) is disabled
395835cb-11ec-48d6-a6a3-abc02e2b0489,IKEv2,Main,AES-256-GCM,256,SHA1,20,ECDSA-Sig,Tunnel,False,86400,50,Moderate,Weak hash SHA1; Perfect Forward Secrecy (PFS) is disabled
a2d227b3-0592-4465-bec9-14636ca08892,IKEv1,Main,DES,56,MD5,5,ECDSA-Sig,Transport,True,86400,100,Critical,Legacy IKEv1 used; Weak encryption DES; Weak hash MD5; Weak DH group 5
6fadd667-01ba-4b2c-91ef-6772e8315e73,IKEv2,Main,3DES,112,SHA512,1,RSA-Sig,Tunnel,False,3600,91,Critical,Weak encryption 3DES; Weak DH group 1; Perfect Forward Secrecy (PFS) is disabled
4a983c1b-a9f4-498a-8ad3-849c9b638653,IKEv2,Main,AES-256-GCM,256,SHA256,20,PSK,Tunnel,True,86400,0,Low,None
692752c8-ed19-4b81-a978-39feace49167,IKEv2,Main,AES-128-CBC,128,SHA1,1,PSK,Transport,True,3600,64,Weak,Weak hash SHA1; Weak DH group 1
fc0c1dbe-1ba6-4acd-97d9-08133a18047b,IKEv2,Main,3DES,112,SHA256,31,PSK,Transport,True,28800,43,Moderate,Weak encryption 3DES
a4ffc28b-d794-457e-9420-7eddf6ed3691,IKEv2,Main,AES-256-GCM,256,SHA512,2,ECDSA-Sig,Tunnel,False,3600,48,Moderate,Weak DH group 2; Perfect Forward Secrecy (PFS) is disabled
f2dfc63c-f32f-4724-80ee-7f2925890b6f,IKEv2,Main,AES-128-CBC,128,SHA384,21,PSK,Transport,True,3600,0,Low,None
12971544-6407-4660-a26c-75ed417d0075,IKEv1,Aggressive,ChaCha20-Poly1305,256,MD5,20,PSK,Tunnel,False,28800,100,Critical,Legacy IKEv1 used; IKEv1 Aggressive mode vulnerable to offline dictionary attacks; Weak hash MD5; PSK with Aggressive Mode is highly risky; Perfect Forward Secrecy (PFS) is disabled
7a65ea8c-5966-4a6c-9e6d-3e1ef281475c,IKEv2,Main,3DES,112,SHA384,20,ECDSA-Sig,Transport,True,3600,39,Strong,Weak encryption 3DES
45bd34c0-1d9a-45d7-a86d-2e13725e196f,IKEv1,Main,AES-256-CBC,256,SHA384,5,ECDSA-Sig,Transport,False,86400,66,Weak,Legacy IKEv1 used; Weak DH group 5; Perfect Forward Secrecy (PFS) is disabled
a855aa18-2449-4276-8129-0d32b91043dc,IKEv1,Aggressive,3DES,112,MD5,21,ECDSA-Sig,Tunnel,False,86400,100,Critical,Legacy IKEv1 used; IKEv1 Aggressive mode vulnerable to offline dictionary attacks; Weak encryption 3DES; Weak hash MD5; Perfect Forward Secrecy (PFS) is disabled
67165c84-f0f2-4954-a17f-a78b23747788,IKEv2,Main,DES,56,SHA512,1,ECDSA-Sig,Tunnel,True,28800,73,Weak,Weak encryption DES; Weak DH group 1
dfe94aa5-d4d4-4967-a2a3-41fc0956be21,IKEv2,Main,ChaCha20-Poly1305,256,MD5,5,ECDSA-Sig,Tunnel,False,3600,82,Critical,Weak hash MD5; Weak DH group 5; Perfect Forward Secrecy (PFS) is disabled
f2debd89-15f7-4436-882b-5fa89ecc46a1,IKEv2,Main,ChaCha20-Poly1305,256,SHA256,20,ECDSA-Sig,Tunnel,True,28800,3,Low,None
358674b5-23dd-4675-bf59-78315375dc6d,IKEv2,Main,AES-256-GCM,256,SHA512,2,ECDSA-Sig,Tunnel,False,3600,49,Moderate,Weak DH group 2; Perfect Forward Secrecy (PFS) is disabled
767c98a8-1f22-4708-895b-5a4ebc04f97f,IKEv2,Main,AES-256-GCM,256,SHA256,21,ECDSA-Sig,Tunnel,False,86400,24,Strong,Perfect Forward Secrecy (PFS) is disabled
81c63c8e-2e41-41d3-bea4-89dae91bf4b4,IKEv2,Main,DES,56,MD5,2,ECDSA-Sig,Tunnel,True,3600,100,Critical,Weak encryption DES; Weak hash MD5; Weak DH group 2
029a72eb-b67b-4ff8-b136-4b8db2b34bec,IKEv2,Main,DES,56,SHA1,2,RSA-Sig,Transport,True,86400,100,Critical,Weak encryption DES; Weak hash SHA1; Weak DH group 2
c6052446-12b5-4202-80e1-60f91ca4d565,IKEv2,Main,3DES,112,MD5,2,ECDSA-Sig,Transport,True,86400,96,Critical,Weak encryption 3DES; Weak hash MD5; Weak DH group 2
f51d18c6-728f-446b-9795-1140725285f5,IKEv2,Main,ChaCha20-Poly1305,256,SHA256,1,ECDSA-Sig,Tunnel,False,28800,47,Moderate,Weak DH group 1; Perfect Forward Secrecy (PFS) is disabled
f37110a3-3d5d-4787-b835-bcb3dbfc3448,IKEv1,Aggressive,AES-256-CBC,256,SHA256,2,RSA-Sig,Tunnel,False,86400,96,Critical,Legacy IKEv1 used; IKEv1 Aggressive mode vulnerable to offline dictionary attacks; Weak DH group 2; Perfect Forward Secrecy (PFS) is disabled
9279957b-d59b-44f3-b073-6b51fe146a5a,IKEv2,Main,3DES,112,SHA512,19,ECDSA-Sig,Tunnel,False,86400,61,Weak,Weak encryption 3DES; Perfect Forward Secrecy (PFS) is disabled
d0191594-9a62-4420-8d16-419ee5e9bb01,IKEv1,Main,AES-256-CBC,256,SHA512,1,RSA-Sig,Tunnel,False,28800,70,Weak,Legacy IKEv1 used; Weak DH group 1; Perfect Forward Secrecy (PFS) is disabled
68780600-550c-497a-8fb9-4fc45f927a4d,IKEv2,Main,AES-256-CBC,256,MD5,2,RSA-Sig,Tunnel,False,28800,80,Critical,Weak hash MD5; Weak DH group 2; Perfect Forward Secrecy (PFS) is disabled
0fd25bd2-0b8c-426f-b750-91ecf0802901,IKEv2,Main,AES-256-CBC,256,SHA256,5,RSA-Sig,Transport,True,3600,33,Strong,Weak DH group 5
ede8b061-767c-46b1-8847-12d916b2c7df,IKEv2,Main,ChaCha20-Poly1305,256,SHA512,20,PSK,Transport,False,86400,20,Strong,Perfect Forward Secrecy (PFS) is disabled
f42b31a6-4c6e-4ae2-8fd9-83cf3c548b45,IKEv2,Main,ChaCha20-Poly1305,256,SHA256,31,ECDSA-Sig,Tunnel,False,3600,17,Low,Perfect Forward Secrecy (PFS) is disabled
fda64393-c7d8-45be-b987-fc3c239fe6e4,IKEv2,Main,AES-256-CBC,256,SHA1,5,RSA-Sig,Transport,True,3600,58,Moderate,Weak hash SHA1; Weak DH group 5
7fdc5388-87ed-479b-82cf-96dc1575a4fe,IKEv1,Aggressive,AES-256-GCM,256,SHA384,1,ECDSA-Sig,Transport,True,3600,84,Critical,Legacy IKEv1 used; IKEv1 Aggressive mode vulnerable to offline dictionary attacks; Weak DH group 1
6fb55ab4-671b-40af-8e53-fbd9ee2dfe75,IKEv2,Main,AES-256-CBC,256,MD5,5,PSK,Transport,False,3600,83,Critical,Weak hash MD5; Weak DH group 5; Perfect Forward Secrecy (PFS) is disabled
8fd671e2-bf3c-4064-a8ec-fdfbff5f0000,IKEv2,Main,AES-128-CBC,128,SHA512,14,RSA-Sig,Transport,False,3600,21,Strong,Perfect Forward Secrecy (PFS) is disabled
599a8ba4-b46b-4a93-a366-4f362d815bed,IKEv2,Main,DES,56,SHA256,21,RSA-Sig,Tunnel,False,3600,63,Weak,Weak encryption DES; Perfect Forward Secrecy (PFS) is disabled
9fabc0cd-33c1-4e6c-a758-3be05a46fda4,IKEv2,Main,AES-256-CBC,256,MD5,21,PSK,Transport,False,3600,45,Moderate,Weak hash MD5; Perfect Forward Secrecy (PFS) is disabled
ab21bd69-a615-488d-a708-f8b33a37e153,IKEv1,Aggressive,3DES,112,SHA256,20,PSK,Tunnel,True,3600,100,Critical,Legacy IKEv1 used; IKEv1 Aggressive mode vulnerable to offline dictionary attacks; Weak encryption 3DES; PSK with Aggressive Mode is highly risky
aa9aa922-d2d9-47eb-baeb-5fc69c9921c4,IKEv2,Main,ChaCha20-Poly1305,256,SHA512,20,PSK,Tunnel,False,28800,15,Low,Perfect Forward Secrecy (PFS) is disabled
5ca31663-8fe7-403a-ab9e-200af2a3d8b5,IKEv1,Main,DES,56,SHA384,5,PSK,Transport,True,28800,87,Critical,Legacy IKEv1 used; Weak encryption DES; Weak DH group 5
44b675da-110e-4b53-855c-0d6184a3b891,IKEv1,Quick,ChaCha20-Poly1305,256,SHA256,31,RSA-Sig,Tunnel,True,28800,20,Strong,Legacy IKEv1 used
edb8fe77-fa81-4759-9fdb-2df755c839f1,IKEv2,Main,3DES,112,MD5,1,ECDSA-Sig,Transport,False,86400,100,Critical,Weak encryption 3DES; Weak hash MD5; Weak DH group 1; Perfect Forward Secrecy (PFS) is disabled
1c411448-8b65-4923-b21e-4041726c7c8f,IKEv2,Main,AES-128-CBC,128,SHA256,1,PSK,Transport,True,28800,33,Strong,Weak DH group 1
0fe31e02-3f67-46f0-8f89-998828c76feb,IKEv2,Main,AES-256-GCM,256,SHA1,31,PSK,Tunnel,False,28800,52,Moderate,Weak hash SHA1; Perfect Forward Secrecy (PFS) is disabled
febb1dea-0c0d-4c53-a648-7a6e2d862018,IKEv2,Main,AES-256-CBC,256,SHA1,31,RSA-Sig,Transport,False,28800,47,Moderate,Weak hash SHA1; Perfect Forward Secrecy (PFS) is disabled
e56f28ff-c5d5-40ad-a04f-14dbecfb49ef,IKEv2,Main,AES-128-CBC,128,MD5,2,PSK,Tunnel,False,3600,84,Critical,Weak hash MD5; Weak DH group 2; Perfect Forward Secrecy (PFS) is disabled
78af3d51-8177-45aa-beb3-01ba166fa347,IKEv2,Main,ChaCha20-Poly1305,256,SHA512,14,PSK,Tunnel,True,28800,3,Low,None
05e09f57-144e-4d32-8c65-208fd9eb92b3,IKEv2,Main,ChaCha20-Poly1305,256,SHA384,31,PSK,Transport,True,28800,0,Low,None
29650673-eb8e-4963-9973-2d517709cfb7,IKEv2,Main,ChaCha20-Poly1305,256,SHA384,2,ECDSA-Sig,Transport,True,28800,30,Strong,Weak DH group 2
275717bf-864d-4180-865a-8450cfee9506,IKEv1,Aggressive,DES,56,SHA1,19,PSK,Transport,False,86400,100,Critical,Legacy IKEv1 used; IKEv1 Aggressive mode vulnerable to offline dictionary attacks; Weak encryption DES; Weak hash SHA1; PSK with Aggressive Mode is highly risky; Perfect Forward Secrecy (PFS) is disabled
75d8b9d7-3a63-48ac-ab4c-1f0a34fe1a6d,IKEv1,Quick,DES,56,SHA256,31,PSK,Transport,False,86400,80,Critical,Legacy IKEv1 used; Weak encryption DES; Perfect Forward Secrecy (PFS) is disabled
3a274d3a-d006-4ce7-bd6e-480ee88a59fc,IKEv2,Main,AES-128-CBC,128,SHA384,1,RSA-Sig,Transport,False,3600,47,Moderate,Weak DH group 1; Perfect Forward Secrecy (PFS) is disabled
7c32986b-d054-495b-b57b-a066a540fd21,IKEv2,Main,DES,56,MD5,2,RSA-Sig,Transport,False,28800,100,Critical,Weak encryption DES; Weak hash MD5; Weak DH group 2; Perfect Forward Secrecy (PFS) is disabled
f08bde74-94b9-4e21-baca-f7ddb87e1c00,IKEv1,Main,AES-128-CBC,128,SHA256,20,RSA-Sig,Transport,True,86400,24,Strong,Legacy IKEv1 used
811c6029-a62c-411e-8394-186e095af9d7,IKEv2,Main,AES-128-CBC,128,SHA384,19,PSK,Transport,False,28800,19,Low,Perfect Forward Secrecy (PFS) is disabled
a08b6ae6-e9c4-4950-9557-386c300410b4,IKEv1,Main,3DES,112,SHA512,2,ECDSA-Sig,Tunnel,False,86400,100,Critical,Legacy IKEv1 used; Weak encryption 3DES; Weak DH group 2; Perfect Forward Secrecy (PFS) is disabled
3162ba7d-3c12-474e-adb3-c8e8addc54ba,IKEv2,Main,AES-256-GCM,256,SHA512,1,PSK,Tunnel,False,28800,50,Moderate,Weak DH group 1; Perfect Forward Secrecy (PFS) is disabled
c68677d0-8ebe-4574-a843-57169cd8f8d0,IKEv2,Main,AES-256-CBC,256,SHA512,21,ECDSA-Sig,Transport,False,28800,23,Strong,Perfect Forward Secrecy (PFS) is disabled
9a7bb450-0daf-4e32-8330-7659c8b3c083,IKEv2,Main,AES-256-CBC,256,SHA384,2,ECDSA-Sig,Transport,False,28800,53,Moderate,Weak DH group 2; Perfect Forward Secrecy (PFS) is disabled
8a90a22d-10e9-4cfb-a3b0-6207ed715f0c,IKEv2,Main,AES-256-GCM,256,SHA256,20,ECDSA-Sig,Transport,True,28800,3,Low,None
78403b53-071c-4f9f-81b3-86229c0e759f,IKEv2,Main,AES-256-CBC,256,SHA384,19,ECDSA-Sig,Transport,True,3600,2,Low,None
8bfd9d70-ed7b-4b4f-aa41-8edf505f324b,IKEv1,Aggressive,DES,56,SHA512,31,PSK,Tunnel,True,28800,100,Critical,Legacy IKEv1 used; IKEv1 Aggressive mode vulnerable to offline dictionary attacks; Weak encryption DES; PSK with Aggressive Mode is highly risky
e7623947-4baf-434e-ac4c-253bb72ba12c,IKEv2,Main,ChaCha20-Poly1305,256,SHA512,21,PSK,Transport,True,28800,0,Low,None
c00c502b-c5d6-4261-840a-65b9a81b1a8a,IKEv2,Main,ChaCha20-Poly1305,256,SHA256,5,ECDSA-Sig,Tunnel,True,3600,32,Strong,Weak DH group 5
9fa0f10f-b623-4b60-80e9-63aff413ea46,IKEv1,Main,3DES,112,SHA256,20,PSK,Transport,False,3600,75,Weak,Legacy IKEv1 used; Weak encryption 3DES; Perfect Forward Secrecy (PFS) is disabled
1c41cea8-94f4-4124-8cc1-84199beb37bb,IKEv2,Main,ChaCha20-Poly1305,256,SHA384,2,ECDSA-Sig,Tunnel,True,86400,30,Strong,Weak DH group 2
6230d001-4e04-4f33-ba25-0300f247ae77,IKEv1,Quick,3DES,112,MD5,21,PSK,Transport,True,28800,90,Critical,Legacy IKEv1 used; Weak encryption 3DES; Weak hash MD5
6c2f29f4-8922-4139-b191-d53c26bfa440,IKEv2,Main,AES-256-CBC,256,SHA512,20,RSA-Sig,Transport,False,28800,25,Strong,Perfect Forward Secrecy (PFS) is disabled
39c611f6-5f02-4f5d-92ea-4590e4d412cb,IKEv2,Main,DES,56,SHA384,20,ECDSA-Sig,Tunnel,True,86400,36,Strong,Weak encryption DES
21e3787f-1aed-4e79-9a2c-161b1cbff824,IKEv1,Quick,AES-256-GCM,256,MD5,20,ECDSA-Sig,Transport,False,86400,71,Weak,Legacy IKEv1 used; Weak hash MD5; Perfect Forward Secrecy (PFS) is disabled
65fad48a-2f80-4a59-a4de-f97e0fa0db5b,IKEv1,Aggressive,3DES,112,SHA1,1,ECDSA-Sig,Transport,True,86400,100,Critical,Legacy IKEv1 used; IKEv1 Aggressive mode vulnerable to offline dictionary attacks; Weak encryption 3DES; Weak hash SHA1; Weak DH group 1
714a1669-8961-4cef-9b1c-2b03758b6e6c,IKEv2,Main,AES-256-CBC,256,SHA512,1,ECDSA-Sig,Transport,False,28800,49,Moderate,Weak DH group 1; Perfect Forward Secrecy (PFS) is disabled
bdf97a42-8382-4236-860e-0947dea3f088,IKEv1,Aggressive,ChaCha20-Poly1305,256,SHA384,21,PSK,Transport,False,86400,95,Critical,Legacy IKEv1 used; IKEv1 Aggressive mode vulnerable to offline dictionary attacks; PSK with Aggressive Mode is highly risky; Perfect Forward Secrecy (PFS) is disabled
7dcb3715-c5be-4989-9ef3-7a9ed878cbce,IKEv1,Main,AES-256-GCM,256,SHA512,21,RSA-Sig,Transport,True,28800,15,Low,Legacy IKEv1 used
e2c561ad-3f7f-49b5-9636-cb8989c78cbf,IKEv2,Main,AES-256-GCM,256,SHA1,20,ECDSA-Sig,Tunnel,True,86400,34,Strong,Weak hash SHA1
e4ec2506-8652-4e49-b2ee-d31f51970d7a,IKEv2,Main,DES,56,SHA512,31,RSA-Sig,Tunnel,True,86400,42,Moderate,Weak encryption DES
42dfd80a-4098-42b4-84a4-93b47da6abc2,IKEv2,Main,AES-256-GCM,256,SHA384,20,RSA-Sig,Transport,False,3600,19,Low,Perfect Forward Secrecy (PFS) is disabled
6c3cf107-8f9f-4801-849d-ddcd1903e48d,IKEv1,Aggressive,AES-256-GCM,256,SHA512,19,PSK,Transport,False,3600,95,Critical,Legacy IKEv1 used; IKEv1 Aggressive mode vulnerable to offline dictionary attacks; PSK with Aggressive Mode is highly risky; Perfect Forward Secrecy (PFS) is disabled
baa7c8b1-bdf4-4f3c-b35f-b5b997f15d57,IKEv2,Main,ChaCha20-Poly1305,256,SHA256,5,PSK,Transport,False,86400,54,Moderate,Weak DH group 5; Perfect Forward Secrecy (PFS) is disabled
69477ec5-974e-411b-9c8b-e6b71b412967,IKEv2,Main,ChaCha20-Poly1305,256,MD5,1,ECDSA-Sig,Transport,True,86400,64,Weak,Weak hash MD5; Weak DH group 1
16742d97-c5f0-4c2e-b753-6319f430b863,IKEv2,Main,DES,56,SHA512,1,RSA-Sig,Tunnel,True,86400,68,Weak,Weak encryption DES; Weak DH group 1
5f53863f-fc3d-4c52-854e-06d37141ccdb,IKEv2,Main,AES-128-CBC,128,SHA384,20,RSA-Sig,Tunnel,True,28800,0,Low,None
4ac00f3e-e84a-4f52-847a-e0941551a82f,IKEv2,Main,3DES,112,SHA256,1,PSK,Tunnel,False,28800,94,Critical,Weak encryption 3DES; Weak DH group 1; Perfect Forward Secrecy (PFS) is disabled
d7077559-cdb0-4146-8e72-4058a6e7795e,IKEv1,Aggressive,AES-128-CBC,128,SHA384,1,ECDSA-Sig,Transport,False,86400,100,Critical,Legacy IKEv1 used; IKEv1 Aggressive mode vulnerable to offline dictionary attacks; Weak DH group 1; Perfect Forward Secrecy (PFS) is disabled
25a46ece-014a-4191-8b27-1c6ca25ad53b,IKEv2,Main,AES-256-CBC,256,SHA512,31,RSA-Sig,Transport,False,28800,17,Low,Perfect Forward Secrecy (PFS) is disabled
8c624873-5939-446c-b8ac-6419ae014efa,IKEv1,Quick,DES,56,SHA384,31,ECDSA-Sig,Transport,False,28800,83,Critical,Legacy IKEv1 used; Weak encryption DES; Perfect Forward Secrecy (PFS) is disabled
5579e75d-9966-419d-b39a-0c18d14b3e86,IKEv1,Aggressive,AES-256-GCM,256,SHA1,2,RSA-Sig,Transport,True,86400,100,Critical,Legacy IKEv1 used; IKEv1 Aggressive mode vulnerable to offline dictionary attacks; Weak hash SHA1; Weak DH group 2
787fb898-4fb5-4576-913a-5e2743031218,IKEv2,Main,DES,56,MD5,19,RSA-Sig,Transport,True,3600,74,Weak,Weak encryption DES; Weak hash MD5
6a97d216-050b-4bdf-b1ac-4504b0771139,IKEv1,Quick,ChaCha20-Poly1305,256,MD5,2,PSK,Tunnel,True,28800,81,Critical,Legacy IKEv1 used; Weak hash MD5; Weak DH group 2
6fb8549a-d4dc-4763-ad15-6fe63825f983,IKEv2,Main,DES,56,SHA256,21,ECDSA-Sig,Transport,True,86400,37,Strong,Weak encryption DES
bfb6d916-f884-4ae2-add8-230654164f35,IKEv2,Main,ChaCha20-Poly1305,256,SHA384,21,ECDSA-Sig,Transport,False,86400,25,Strong,Perfect Forward Secrecy (PFS) is disabled
ff2339b2-a482-4100-b06d-af83f6ace4d4,IKEv1,Aggressive,AES-128-CBC,128,SHA256,31,RSA-Sig,Tunnel,False,86400,68,Weak,Legacy IKEv1 used; IKEv1 Aggressive mode vulnerable to offline dictionary attacks; Perfect Forward Secrecy (PFS) is disabled
3a71d815-7673-44e5-bf84-cd6e5bd447ed,IKEv1,Quick,AES-128-CBC,128,SHA256,19,RSA-Sig,Transport,False,28800,35,Strong,Legacy IKEv1 used; Perfect Forward Secrecy (PFS) is disabled
9392590e-a06e-4a97-9863-3f499688a845,IKEv2,Main,3DES,112,MD5,21,ECDSA-Sig,Transport,True,86400,74,Weak,Weak encryption 3DES; Weak hash MD5
518f0fd7-eed5-4230-aa7c-5f1297d801b1,IKEv2,Main,3DES,112,SHA384,14,PSK,Transport,True,28800,36,Strong,Weak encryption 3DES
d0c69664-5eff-47fd-b09b-492414ded141,IKEv2,Main,AES-256-GCM,256,MD5,2,PSK,Transport,False,3600,78,Weak,Weak hash MD5; Weak DH group 2; Perfect Forward Secrecy (PFS) is disabled
24d4f5cf-b066-4703-a5a1-95414fdc580e,IKEv2,Main,AES-256-GCM,256,SHA256,1,RSA-Sig,Transport,False,86400,45,Moderate,Weak DH group 1; Perfect Forward Secrecy (PFS) is disabled
d50941bf-c1bb-4937-bb3f-e2f098b50397,IKEv1,Quick,3DES,112,SHA1,1,PSK,Transport,True,86400,100,Critical,Legacy IKEv1 used; Weak encryption 3DES; Weak hash SHA1; Weak DH group 1
e5446f3b-302b-4813-b365-c92f7ebd8051,IKEv2,Main,3DES,112,SHA512,2,PSK,Tunnel,False,28800,90,Critical,Weak encryption 3DES; Weak DH group 2; Perfect Forward Secrecy (PFS) is disabled
83df7fc0-1b18-4e75-a3c7-04e3371a4e3d,IKEv2,Main,AES-256-GCM,256,SHA384,14,RSA-Sig,Transport,True,86400,1,Low,None
147a466c-49d0-4a81-8592-14aa0fb07721,IKEv1,Main,AES-256-GCM,256,SHA384,31,PSK,Transport,True,3600,17,Low,Legacy IKEv1 used
51695d31-62c1-4235-b7fe-4b4718f5bd92,IKEv2,Main,AES-128-CBC,128,SHA1,1,ECDSA-Sig,Tunnel,True,28800,61,Weak,Weak hash SHA1; Weak DH group 1
c76f0ad5-10c3-42ce-8408-37bdb42254b1,IKEv2,Main,DES,56,SHA1,1,ECDSA-Sig,Tunnel,False,3600,100,Critical,Weak encryption DES; Weak hash SHA1; Weak DH group 1; Perfect Forward Secrecy (PFS) is disabled
8ba88e70-18f1-4dd9-af2d-3e82da89b161,IKEv2,Main,3DES,112,SHA256,20,ECDSA-Sig,Tunnel,True,86400,41,Moderate,Weak encryption 3DES
54947a0b-24e0-4893-a4aa-077738fb1383,IKEv2,Main,ChaCha20-Poly1305,256,SHA512,21,ECDSA-Sig,Transport,False,3600,23,Strong,Perfect Forward Secrecy (PFS) is disabled
65887291-12f9-4978-b9df-15b615d488a7,IKEv1,Main,3DES,112,SHA512,31,PSK,Tunnel,False,28800,84,Critical,Legacy IKEv1 used; Weak encryption 3DES; Perfect Forward Secrecy (PFS) is disabled
13b8f299-c3ae-4275-ad36-6b3a67923bcb,IKEv2,Main,AES-128-CBC,128,MD5,20,PSK,Tunnel,False,28800,52,Moderate,Weak hash MD5; Perfect Forward Secrecy (PFS) is disabled
7689ab8e-2e07-4129-a536-145476609398,IKEv2,Main,AES-256-GCM,256,SHA256,2,PSK,Transport,False,28800,45,Moderate,Weak DH group 2; Perfect Forward Secrecy (PFS) is disabled
862786b0-aaba-48d3-a133-7dad654b545c,IKEv2,Main,3DES,112,SHA512,5,ECDSA-Sig,Tunnel,False,3600,87,Critical,Weak encryption 3DES; Weak DH group 5; Perfect Forward Secrecy (PFS) is disabled
66ea6ca8-aa84-4a0d-ab2e-4a9197906543,IKEv1,Main,ChaCha20-Poly1305,256,SHA384,19,ECDSA-Sig,Transport,False,86400,43,Moderate,Legacy IKEv1 used; Perfect Forward Secrecy (PFS) is disabled
701d8627-fcd4-4636-b113-40e1bdcc6a4b,IKEv1,Quick,3DES,112,SHA512,19,RSA-Sig,Transport,False,3600,78,Weak,Legacy IKEv1 used; Weak encryption 3DES; Perfect Forward Secrecy (PFS) is disabled
5e39ab5a-61c8-4c85-bb95-015eabf8d8e1,IKEv2,Main,ChaCha20-Poly1305,256,SHA1,31,PSK,Tunnel,True,28800,33,Strong,Weak hash SHA1
0cabddda-2a85-4fc6-9593-37051d7300a9,IKEv1,Quick,DES,56,SHA1,1,RSA-Sig,Tunnel,True,3600,100,Critical,Legacy IKEv1 used; Weak encryption DES; Weak hash SHA1; Weak DH group 1
edcae442-ab58-44be-b587-ced7b95b7b8e,IKEv1,Aggressive,AES-256-GCM,256,SHA256,19,PSK,Transport,False,28800,95,Critical,Legacy IKEv1 used; IKEv1 Aggressive mode vulnerable to offline dictionary attacks; PSK with Aggressive Mode is highly risky; Perfect Forward Secrecy (PFS) is disabled
40283ef7-7811-4108-90f5-f79132590c91,IKEv2,Main,3DES,112,SHA256,14,PSK,Tunnel,True,28800,42,Moderate,Weak encryption 3DES
dc5dc85c-e6f1-40e0-9e01-3254efb9e63e,IKEv2,Main,AES-256-GCM,256,SHA1,2,ECDSA-Sig,Tunnel,True,28800,63,Weak,Weak hash SHA1; Weak DH group 2
f7b9f709-6d9b-4b60-8961-1e54ff1c61ef,IKEv2,Main,AES-256-CBC,256,SHA512,14,ECDSA-Sig,Tunnel,False,3600,21,Strong,Perfect Forward Secrecy (PFS) is disabled
d79605fe-4774-4606-bc73-8d719867ef97,IKEv2,Main,DES,56,SHA1,14,ECDSA-Sig,Tunnel,True,86400,70,Weak,Weak encryption DES; Weak hash SHA1
264cc960-d31a-46c2-a45f-fcb871a98599,IKEv2,Main,AES-256-CBC,256,MD5,2,ECDSA-Sig,Tunnel,True,28800,57,Moderate,Weak hash MD5; Weak DH group 2
13b685f3-610c-4351-9a9d-ed9b4aa8b40b,IKEv1,Main,AES-256-CBC,256,SHA512,2,RSA-Sig,Transport,True,3600,52,Moderate,Legacy IKEv1 used; Weak DH group 2
6981f688-87b2-4af0-a5e6-96a1efa8b0aa,IKEv1,Aggressive,AES-256-GCM,256,SHA1,1,PSK,Tunnel,True,3600,100,Critical,Legacy IKEv1 used; IKEv1 Aggressive mode vulnerable to offline dictionary attacks; Weak hash SHA1; Weak DH group 1; PSK with Aggressive Mode is highly risky
84533bdb-507e-4d56-8304-796fc00c8511,IKEv2,Main,AES-128-CBC,128,SHA512,21,PSK,Transport,True,28800,0,Low,None
5956286b-92fd-4b78-852e-8eec61a97deb,IKEv1,Quick,AES-128-CBC,128,SHA1,19,RSA-Sig,Tunnel,False,28800,73,Weak,Legacy IKEv1 used; Weak hash SHA1; Perfect Forward Secrecy (PFS) is disabled
18699705-9cd9-4efa-9e63-3957c4f6b460,IKEv1,Aggressive,DES,56,SHA1,20,PSK,Tunnel,True,3600,100,Critical,Legacy IKEv1 used; IKEv1 Aggressive mode vulnerable to offline dictionary attacks; Weak encryption DES; Weak hash SHA1; PSK with Aggressive Mode is highly risky
c7cf945a-bcf7-4cfa-95e4-1497bc9e0966,IKEv2,Main,ChaCha20-Poly1305,256,MD5,19,ECDSA-Sig,Transport,False,28800,55,Moderate,Weak hash MD5; Perfect Forward Secrecy (PFS) is disabled
cc26e9b0-a1b5-4b15-8d30-69f95c212427,IKEv2,Main,DES,56,SHA512,5,RSA-Sig,Transport,True,86400,75,Weak,Weak encryption DES; Weak DH group 5
6feeb3fc-4e13-4433-8173-0280e09022a2,IKEv2,Main,ChaCha20-Poly1305,256,SHA512,2,RSA-Sig,Tunnel,False,28800,55,Moderate,Weak DH group 2; Perfect Forward Secrecy (PFS) is disabled
fbe7121d-5db0-41b5-80ab-492b54c1dc46,IKEv1,Quick,AES-256-CBC,256,SHA384,21,ECDSA-Sig,Transport,True,86400,19,Low,Legacy IKEv1 used
d7b76f31-b1cb-4d8c-87e4-56487a5cd2e5,IKEv1,Aggressive,AES-128-CBC,128,SHA384,1,ECDSA-Sig,Tunnel,True,28800,84,Critical,Legacy IKEv1 used; IKEv1 Aggressive mode vulnerable to offline dictionary attacks; Weak DH group 1
1e550c1c-1919-4a54-8ebb-9620edca222c,IKEv2,Main,ChaCha20-Poly1305,256,SHA512,21,PSK,Transport,False,3600,22,Strong,Perfect Forward Secrecy (PFS) is disabled
31210297-8de5-497b-b539-8c3319930e41,IKEv2,Main,ChaCha20-Poly1305,256,SHA256,19,ECDSA-Sig,Transport,True,86400,0,Low,None
91b046c0-c090-4a0c-a8af-29d8feb29a31,IKEv2,Main,DES,56,SHA512,19,PSK,Transport,False,28800,58,Moderate,Weak encryption DES; Perfect Forward Secrecy (PFS) is disabled
9a67148b-39c9-489d-95f2-9c287926346d,IKEv2,Main,AES-128-CBC,128,SHA256,2,RSA-Sig,Transport,True,3600,29,Strong,Weak DH group 2
86c8a383-2c78-4ae7-9905-7986cbdeef80,IKEv2,Main,ChaCha20-Poly1305,256,SHA256,20,ECDSA-Sig,Tunnel,True,28800,3,Low,None
8d0e5428-93ea-4aef-86c9-ab43188e2085,IKEv1,Quick,DES,56,SHA512,21,PSK,Transport,True,3600,59,Moderate,Legacy IKEv1 used; Weak encryption DES
e5955c89-d19d-4b7b-bebf-43775365e2fe,IKEv2,Main,3DES,112,SHA512,21,ECDSA-Sig,Transport,False,86400,58,Moderate,Weak encryption 3DES; Perfect Forward Secrecy (PFS) is disabled
1bdf327c-73b9-425e-9d71-a9b217f2d786,IKEv2,Main,AES-128-CBC,128,SHA384,31,RSA-Sig,Transport,True,28800,0,Low,None
993191b1-8716-4534-84be-c199df4c9e68,IKEv2,Main,AES-128-CBC,128,SHA384,20,ECDSA-Sig,Transport,False,28800,19,Low,Perfect Forward Secrecy (PFS) is disabled
36dfee82-1172-4c34-b3c2-0eb6923e7e2a,IKEv2,Main,AES-128-CBC,128,SHA512,14,PSK,Tunnel,False,3600,18,Low,Perfect Forward Secrecy (PFS) is disabled
52e962fb-0b50-4c74-8471-898b2780610c,IKEv2,Main,3DES,112,SHA256,1,RSA-Sig,Transport,False,86400,92,Critical,Weak encryption 3DES; Weak DH group 1; Perfect Forward Secrecy (PFS) is disabled
89c471bc-c0f0-4d36-8039-b78d49767dd8,IKEv2,Main,3DES,112,SHA1,19,PSK,Tunnel,False,86400,90,Critical,Weak encryption 3DES; Weak hash SHA1; Perfect Forward Secrecy (PFS) is disabled
22d29675-b0d4-4059-9bc5-ec6d6340c50e,IKEv2,Main,AES-128-CBC,128,SHA384,5,RSA-Sig,Tunnel,True,3600,32,Strong,Weak DH group 5
48071c5c-50d4-42a1-b1af-1f01e19471bf,IKEv2,Main,3DES,112,SHA512,21,RSA-Sig,Tunnel,True,28800,40,Moderate,Weak encryption 3DES
b27f1de2-a955-447b-8101-354d7c7365fa,IKEv2,Main,AES-256-GCM,256,SHA1,2,PSK,Transport,False,28800,83,Critical,Weak hash SHA1; Weak DH group 2; Perfect Forward Secrecy (PFS) is disabled
c9dfb1ce-71b2-46c6-859e-055458f8319e,IKEv2,Main,DES,56,SHA1,5,PSK,Transport,True,3600,99,Critical,Weak encryption DES; Weak hash SHA1; Weak DH group 5
8f3b3511-4840-4d75-bb64-431532eaf8fa,IKEv2,Main,AES-128-CBC,128,SHA1,31,PSK,Tunnel,False,28800,49,Moderate,Weak hash SHA1; Perfect Forward Secrecy (PFS) is disabled
e523abf5-ab24-49be-9254-2e4dc400b4e0,IKEv2,Main,ChaCha20-Poly1305,256,MD5,5,ECDSA-Sig,Tunnel,False,3600,76,Weak,Weak hash MD5; Weak DH group 5; Perfect Forward Secrecy (PFS) is disabled
2810bd96-6e82-49d8-8dbf-5c52138857fa,IKEv2,Main,AES-256-CBC,256,SHA1,14,PSK,Tunnel,False,28800,54,Moderate,Weak hash SHA1; Perfect Forward Secrecy (PFS) is disabled
673c5929-ca23-4e69-abcd-48495a173a66,IKEv2,Main,AES-256-CBC,256,SHA256,21,ECDSA-Sig,Tunnel,False,86400,25,Strong,Perfect Forward Secrecy (PFS) is disabled
e659d718-fe82-42f3-94d8-ce113633d7b5,IKEv2,Main,AES-256-CBC,256,SHA256,14,RSA-Sig,Transport,True,86400,3,Low,None
0bdcdf49-2474-4b99-a298-0ee5c9f1f66b,IKEv2,Main,AES-128-CBC,128,SHA384,5,ECDSA-Sig,Transport,True,28800,31,Strong,Weak DH group 5
6c772e1a-a203-4252-a77c-c35d2f0e5769,IKEv2,Main,AES-256-CBC,256,SHA512,21,RSA-Sig,Transport,False,28800,21,Strong,Perfect Forward Secrecy (PFS) is disabled
fd48b8a7-e4e1-45ad-a583-7631b26e8c7e,IKEv2,Main,3DES,112,MD5,14,RSA-Sig,Tunnel,True,86400,70,Weak,Weak encryption 3DES; Weak hash MD5
01c46d17-5e8b-4719-aaad-4046d02bd713,IKEv1,Aggressive,AES-256-CBC,256,SHA256,20,RSA-Sig,Tunnel,True,3600,47,Moderate,Legacy IKEv1 used; IKEv1 Aggressive mode vulnerable to offline dictionary attacks
f3a8b827-eee8-4335-89d6-c0de8af3bc35,IKEv2,Main,ChaCha20-Poly1305,256,SHA256,5,PSK,Tunnel,False,86400,49,Moderate,Weak DH group 5; Perfect Forward Secrecy (PFS) is disabled
309ce076-243d-401c-9d28-8ae6b7481677,IKEv2,Main,DES,56,MD5,20,PSK,Tunnel,True,3600,65,Weak,Weak encryption DES; Weak hash MD5
8444db0a-cba9-4f60-9278-a0c06295187a,IKEv1,Quick,AES-256-GCM,256,SHA256,20,RSA-Sig,Tunnel,True,86400,19,Low,Legacy IKEv1 used
16c54507-8631-47ae-81c2-92058cf0406a,IKEv2,Main,AES-256-GCM,256,SHA256,5,RSA-Sig,Tunnel,False,3600,46,Moderate,Weak DH group 5; Perfect Forward Secrecy (PFS) is disabled
cb32287f-70f3-4104-8fe6-385d4e1984ed,IKEv2,Main,AES-256-CBC,256,MD5,19,RSA-Sig,Tunnel,True,3600,30,Strong,Weak hash MD5
de749708-ecff-40c3-b3d0-9e8ea956518a,IKEv1,Aggressive,3DES,112,SHA1,31,ECDSA-Sig,Transport,False,3600,100,Critical,Legacy IKEv1 used; IKEv1 Aggressive mode vulnerable to offline dictionary attacks; Weak encryption 3DES; Weak hash SHA1; Perfect Forward Secrecy (PFS) is disabled
22ebe493-7159-4e20-ad76-77f1f7c14691,IKEv1,Main,AES-256-CBC,256,SHA384,19,ECDSA-Sig,Transport,False,86400,45,Moderate,Legacy IKEv1 used; Perfect Forward Secrecy (PFS) is disabled
3f94e1a4-a2a5-481e-a451-15928231e195,IKEv2,Main,AES-256-GCM,256,SHA256,19,PSK,Tunnel,False,86400,19,Low,Perfect Forward Secrecy (PFS) is disabled
cacfd987-7028-476f-a955-b1b0287303df,IKEv2,Main,3DES,112,SHA384,14,RSA-Sig,Transport,False,86400,62,Weak,Weak encryption 3DES; Perfect Forward Secrecy (PFS) is disabled
bd3c7400-264d-4c56-b815-4a0b0d8e95d9,IKEv2,Main,ChaCha20-Poly1305,256,SHA384,31,PSK,Transport,True,3600,0,Low,None
4d3d1daf-c1e4-4a23-9fa0-a677ccd7a7a7,IKEv2,Main,AES-256-CBC,256,SHA512,14,PSK,Transport,False,86400,18,Low,Perfect Forward Secrecy (PFS) is disabled
4190cb96-f1c1-48b2-833a-17e9ae5257df,IKEv1,Quick,DES,56,SHA512,14,RSA-Sig,Transport,False,28800,83,Critical,Legacy IKEv1 used; Weak encryption DES; Perfect Forward Secrecy (PFS) is disabled
97d21095-7559-41de-8ea0-782d317c8e8d,IKEv2,Main,3DES,112,SHA1,21,PSK,Tunnel,True,3600,69,Weak,Weak encryption 3DES; Weak hash SHA1
707ca09a-f8cc-4b73-8352-8d46c22a085a,IKEv1,Quick,DES,56,SHA256,20,PSK,Transport,False,28800,83,Critical,Legacy IKEv1 used; Weak encryption DES; Perfect Forward Secrecy (PFS) is disabled
2f6f7e75-4c89-44d4-ae09-c11ae9dbe523,IKEv2,Main,3DES,112,SHA384,19,RSA-Sig,Tunnel,True,28800,39,Strong,Weak encryption 3DES
ff2dfc69-2c9d-40eb-acfd-dd24d59df52e,IKEv2,Main,DES,56,SHA1,5,ECDSA-Sig,Transport,True,3600,97,Critical,Weak encryption DES; Weak hash SHA1; Weak DH group 5
fd67f949-a07a-4bf9-b71e-40ad9a097769,IKEv1,Aggressive,AES-256-GCM,256,SHA1,21,PSK,Tunnel,False,3600,100,Critical,Legacy IKEv1 used; IKEv1 Aggressive mode vulnerable to offline dictionary attacks; Weak hash SHA1; PSK with Aggressive Mode is highly risky; Perfect Forward Secrecy (PFS) is disabled
343c1cb8-f322-4454-b626-7e3850f2aa98,IKEv2,Main,ChaCha20-Poly1305,256,SHA1,2,ECDSA-Sig,Tunnel,False,28800,84,Critical,Weak hash SHA1; Weak DH group 2; Perfect Forward Secrecy (PFS) is disabled
f7d0aadb-1d17-462d-bd49-a8dce74382fb,IKEv1,Quick,AES-256-GCM,256,SHA384,5,PSK,Transport,True,86400,54,Moderate,Legacy IKEv1 used; Weak DH group 5
684d62b8-2a87-4470-a6e6-4250c7d0df6e,IKEv2,Main,3DES,112,MD5,21,RSA-Sig,Transport,True,28800,68,Weak,Weak encryption 3DES; Weak hash MD5
a9cb32b2-8aa0-4962-ae17-40af030b5a7d,IKEv2,Main,ChaCha20-Poly1305,256,SHA512,1,PSK,Tunnel,False,86400,48,Moderate,Weak DH group 1; Perfect Forward Secrecy (PFS) is disabled
cde3e78f-cb79-4e4f-a61c-c2ab201220df,IKEv2,Main,3DES,112,SHA256,2,RSA-Sig,Tunnel,False,3600,85,Critical,Weak encryption 3DES; Weak DH group 2; Perfect Forward Secrecy (PFS) is disabled
09d277ab-87b3-4d28-9f14-877d0d0f9887,IKEv1,Aggressive,AES-256-CBC,256,SHA384,19,RSA-Sig,Transport,True,3600,55,Moderate,Legacy IKEv1 used; IKEv1 Aggressive mode vulnerable to offline dictionary attacks
093f1de9-6795-4c63-9d6d-b215136dc6cb,IKEv2,Main,ChaCha20-Poly1305,256,MD5,31,PSK,Tunnel,False,86400,53,Moderate,Weak hash MD5; Perfect Forward Secrecy (PFS) is disabled
9b496235-bbdb-4a69-907e-4732c81b9964,IKEv1,Main,ChaCha20-Poly1305,256,SHA1,19,RSA-Sig,Transport,True,86400,48,Moderate,Legacy IKEv1 used; Weak hash SHA1
533a2d3e-4c19-4cd4-8c3c-3228d2be0f49,IKEv2,Main,3DES,112,SHA256,2,ECDSA-Sig,Tunnel,True,3600,75,Weak,Weak encryption 3DES; Weak DH group 2
30eccadd-2321-4b1c-8f2d-b5096fd1419d,IKEv2,Main,3DES,112,SHA384,14,PSK,Transport,False,86400,58,Moderate,Weak encryption 3DES; Perfect Forward Secrecy (PFS) is disabled
d93a19bc-9811-4a5e-a7a8-146087d994be,IKEv1,Aggressive,AES-128-CBC,128,MD5,5,RSA-Sig,Transport,True,28800,100,Critical,Legacy IKEv1 used; IKEv1 Aggressive mode vulnerable to offline dictionary attacks; Weak hash MD5; Weak DH group 5
534c4393-3c6d-4925-a6ce-842be29813f6,IKEv2,Main,DES,56,SHA256,31,RSA-Sig,Tunnel,True,3600,36,Strong,Weak encryption DES
c1801850-d61f-40e5-aff9-aba869f43e0f,IKEv2,Main,AES-256-GCM,256,MD5,2,PSK,Tunnel,False,28800,81,Critical,Weak hash MD5; Weak DH group 2; Perfect Forward Secrecy (PFS) is disabled
c32c7818-979a-457a-b0ce-ec88bb6e338d,IKEv2,Main,AES-256-GCM,256,SHA512,14,ECDSA-Sig,Tunnel,True,3600,0,Low,None
86d0d148-72b2-41b3-a54c-ddc5409a6df2,IKEv2,Main,3DES,112,SHA256,14,PSK,Tunnel,True,28800,42,Moderate,Weak encryption 3DES
78247da2-081c-4d24-a45b-f20ce3fc79df,IKEv2,Main,AES-256-CBC,256,SHA256,1,RSA-Sig,Tunnel,True,28800,26,Strong,Weak DH group 1
6edce092-2ae4-4717-9a5e-5b5b75311c00,IKEv1,Aggressive,3DES,112,SHA1,20,ECDSA-Sig,Tunnel,True,86400,100,Critical,Legacy IKEv1 used; IKEv1 Aggressive mode vulnerable to offline dictionary attacks; Weak encryption 3DES; Weak hash SHA1
bdf158d3-b0e6-4195-8a45-230f2138609b,IKEv2,Main,AES-128-CBC,128,MD5,19,ECDSA-Sig,Tunnel,False,86400,47,Moderate,Weak hash MD5; Perfect Forward Secrecy (PFS) is disabled
1899abba-9c6b-49b1-bf58-c1d5c8bb52da,IKEv1,Main,3DES,112,SHA384,19,RSA-Sig,Transport,False,28800,75,Weak,Legacy IKEv1 used; Weak encryption 3DES; Perfect Forward Secrecy (PFS) is disabled
9822df95-d685-44b4-ba9a-be6a3cda5ac3,IKEv2,Main,3DES,112,SHA1,5,PSK,Tunnel,False,28800,100,Critical,Weak encryption 3DES; Weak hash SHA1; Weak DH group 5; Perfect Forward Secrecy (PFS) is disabled
032030e7-a1a6-4d4c-95a3-296a406ddaf3,IKEv1,Aggressive,DES,56,SHA1,21,RSA-Sig,Tunnel,True,86400,100,Critical,Legacy IKEv1 used; IKEv1 Aggressive mode vulnerable to offline dictionary attacks; Weak encryption DES; Weak hash SHA1
f10b3b21-4d0e-4048-9983-f12a98cbfd0c,IKEv2,Main,AES-256-CBC,256,SHA256,2,ECDSA-Sig,Transport,True,86400,31,Strong,Weak DH group 2
111864f6-c57d-40ae-993b-99381435b5b2,IKEv1,Aggressive,AES-128-CBC,128,SHA512,2,ECDSA-Sig,Transport,False,3600,100,Critical,Legacy IKEv1 used; IKEv1 Aggressive mode vulnerable to offline dictionary attacks; Weak DH group 2; Perfect Forward Secrecy (PFS) is disabled
dbb40c16-c611-4d34-9211-f1523cbcf9d5,IKEv2,Main,AES-256-CBC,256,SHA512,31,ECDSA-Sig,Transport,False,86400,22,Strong,Perfect Forward Secrecy (PFS) is disabled
a628cb46-f677-4926-b9ef-b21f694db17c,IKEv1,Aggressive,AES-256-CBC,256,SHA384,20,ECDSA-Sig,Tunnel,True,3600,52,Moderate,Legacy IKEv1 used; IKEv1 Aggressive mode vulnerable to offline dictionary attacks
8a81fd45-a888-49e3-a489-30fdca7cdb65,IKEv2,Main,DES,56,MD5,2,ECDSA-Sig,Transport,True,3600,100,Critical,Weak encryption DES; Weak hash MD5; Weak DH group 2
0962acd0-8071-4c96-9132-934084d98d5b,IKEv2,Main,DES,56,SHA256,14,ECDSA-Sig,Tunnel,True,28800,38,Strong,Weak encryption DES
9f22562c-0573-441c-b649-a2f1892be17f,IKEv1,Quick,AES-256-GCM,256,SHA1,31,PSK,Transport,False,86400,69,Weak,Legacy IKEv1 used; Weak hash SHA1; Perfect Forward Secrecy (PFS) is disabled
8dbf7f10-b0ba-4ebd-9ac1-d24b4f881505,IKEv1,Quick,AES-256-GCM,256,SHA256,2,PSK,Tunnel,True,86400,50,Moderate,Legacy IKEv1 used; Weak DH group 2
c48982c8-3249-43aa-b54f-9a05c8d3ddcf,IKEv1,Main,AES-128-CBC,128,SHA1,20,ECDSA-Sig,Tunnel,True,3600,49,Moderate,Legacy IKEv1 used; Weak hash SHA1
7353e2f1-4580-413d-a5ad-6dc8d8ac1ae8,IKEv1,Aggressive,AES-128-CBC,128,SHA512,19,PSK,Transport,False,86400,95,Critical,Legacy IKEv1 used; IKEv1 Aggressive mode vulnerable to offline dictionary attacks; PSK with Aggressive Mode is highly risky; Perfect Forward Secrecy (PFS) is disabled
705795ca-9bcb-4e0f-9b8a-758be4f78ac5,IKEv2,Main,AES-128-CBC,128,SHA512,20,ECDSA-Sig,Tunnel,True,28800,0,Low,None
f9407ca5-9b13-4f21-b5a8-1f39273f2409,IKEv2,Main,AES-128-CBC,128,SHA512,19,PSK,Tunnel,False,86400,16,Low,Perfect Forward Secrecy (PFS) is disabled
50692070-5ac7-42ef-bd8e-1f1c2ced8c87,IKEv2,Main,ChaCha20-Poly1305,256,SHA256,14,ECDSA-Sig,Transport,False,86400,25,Strong,Perfect Forward Secrecy (PFS) is disabled
335eb043-ea9e-4649-9c38-814a42b1a8c7,IKEv1,Main,3DES,112,SHA384,1,RSA-Sig,Tunnel,False,28800,100,Critical,Legacy IKEv1 used; Weak encryption 3DES; Weak DH group 1; Perfect Forward Secrecy (PFS) is disabled
89688124-6766-42b7-b417-b2a0c7c07f8c,IKEv2,Main,AES-256-GCM,256,MD5,20,ECDSA-Sig,Tunnel,False,28800,48,Moderate,Weak hash MD5; Perfect Forward Secrecy (PFS) is disabled
62168464-0e5e-4f28-ae51-43c0a0ca0f01,IKEv2,Main,AES-128-CBC,128,SHA256,31,RSA-Sig,Transport,False,86400,23,Strong,Perfect Forward Secrecy (PFS) is disabled
ca000c7d-c572-484d-af26-f132a255c1f1,IKEv1,Main,AES-128-CBC,128,SHA1,19,PSK,Tunnel,False,28800,65,Weak,Legacy IKEv1 used; Weak hash SHA1; Perfect Forward Secrecy (PFS) is disabled
bc16195d-2588-4a8f-b3fd-9b04a6dfce36,IKEv2,Main,3DES,112,MD5,31,ECDSA-Sig,Transport,False,86400,87,Critical,Weak encryption 3DES; Weak hash MD5; Perfect Forward Secrecy (PFS) is disabled
a066caf3-e959-429e-bae7-3edeb5b67f2e,IKEv2,Main,AES-128-CBC,128,SHA512,21,PSK,Tunnel,True,3600,1,Low,None
ee18eb28-d670-4c7c-aaf8-9981e66a76f6,IKEv2,Main,DES,56,SHA512,19,PSK,Transport,True,28800,37,Strong,Weak encryption DES
bd9b4e07-df4c-4b1a-b3dc-2bff3966e5b4,IKEv1,Main,3DES,112,SHA512,2,RSA-Sig,Transport,True,86400,85,Critical,Legacy IKEv1 used; Weak encryption 3DES; Weak DH group 2
e37c3050-0801-4848-8019-d499dc5c1ad1,IKEv1,Quick,ChaCha20-Poly1305,256,SHA1,21,PSK,Tunnel,False,28800,71,Weak,Legacy IKEv1 used; Weak hash SHA1; Perfect Forward Secrecy (PFS) is disabled
c6c636e3-939f-4b86-8048-ce8f10786a01,IKEv2,Main,3DES,112,SHA256,31,ECDSA-Sig,Transport,True,3600,42,Moderate,Weak encryption 3DES
2cfc2684-b686-4898-baad-c08da1811e3c,IKEv2,Main,AES-128-CBC,128,SHA512,5,RSA-Sig,Tunnel,True,3600,27,Strong,Weak DH group 5
38c73d11-3ff3-41a8-9c8a-74dd04a3f2f7,IKEv2,Main,3DES,112,SHA512,31,ECDSA-Sig,Transport,False,86400,59,Moderate,Weak encryption 3DES; Perfect Forward Secrecy (PFS) is disabled
3197eda3-b683-4c28-87b5-418a1be22356,IKEv1,Quick,AES-128-CBC,128,SHA256,14,PSK,Tunnel,True,3600,15,Low,Legacy IKEv1 used
5ae8ef78-5e4d-45cf-8083-17330e125beb,IKEv1,Aggressive,DES,56,SHA256,19,PSK,Tunnel,True,28800,100,Critical,Legacy IKEv1 used; IKEv1 Aggressive mode vulnerable to offline dictionary attacks; Weak encryption DES; PSK with Aggressive Mode is highly risky
ff81d714-b80a-4704-8f63-7046a000ffe1,IKEv2,Main,AES-128-CBC,128,MD5,14,PSK,Transport,False,3600,49,Moderate,Weak hash MD5; Perfect Forward Secrecy (PFS) is disabled
f50b54f7-6efd-4ab9-a954-77fefc712e0f,IKEv1,Quick,AES-128-CBC,128,SHA256,19,PSK,Transport,False,86400,44,Moderate,Legacy IKEv1 used; Perfect Forward Secrecy (PFS) is disabled
106fbec6-4a4d-4bc7-8c6f-3326dd45119a,IKEv2,Main,3DES,112,SHA384,2,PSK,Tunnel,False,28800,94,Critical,Weak encryption 3DES; Weak DH group 2; Perfect Forward Secrecy (PFS) is disabled
949eb0a0-310b-4a34-bf5e-59ef8f5ec3be,IKEv2,Main,DES,56,SHA512,5,RSA-Sig,Tunnel,True,28800,66,Weak,Weak encryption DES; Weak DH group 5
b693d471-25fa-4763-bda3-39c18bb6c39b,IKEv2,Main,AES-256-GCM,256,SHA1,21,PSK,Tunnel,True,86400,30,Strong,Weak hash SHA1
2b6a8eb2-07ed-4fcd-90e3-e3d482fcce51,IKEv1,Aggressive,DES,56,SHA512,19,ECDSA-Sig,Tunnel,False,28800,100,Critical,Legacy IKEv1 used; IKEv1 Aggressive mode vulnerable to offline dictionary attacks; Weak encryption DES; Perfect Forward Secrecy (PFS) is disabled
9f4626d5-a70a-459d-bde2-949eac266ca9,IKEv1,Main,AES-128-CBC,128,SHA384,19,RSA-Sig,Transport,True,28800,22,Strong,Legacy IKEv1 used
6246a5ec-4828-4ca3-a035-c03a89e9ec5e,IKEv1,Aggressive,3DES,112,SHA256,5,ECDSA-Sig,Transport,True,28800,100,Critical,Legacy IKEv1 used; IKEv1 Aggressive mode vulnerable to offline dictionary attacks; Weak encryption 3DES; Weak DH group 5
2caf0069-253d-4641-afc7-9401309a1561,IKEv1,Quick,ChaCha20-Poly1305,256,SHA512,1,ECDSA-Sig,Transport,True,3600,53,Moderate,Legacy IKEv1 used; Weak DH group 1
3665dcb7-4840-4f44-a7d1-d7df93d0c01b,IKEv2,Main,DES,56,SHA512,20,PSK,Transport,True,3600,43,Moderate,Weak encryption DES
fb75417b-60d6-4a5c-b070-c639df05cce7,IKEv2,Main,AES-128-CBC,128,SHA1,20,RSA-Sig,Transport,False,3600,52,Moderate,Weak hash SHA1; Perfect Forward Secrecy (PFS) is disabled
979950a6-7f26-49a7-91c6-37505b41bf6c,IKEv1,Quick,AES-128-CBC,128,SHA384,2,PSK,Transport,True,28800,47,Moderate,Legacy IKEv1 used; Weak DH group 2
201d5a65-fe5b-4520-8de1-1e4165ee036e,IKEv1,Quick,AES-256-CBC,256,MD5,2,ECDSA-Sig,Tunnel,True,86400,83,Critical,Legacy IKEv1 used; Weak hash MD5; Weak DH group 2
e4c0b151-c31e-43bd-b380-700459f0c561,IKEv2,Main,3DES,112,MD5,31,PSK,Transport,True,3600,72,Weak,Weak encryption 3DES; Weak hash MD5
51099d6e-fbfa-4a6a-b7fd-a2bbe8448ba8,IKEv2,Main,3DES,112,SHA1,19,PSK,Tunnel,False,3600,89,Critical,Weak encryption 3DES; Weak hash SHA1; Perfect Forward Secrecy (PFS) is disabled
c59649d1-33ce-4620-b244-aa98bce4f8d7,IKEv2,Main,ChaCha20-Poly1305,256,SHA256,1,RSA-Sig,Tunnel,True,3600,28,Strong,Weak DH group 1
c89522aa-5bd5-4c39-b4c5-307fa89e7ef0,IKEv1,Main,AES-256-GCM,256,MD5,19,PSK,Tunnel,True,86400,46,Moderate,Legacy IKEv1 used; Weak hash MD5
da401d97-9455-4122-81d2-d9819650167e,IKEv1,Main,ChaCha20-Poly1305,256,SHA512,20,PSK,Tunnel,False,28800,40,Moderate,Legacy IKEv1 used; Perfect Forward Secrecy (PFS) is disabled
699b728d-3e49-48e9-a2d6-92956cbde1d8,IKEv2,Main,3DES,112,SHA1,14,PSK,Tunnel,False,86400,87,Critical,Weak encryption 3DES; Weak hash SHA1; Perfect Forward Secrecy (PFS) is disabled
7b0f6530-8a5f-495b-815c-50953f4c5ab5,IKEv2,Main,AES-128-CBC,128,SHA1,31,ECDSA-Sig,Tunnel,True,3600,32,Strong,Weak hash SHA1
0041f72c-c4c3-4d45-ab0c-5bb15568d9fb,IKEv1,Main,AES-256-CBC,256,SHA1,21,PSK,Transport,False,3600,75,Weak,Legacy IKEv1 used; Weak hash SHA1; Perfect Forward Secrecy (PFS) is disabled
ec2741db-8d35-471a-9932-ba1aca8781b1,IKEv2,Main,AES-256-CBC,256,MD5,5,ECDSA-Sig,Transport,False,28800,79,Weak,Weak hash MD5; Weak DH group 5; Perfect Forward Secrecy (PFS) is disabled
604d820d-1e5f-4760-b9bf-2ab892ea67b0,IKEv1,Quick,AES-128-CBC,128,SHA1,2,RSA-Sig,Tunnel,True,3600,77,Weak,Legacy IKEv1 used; Weak hash SHA1; Weak DH group 2
639b4882-995d-48fe-8667-93f94965f0b5,IKEv1,Main,AES-256-GCM,256,SHA384,31,PSK,Transport,True,28800,15,Low,Legacy IKEv1 used
192d1e59-0ee5-4703-8697-f3617b9ba9f6,IKEv2,Main,AES-256-CBC,256,SHA512,31,PSK,Tunnel,False,28800,20,Strong,Perfect Forward Secrecy (PFS) is disabled
454d10ff-4b57-4687-a059-d402d0e52a82,IKEv2,Main,3DES,112,SHA384,14,RSA-Sig,Tunnel,False,28800,59,Moderate,Weak encryption 3DES; Perfect Forward Secrecy (PFS) is disabled
a6cbe4c6-8468-4f1c-8740-af5ef9ffd6e0,IKEv1,Aggressive,AES-128-CBC,128,SHA1,5,ECDSA-Sig,Transport,True,86400,100,Critical,Legacy IKEv1 used; IKEv1 Aggressive mode vulnerable to offline dictionary attacks; Weak hash SHA1; Weak DH group 5
4645f2f2-5fee-4d61-8482-55fc29033f9e,IKEv2,Main,AES-256-CBC,256,MD5,20,ECDSA-Sig,Tunnel,False,28800,55,Moderate,Weak hash MD5; Perfect Forward Secrecy (PFS) is disabled
b6ef82fb-00fc-4fa5-a992-82bc7ec56486,IKEv1,Main,ChaCha20-Poly1305,256,SHA1,1,ECDSA-Sig,Tunnel,False,86400,98,Critical,Legacy IKEv1 used; Weak hash SHA1; Weak DH group 1; Perfect Forward Secrecy (PFS) is disabled
9a31e362-aa4d-4d94-b70e-a54ce6588470,IKEv2,Main,AES-256-CBC,256,SHA384,31,ECDSA-Sig,Transport,True,3600,0,Low,None
11092fb4-c726-4b0c-ab2d-59f1b88e2b24,IKEv1,Main,AES-256-CBC,256,MD5,20,PSK,Transport,False,3600,74,Weak,Legacy IKEv1 used; Weak hash MD5; Perfect Forward Secrecy (PFS) is disabled
741a825f-451c-40c0-abd6-255f8598e9db,IKEv2,Main,3DES,112,SHA512,20,RSA-Sig,Transport,False,28800,65,Weak,Weak encryption 3DES; Perfect Forward Secrecy (PFS) is disabled
0f19bace-fb78-492a-a130-56a1c722c1c7,IKEv2,Main,AES-256-CBC,256,SHA256,20,RSA-Sig,Transport,False,3600,21,Strong,Perfect Forward Secrecy (PFS) is disabled
b49448f7-012e-452d-8bec-f3dc9b33ba0a,IKEv2,Main,AES-128-CBC,128,SHA256,5,PSK,Tunnel,False,3600,51,Moderate,Weak DH group 5; Perfect Forward Secrecy (PFS) is disabled
ecd493d6-176a-4cad-92f8-c6a81f35871c,IKEv2,Main,AES-128-CBC,128,MD5,5,RSA-Sig,Tunnel,True,28800,63,Weak,Weak hash MD5; Weak DH group 5
da60ccf1-e188-4eeb-a0bc-8828d95fe7d4,IKEv2,Main,AES-128-CBC,128,SHA256,2,RSA-Sig,Tunnel,True,3600,30,Strong,Weak DH group 2
d11702d6-ae93-4607-9871-63516f502bcb,IKEv1,Main,3DES,112,SHA256,1,RSA-Sig,Tunnel,False,86400,100,Critical,Legacy IKEv1 used; Weak encryption 3DES; Weak DH group 1; Perfect Forward Secrecy (PFS) is disabled
15933a01-2747-4976-ab8a-c4fbd5b80d6c,IKEv2,Main,DES,56,SHA1,19,PSK,Transport,True,86400,71,Weak,Weak encryption DES; Weak hash SHA1
3757cdde-0fcf-4a4e-9c35-748d03bd75d5,IKEv2,Main,AES-128-CBC,128,MD5,14,RSA-Sig,Tunnel,False,3600,55,Moderate,Weak hash MD5; Perfect Forward Secrecy (PFS) is disabled
4e519e1d-1046-4ede-8d8f-d1d9440066fe,IKEv2,Main,AES-256-GCM,256,MD5,21,ECDSA-Sig,Transport,False,3600,46,Moderate,Weak hash MD5; Perfect Forward Secrecy (PFS) is disabled
056dfeb0-b565-437c-bb74-08c01fcf2f05,IKEv2,Main,ChaCha20-Poly1305,256,SHA384,5,ECDSA-Sig,Transport,True,3600,27,Strong,Weak DH group 5
459b7322-18a5-47dd-b05e-f9e2ac972a68,IKEv1,Quick,DES,56,SHA1,2,ECDSA-Sig,Transport,True,86400,100,Critical,Legacy IKEv1 used; Weak encryption DES; Weak hash SHA1; Weak DH group 2
4421fbdb-3385-4b59-9ff5-b883e27c0f89,IKEv1,Main,AES-256-CBC,256,MD5,20,PSK,Tunnel,False,86400,72,Weak,Legacy IKEv1 used; Weak hash MD5; Perfect Forward Secrecy (PFS) is disabled
8787a55f-5348-4645-b132-a370c33b807d,IKEv1,Aggressive,ChaCha20-Poly1305,256,SHA1,20,RSA-Sig,Transport,True,28800,80,Critical,Legacy IKEv1 used; IKEv1 Aggressive mode vulnerable to offline dictionary attacks; Weak hash SHA1
5df4be1b-7edd-4bec-8811-31134a0b2645,IKEv2,Main,AES-256-GCM,256,MD5,20,ECDSA-Sig,Transport,True,28800,28,Strong,Weak hash MD5
18bb0b54-1ee3-4509-99eb-b07ceca456c3,IKEv2,Main,AES-128-CBC,128,SHA256,20,RSA-Sig,Tunnel,True,3600,0,Low,None
7456c3c5-697e-47bf-b3ec-d3965581943f,IKEv2,Main,DES,56,SHA512,14,ECDSA-Sig,Tunnel,True,86400,39,Strong,Weak encryption DES
044990b5-7ddc-4a97-ae89-2caf5a4c74f5,IKEv2,Main,DES,56,SHA256,5,RSA-Sig,Transport,True,3600,71,Weak,Weak encryption DES; Weak DH group 5
22d37ad9-914a-4a91-9c5e-cd9ba2b5a7c5,IKEv2,Main,AES-128-CBC,128,SHA512,1,ECDSA-Sig,Tunnel,True,28800,28,Strong,Weak DH group 1
d8d0d879-c9b1-4867-9873-431500704bad,IKEv2,Main,DES,56,SHA256,2,RSA-Sig,Tunnel,False,28800,92,Critical,Weak encryption DES; Weak DH group 2; Perfect Forward Secrecy (PFS) is disabled
91f09d52-a370-4496-b10c-19d9d6bd39a3,IKEv1,Quick,AES-256-CBC,256,SHA384,31,RSA-Sig,Transport,True,86400,19,Low,Legacy IKEv1 used
b441ea17-6104-4f20-9fc6-1caca72ffd67,IKEv1,Aggressive,AES-256-GCM,256,SHA256,20,ECDSA-Sig,Transport,True,28800,50,Moderate,Legacy IKEv1 used; IKEv1 Aggressive mode vulnerable to offline dictionary attacks
8b106870-4452-43c6-849d-f13f69daa808,IKEv2,Main,3DES,112,MD5,19,ECDSA-Sig,Tunnel,False,28800,89,Critical,Weak encryption 3DES; Weak hash MD5; Perfect Forward Secrecy (PFS) is disabled
d66dab14-4202-471b-ba22-9becb3b5f999,IKEv2,Main,3DES,112,SHA512,1,ECDSA-Sig,Transport,True,86400,74,Weak,Weak encryption 3DES; Weak DH group 1
aa4243cb-47a1-4925-af7f-df08dbd1452e,IKEv2,Main,DES,56,SHA256,21,ECDSA-Sig,Tunnel,True,86400,44,Moderate,Weak encryption DES
90311c51-afb1-4052-82dd-b5ccd41d3f57,IKEv2,Main,DES,56,SHA1,1,RSA-Sig,Tunnel,True,86400,95,Critical,Weak encryption DES; Weak hash SHA1; Weak DH group 1
36309f9d-d262-45ea-aadd-8d21654f5a7b,IKEv2,Main,AES-256-CBC,256,SHA256,21,ECDSA-Sig,Transport,False,3600,19,Low,Perfect Forward Secrecy (PFS) is disabled
a2689e0a-aab8-4f51-b3d4-51509ae0e7cb,IKEv1,Quick,DES,56,MD5,19,RSA-Sig,Transport,False,86400,100,Critical,Legacy IKEv1 used; Weak encryption DES; Weak hash MD5; Perfect Forward Secrecy (PFS) is disabled
95d75a8b-fdd2-4219-9dce-ea8acbaf1333,IKEv1,Main,AES-256-GCM,256,MD5,14,ECDSA-Sig,Tunnel,True,28800,50,Moderate,Legacy IKEv1 used; Weak hash MD5
a14ed57f-1533-4d7f-9a4b-345e13ebe9d8,IKEv1,Quick,3DES,112,MD5,20,ECDSA-Sig,Transport,False,3600,100,Critical,Legacy IKEv1 used; Weak encryption 3DES; Weak hash MD5; Perfect Forward Secrecy (PFS) is disabled
123d0ab4-70ac-406e-924c-1fdc7bc79c8b,IKEv1,Main,3DES,112,SHA1,19,ECDSA-Sig,Tunnel,False,3600,100,Critical,Legacy IKEv1 used; Weak encryption 3DES; Weak hash SHA1; Perfect Forward Secrecy (PFS) is disabled
a5c1a5bd-0e97-4754-b3d9-fa8289b5c6c3,IKEv1,Aggressive,AES-256-GCM,256,SHA512,31,ECDSA-Sig,Transport,False,28800,75,Weak,Legacy IKEv1 used; IKEv1 Aggressive mode vulnerable to offline dictionary attacks; Perfect Forward Secrecy (PFS) is disabled
e076a061-56e9-45c0-9986-c635862054ba,IKEv2,Main,AES-256-CBC,256,MD5,19,PSK,Transport,False,28800,46,Moderate,Weak hash MD5; Perfect Forward Secrecy (PFS) is disabled
4f3029d0-dac9-43a0-8411-23e3115a3338,IKEv2,Main,AES-128-CBC,128,SHA384,5,RSA-Sig,Transport,False,3600,52,Moderate,Weak DH group 5; Perfect Forward Secrecy (PFS) is disabled
61152a8c-98ed-45b0-9c68-3251924e4882,IKEv1,Aggressive,AES-256-GCM,256,SHA1,19,ECDSA-Sig,Tunnel,False,28800,99,Critical,Legacy IKEv1 used; IKEv1 Aggressive mode vulnerable to offline dictionary attacks; Weak hash SHA1; Perfect Forward Secrecy (PFS) is disabled
55eeed75-d337-4b7e-917d-77461751bdda,IKEv1,Main,ChaCha20-Poly1305,256,SHA1,5,RSA-Sig,Tunnel,False,86400,97,Critical,Legacy IKEv1 used; Weak hash SHA1; Weak DH group 5; Perfect Forward Secrecy (PFS) is disabled
a76a4a26-f306-4474-88f9-3c161c083d0b,IKEv2,Main,DES,56,SHA256,20,RSA-Sig,Tunnel,False,3600,61,Weak,Weak encryption DES; Perfect Forward Secrecy (PFS) is disabled
baa1d611-311f-4818-b0af-c194bfdbdc61,IKEv1,Aggressive,ChaCha20-Poly1305,256,SHA384,21,ECDSA-Sig,Tunnel,False,3600,75,Weak,Legacy IKEv1 used; IKEv1 Aggressive mode vulnerable to offline dictionary attacks; Perfect Forward Secrecy (PFS) is disabled
ed3cf2dd-032b-497e-aa1d-27f9d7959242,IKEv2,Main,3DES,112,SHA384,2,RSA-Sig,Transport,True,3600,73,Weak,Weak encryption 3DES; Weak DH group 2
0c4329b8-f919-467d-b3e0-6b639376dc76,IKEv2,Main,3DES,112,SHA256,5,PSK,Tunnel,True,28800,69,Weak,Weak encryption 3DES; Weak DH group 5
86eb50b1-37c5-41c5-a1ea-9acfdfc18fb4,IKEv2,Main,AES-256-GCM,256,SHA256,2,ECDSA-Sig,Tunnel,True,86400,26,Strong,Weak DH group 2
1d156d4f-02b1-4166-aa67-6afb7396cad7,IKEv2,Main,AES-256-CBC,256,SHA1,20,ECDSA-Sig,Tunnel,True,86400,35,Strong,Weak hash SHA1
3d70d921-3cf6-4e46-a679-cec108b5633c,IKEv2,Main,AES-256-CBC,256,SHA512,21,RSA-Sig,Tunnel,False,86400,19,Low,Perfect Forward Secrecy (PFS) is disabled
1f88ddca-24d1-4b64-bf07-2916e6f51a46,IKEv2,Main,ChaCha20-Poly1305,256,SHA1,31,PSK,Transport,True,86400,30,Strong,Weak hash SHA1
6b9e6c35-2116-4157-9f96-faef5b77f42f,IKEv2,Main,AES-256-GCM,256,MD5,20,PSK,Tunnel,True,86400,34,Strong,Weak hash MD5
ea852450-1f17-474a-af23-609f11ae1e72,IKEv1,Aggressive,DES,56,SHA256,1,PSK,Transport,True,86400,100,Critical,Legacy IKEv1 used; IKEv1 Aggressive mode vulnerable to offline dictionary attacks; Weak encryption DES; Weak DH group 1; PSK with Aggressive Mode is highly risky
582de492-b093-4196-aae0-23846e520437,IKEv2,Main,AES-128-CBC,128,SHA384,31,ECDSA-Sig,Transport,True,3600,0,Low,None
7af9cd8e-64c3-45d2-b0ec-aa0ac2da479c,IKEv1,Main,AES-256-CBC,256,SHA384,19,PSK,Tunnel,False,3600,37,Strong,Legacy IKEv1 used; Perfect Forward Secrecy (PFS) is disabled
c3a96580-00e3-4e88-a552-0aca8cc4cd4d,IKEv2,Main,AES-256-CBC,256,SHA1,5,PSK,Tunnel,False,3600,82,Critical,Weak hash SHA1; Weak DH group 5; Perfect Forward Secrecy (PFS) is disabled
1e02403c-3d78-42d5-af38-bba1666a18ac,IKEv1,Aggressive,AES-256-CBC,256,MD5,14,PSK,Tunnel,True,3600,97,Critical,Legacy IKEv1 used; IKEv1 Aggressive mode vulnerable to offline dictionary attacks; Weak hash MD5; PSK with Aggressive Mode is highly risky
ae7da2f0-daa6-4360-ae2c-47be1ea38e6f,IKEv2,Main,DES,56,SHA512,2,PSK,Transport,True,28800,72,Weak,Weak encryption DES; Weak DH group 2
3a5bc33b-3a37-4f14-b073-f0625b1d207e,IKEv2,Main,DES,56,SHA512,2,RSA-Sig,Transport,True,86400,74,Weak,Weak encryption DES; Weak DH group 2
a5c32090-594c-4634-b76e-cca406ebe14b,IKEv2,Main,AES-256-CBC,256,SHA512,5,RSA-Sig,Transport,False,3600,50,Moderate,Weak DH group 5; Perfect Forward Secrecy (PFS) is disabled
fa9ba8f4-0be9-4420-a234-6ff50cdf7cdb,IKEv2,Main,3DES,112,SHA384,21,ECDSA-Sig,Transport,False,3600,61,Weak,Weak encryption 3DES; Perfect Forward Secrecy (PFS) is disabled
0028bec6-da45-430e-9261-f6c7e4f52869,IKEv2,Main,AES-128-CBC,128,SHA256,2,ECDSA-Sig,Tunnel,False,28800,53,Moderate,Weak DH group 2; Perfect Forward Secrecy (PFS) is disabled
bf449f87-b6b6-4118-a685-3cd4e9a2bf72,IKEv2,Main,AES-256-CBC,256,SHA1,19,RSA-Sig,Tunnel,True,28800,32,Strong,Weak hash SHA1
0a0b20ac-e3be-4614-a6c3-59fb5c42bfe7,IKEv2,Main,AES-128-CBC,128,MD5,19,PSK,Transport,True,86400,33,Strong,Weak hash MD5
bd9e1b2f-7775-4a1c-ae76-dd85127f40a2,IKEv2,Main,AES-256-CBC,256,SHA512,14,RSA-Sig,Tunnel,True,28800,5,Low,None
be85a785-6f4d-4259-893b-4be391e9f20d,IKEv1,Quick,ChaCha20-Poly1305,256,SHA1,1,ECDSA-Sig,Transport,True,28800,78,Weak,Legacy IKEv1 used; Weak hash SHA1; Weak DH group 1
a66c2804-a282-40ce-8758-fbb770880b54,IKEv2,Main,AES-256-GCM,256,SHA512,21,PSK,Tunnel,True,86400,0,Low,None
135d5991-e1f1-4829-9b0c-06b802c252e9,IKEv1,Aggressive,DES,56,SHA256,5,RSA-Sig,Transport,False,28800,100,Critical,Legacy IKEv1 used; IKEv1 Aggressive mode vulnerable to offline dictionary attacks; Weak encryption DES; Weak DH group 5; Perfect Forward Secrecy (PFS) is disabled
6f1bf4fc-2755-49a5-99c9-2e18d0980b22,IKEv2,Main,AES-256-GCM,256,SHA1,2,ECDSA-Sig,Tunnel,True,3600,64,Weak,Weak hash SHA1; Weak DH group 2
acee0251-7cc1-46e5-8218-990386af90ba,IKEv1,Aggressive,3DES,112,SHA384,21,ECDSA-Sig,Tunnel,True,3600,86,Critical,Legacy IKEv1 used; IKEv1 Aggressive mode vulnerable to offline dictionary attacks; Weak encryption 3DES
beab7293-130f-40ce-a523-f45d10bac53a,IKEv1,Main,DES,56,SHA512,31,PSK,Transport,False,28800,83,Critical,Legacy IKEv1 used; Weak encryption DES; Perfect Forward Secrecy (PFS) is disabled
5fd7b454-9b88-4f62-b088-836fa588bf9a,IKEv1,Quick,AES-128-CBC,128,MD5,19,PSK,Tunnel,False,86400,72,Weak,Legacy IKEv1 used; Weak hash MD5; Perfect Forward Secrecy (PFS) is disabled
0637e825-54b6-41dc-b95b-f85db0d9faed,IKEv2,Main,3DES,112,SHA512,21,PSK,Tunnel,True,3600,43,Moderate,Weak encryption 3DES
1479ae08-07f9-4b02-b4e1-b8d4c8104680,IKEv2,Main,DES,56,SHA256,1,ECDSA-Sig,Tunnel,True,3600,70,Weak,Weak encryption DES; Weak DH group 1
ec9cc51f-130f-45c2-ad73-2b0568950a4c,IKEv2,Main,DES,56,SHA1,14,RSA-Sig,Transport,False,3600,86,Critical,Weak encryption DES; Weak hash SHA1; Perfect Forward Secrecy (PFS) is disabled
06310900-a29f-4d4f-880b-1d5e8071496f,IKEv1,Main,AES-256-CBC,256,SHA512,20,RSA-Sig,Tunnel,False,86400,44,Moderate,Legacy IKEv1 used; Perfect Forward Secrecy (PFS) is disabled
386a8ef2-b318-418d-9cb7-035d71b7a211,IKEv2,Main,DES,56,SHA512,19,RSA-Sig,Transport,True,86400,36,Strong,Weak encryption DES
d8488e58-4fde-493a-828e-7cefa6313ea9,IKEv2,Main,ChaCha20-Poly1305,256,SHA256,5,PSK,Transport,True,86400,25,Strong,Weak DH group 5
ac23b876-7ebe-4dbc-aa53-22bc35034ec1,IKEv1,Aggressive,DES,56,SHA256,19,PSK,Transport,True,3600,100,Critical,Legacy IKEv1 used; IKEv1 Aggressive mode vulnerable to offline dictionary attacks; Weak encryption DES; PSK with Aggressive Mode is highly risky
2649fb53-0238-417b-951b-027ac298162e,IKEv2,Main,ChaCha20-Poly1305,256,MD5,19,PSK,Tunnel,False,86400,53,Moderate,Weak hash MD5; Perfect Forward Secrecy (PFS) is disabled
ee38befd-7c37-4cf2-b59e-1e006a102b90,IKEv1,Quick,ChaCha20-Poly1305,256,SHA1,31,ECDSA-Sig,Tunnel,False,28800,68,Weak,Legacy IKEv1 used; Weak hash SHA1; Perfect Forward Secrecy (PFS) is disabled
2dc7a5be-dda7-4a35-a648-1e58f61f1c2a,IKEv2,Main,AES-128-CBC,128,SHA384,31,PSK,Transport,True,3600,4,Low,None
fb8514c8-75ce-4db5-8ddc-011f14580c70,IKEv2,Main,3DES,112,SHA1,2,RSA-Sig,Transport,False,86400,100,Critical,Weak encryption 3DES; Weak hash SHA1; Weak DH group 2; Perfect Forward Secrecy (PFS) is disabled
3d1f2e75-a583-4075-970f-9955053bddb4,IKEv2,Main,DES,56,SHA512,31,RSA-Sig,Tunnel,True,28800,37,Strong,Weak encryption DES
55a80856-fc7b-4500-9fc1-a752f33c9a48,IKEv2,Main,ChaCha20-Poly1305,256,SHA1,2,ECDSA-Sig,Tunnel,True,3600,57,Moderate,Weak hash SHA1; Weak DH group 2
62291b43-192b-4980-9410-af99b39190ad,IKEv2,Main,ChaCha20-Poly1305,256,SHA384,31,PSK,Transport,True,28800,0,Low,None
ef2654f9-8a1d-4948-bda4-310df5395001,IKEv1,Quick,DES,56,SHA512,5,RSA-Sig,Transport,True,28800,93,Critical,Legacy IKEv1 used; Weak encryption DES; Weak DH group 5
11a970c2-b13e-463d-bee3-6bea88f2c34a,IKEv1,Quick,3DES,112,SHA512,20,PSK,Tunnel,False,28800,82,Critical,Legacy IKEv1 used; Weak encryption 3DES; Perfect Forward Secrecy (PFS) is disabled
201dd3a9-eca9-45a7-8917-79fceab549a3,IKEv1,Main,ChaCha20-Poly1305,256,SHA1,1,ECDSA-Sig,Tunnel,False,28800,96,Critical,Legacy IKEv1 used; Weak hash SHA1; Weak DH group 1; Perfect Forward Secrecy (PFS) is disabled
ddad1fa2-d5b0-4608-8d7c-590f6751f619,IKEv2,Main,AES-128-CBC,128,SHA256,21,RSA-Sig,Tunnel,True,3600,5,Low,None
d8068d07-7eaa-449b-99cc-0030e5fdfc0d,IKEv2,Main,ChaCha20-Poly1305,256,SHA256,1,PSK,Transport,True,86400,28,Strong,Weak DH group 1
1e84c286-d093-4ec3-badf-5dcb89109fd5,IKEv1,Quick,ChaCha20-Poly1305,256,SHA1,20,ECDSA-Sig,Transport,False,3600,74,Weak,Legacy IKEv1 used; Weak hash SHA1; Perfect Forward Secrecy (PFS) is disabled
aaa50bde-369e-4a4d-b381-55b1c3eeaee4,IKEv1,Aggressive,AES-256-CBC,256,SHA512,31,RSA-Sig,Tunnel,True,86400,52,Moderate,Legacy IKEv1 used; IKEv1 Aggressive mode vulnerable to offline dictionary attacks
f7408789-7b6d-4fcd-8b87-2cd84fc56163,IKEv2,Main,AES-256-GCM,256,SHA384,5,PSK,Transport,True,28800,26,Strong,Weak DH group 5
ed5d01b3-d657-45b4-82b4-74d2e9b96b28,IKEv2,Main,AES-128-CBC,128,SHA512,1,PSK,Transport,False,86400,53,Moderate,Weak DH group 1; Perfect Forward Secrecy (PFS) is disabled
1d60b8bb-2786-45c8-b8de-553fd66f09d5,IKEv1,Main,AES-256-GCM,256,SHA384,31,PSK,Tunnel,True,28800,22,Strong,Legacy IKEv1 used
40758f85-2515-4e7c-a123-ff1573bad839,IKEv2,Main,AES-256-CBC,256,MD5,31,PSK,Transport,True,28800,25,Strong,Weak hash MD5
f3920541-3b64-4619-8a9f-4d7db4d7c29c,IKEv2,Main,ChaCha20-Poly1305,256,SHA1,20,PSK,Tunnel,True,28800,32,Strong,Weak hash SHA1
f53b173b-8dc8-434e-99b4-f85aef6bb64e,IKEv2,Main,ChaCha20-Poly1305,256,SHA512,31,ECDSA-Sig,Tunnel,False,86400,17,Low,Perfect Forward Secrecy (PFS) is disabled
0ab65e10-cd71-4e6d-9b89-5d8bacd7cab1,IKEv2,Main,AES-256-GCM,256,SHA512,20,ECDSA-Sig,Transport,True,86400,3,Low,None
01afc603-4f8d-4107-98d3-93e070146a36,IKEv2,Main,3DES,112,MD5,1,ECDSA-Sig,Transport,False,3600,100,Critical,Weak encryption 3DES; Weak hash MD5; Weak DH group 1; Perfect Forward Secrecy (PFS) is disabled
ed3164ee-6cc3-4253-9a5b-288faed647bd,IKEv2,Main,3DES,112,SHA1,31,ECDSA-Sig,Tunnel,False,28800,92,Critical,Weak encryption 3DES; Weak hash SHA1; Perfect Forward Secrecy (PFS) is disabled
f1f5bfa3-de79-4cfc-8b29-0228ff901652,IKEv2,Main,3DES,112,SHA1,2,PSK,Tunnel,True,28800,100,Critical,Weak encryption 3DES; Weak hash SHA1; Weak DH group 2
5cff7e26-79cf-4926-a923-60ea46800f36,IKEv2,Main,AES-256-GCM,256,SHA1,21,RSA-Sig,Transport,False,3600,45,Moderate,Weak hash SHA1; Perfect Forward Secrecy (PFS) is disabled
95faaaf4-6c81-478e-8071-f64889d560b0,IKEv2,Main,3DES,112,SHA256,2,RSA-Sig,Tunnel,True,28800,73,Weak,Weak encryption 3DES; Weak DH group 2
71a8fb99-d4fa-467f-b7f6-286b0d11e09c,IKEv2,Main,AES-128-CBC,128,SHA384,14,ECDSA-Sig,Transport,False,86400,22,Strong,Perfect Forward Secrecy (PFS) is disabled
3a3bc822-066e-48a9-aa3e-926a3101feb4,IKEv2,Main,AES-128-CBC,128,SHA384,5,ECDSA-Sig,Tunnel,True,28800,35,Strong,Weak DH group 5
9f466554-d675-439c-a79b-219d525d8f40,IKEv1,Quick,3DES,112,SHA1,14,RSA-Sig,Tunnel,False,3600,100,Critical,Legacy IKEv1 used; Weak encryption 3DES; Weak hash SHA1; Perfect Forward Secrecy (PFS) is disabled
1ac82d6b-042f-4c3c-a402-68177cc12411,IKEv2,Main,AES-256-GCM,256,MD5,1,PSK,Transport,False,3600,75,Weak,Weak hash MD5; Weak DH group 1; Perfect Forward Secrecy (PFS) is disabled
24a3c263-4e21-499f-bd3d-7143734b2670,IKEv2,Main,AES-256-CBC,256,SHA256,20,RSA-Sig,Tunnel,True,3600,1,Low,None
b52a468f-bffd-4c08-8cb8-6c4e3d5ce01b,IKEv2,Main,AES-256-GCM,256,SHA1,2,RSA-Sig,Tunnel,False,3600,79,Weak,Weak hash SHA1; Weak DH group 2; Perfect Forward Secrecy (PFS) is disabled
720f0361-fe10-4b80-abe4-762671e2dcc3,IKEv2,Main,3DES,112,SHA512,21,PSK,Transport,False,28800,55,Moderate,Weak encryption 3DES; Perfect Forward Secrecy (PFS) is disabled
11d5273e-5575-4cac-a3ff-d8864d368fbc,IKEv2,Main,DES,56,SHA512,31,PSK,Transport,False,3600,58,Moderate,Weak encryption DES; Perfect Forward Secrecy (PFS) is disabled
35723d86-d30a-44b4-a0e8-28937d95e86e,IKEv2,Main,3DES,112,SHA256,20,RSA-Sig,Tunnel,False,3600,64,Weak,Weak encryption 3DES; Perfect Forward Secrecy (PFS) is disabled
9880b55b-1af6-40f5-a1d2-598cb34096c8,IKEv1,Aggressive,DES,56,SHA512,31,ECDSA-Sig,Transport,False,28800,100,Critical,Legacy IKEv1 used; IKEv1 Aggressive mode vulnerable to offline dictionary attacks; Weak encryption DES; Perfect Forward Secrecy (PFS) is disabled
b6de2195-c98b-4094-8c1a-1b37186ad076,IKEv2,Main,DES,56,MD5,19,PSK,Transport,False,86400,85,Critical,Weak encryption DES; Weak hash MD5; Perfect Forward Secrecy (PFS) is disabled
95613e20-39f3-489b-a902-a92b02fb2cd7,IKEv2,Main,AES-256-GCM,256,SHA256,21,ECDSA-Sig,Tunnel,False,3600,21,Strong,Perfect Forward Secrecy (PFS) is disabled
dec07e9d-3e39-485b-afed-9e44ad42b1aa,IKEv2,Main,AES-128-CBC,128,SHA384,20,RSA-Sig,Tunnel,False,28800,20,Strong,Perfect Forward Secrecy (PFS) is disabled
8806c879-4af0-4d6c-9aa2-6b986b0d230a,IKEv2,Main,AES-256-GCM,256,MD5,1,RSA-Sig,Transport,True,28800,56,Moderate,Weak hash MD5; Weak DH group 1
6291a1a5-c6da-4784-80ca-4bfb2c53485e,IKEv2,Main,AES-128-CBC,128,SHA512,20,ECDSA-Sig,Tunnel,False,28800,23,Strong,Perfect Forward Secrecy (PFS) is disabled
3fb23f14-b233-48c8-ba7e-23d7a7a0994a,IKEv1,Main,ChaCha20-Poly1305,256,MD5,2,ECDSA-Sig,Tunnel,False,28800,95,Critical,Legacy IKEv1 used; Weak hash MD5; Weak DH group 2; Perfect Forward Secrecy (PFS) is disabled
51c5d1c2-e249-4bfb-8109-5ad96bd6ba05,IKEv2,Main,DES,56,SHA384,2,ECDSA-Sig,Tunnel,True,3600,66,Weak,Weak encryption DES; Weak DH group 2
21cb5296-95fc-45e6-9d8e-05f0ac86971b,IKEv2,Main,AES-128-CBC,128,SHA512,1,PSK,Transport,False,86400,52,Moderate,Weak DH group 1; Perfect Forward Secrecy (PFS) is disabled
5d31b4eb-ada8-49da-b6d7-086db13828e1,IKEv2,Main,AES-256-CBC,256,SHA512,2,PSK,Transport,True,3600,25,Strong,Weak DH group 2
bd820df7-86b2-4a3b-8ade-8d86b7568a32,IKEv2,Main,DES,56,SHA512,14,ECDSA-Sig,Transport,True,28800,39,Strong,Weak encryption DES
0a4ff9ea-a521-47a0-b9e9-33acac252b0b,IKEv1,Main,AES-128-CBC,128,MD5,21,ECDSA-Sig,Transport,True,86400,51,Moderate,Legacy IKEv1 used; Weak hash MD5
cac1c227-3f13-4dd0-a90b-4738a2899567,IKEv2,Main,ChaCha20-Poly1305,256,SHA256,1,ECDSA-Sig,Transport,False,28800,47,Moderate,Weak DH group 1; Perfect Forward Secrecy (PFS) is disabled
fa157734-a998-47b4-aa2f-cccb7b845df3,IKEv1,Main,3DES,112,SHA512,31,PSK,Transport,False,28800,77,Weak,Legacy IKEv1 used; Weak encryption 3DES; Perfect Forward Secrecy (PFS) is disabled
cf11db00-775d-46dd-836c-332b909d885d,IKEv2,Main,AES-128-CBC,128,SHA1,14,PSK,Tunnel,False,28800,55,Moderate,Weak hash SHA1; Perfect Forward Secrecy (PFS) is disabled
193d6f63-21d5-44d2-8af1-3cff679eb6e1,IKEv1,Main,AES-256-CBC,256,SHA384,31,PSK,Transport,True,28800,25,Strong,Legacy IKEv1 used
69a0de44-d7a6-4f97-8e7b-730312e3a103,IKEv1,Aggressive,ChaCha20-Poly1305,256,MD5,19,PSK,Tunnel,False,28800,100,Critical,Legacy IKEv1 used; IKEv1 Aggressive mode vulnerable to offline dictionary attacks; Weak hash MD5; PSK with Aggressive Mode is highly risky; Perfect Forward Secrecy (PFS) is disabled
0cc04b53-280f-41b4-b92e-8a659c55844b,IKEv2,Main,AES-256-CBC,256,SHA512,14,RSA-Sig,Transport,True,86400,0,Low,None
8e453e06-98f7-4ae1-ba0b-db2f5537d410,IKEv2,Main,AES-128-CBC,128,SHA1,31,ECDSA-Sig,Transport,True,3600,31,Strong,Weak hash SHA1
8bc9fc02-fbef-4efe-a2b2-31040ced18fb,IKEv2,Main,AES-256-GCM,256,SHA1,1,RSA-Sig,Tunnel,True,3600,62,Weak,Weak hash SHA1; Weak DH group 1
2026d047-9cf3-4233-b73a-de4e2cd81b37,IKEv1,Quick,AES-128-CBC,128,MD5,5,RSA-Sig,Tunnel,True,28800,81,Critical,Legacy IKEv1 used; Weak hash MD5; Weak DH group 5
f4751cfd-84ad-4dbd-ba9d-57d1f5ba946f,IKEv2,Main,AES-256-GCM,256,MD5,19,RSA-Sig,Tunnel,True,86400,31,Strong,Weak hash MD5
d87d21db-7ca5-455e-a708-76b76ceb5dea,IKEv1,Aggressive,AES-256-GCM,256,SHA512,19,RSA-Sig,Transport,True,28800,46,Moderate,Legacy IKEv1 used; IKEv1 Aggressive mode vulnerable to offline dictionary attacks
65cc7c06-aa99-4460-84d6-9562676cd03c,IKEv2,Main,ChaCha20-Poly1305,256,SHA256,21,ECDSA-Sig,Transport,True,3600,5,Low,None
e4e9be82-f667-41a7-b959-da0691f54cac,IKEv1,Quick,DES,56,SHA256,19,ECDSA-Sig,Transport,False,3600,85,Critical,Legacy IKEv1 used; Weak encryption DES; Perfect Forward Secrecy (PFS) is disabled
779a96ec-b333-4034-9fea-f3fe9d9b278c,IKEv2,Main,DES,56,SHA512,14,PSK,Tunnel,False,28800,63,Weak,Weak encryption DES; Perfect Forward Secrecy (PFS) is disabled
214b9fb9-adf0-48d3-85c6-85dcc602f872,IKEv2,Main,AES-256-CBC,256,SHA384,5,ECDSA-Sig,Transport,True,28800,27,Strong,Weak DH group 5
cfc5aadd-a8dc-48b4-a303-799f4ac27037,IKEv2,Main,AES-256-CBC,256,SHA384,1,ECDSA-Sig,Transport,False,28800,55,Moderate,Weak DH group 1; Perfect Forward Secrecy (PFS) is disabled
5a81a39a-750c-4146-bf03-a8c8162f508e,IKEv2,Main,AES-256-GCM,256,SHA512,31,RSA-Sig,Transport,False,3600,20,Strong,Perfect Forward Secrecy (PFS) is disabled
04e339a6-ba86-43e7-b4c8-b1323362e8cb,IKEv2,Main,DES,56,SHA256,21,RSA-Sig,Transport,False,3600,56,Moderate,Weak encryption DES; Perfect Forward Secrecy (PFS) is disabled
0248835b-3e77-45b3-92b2-8e9a2438151d,IKEv2,Main,ChaCha20-Poly1305,256,SHA512,14,RSA-Sig,Transport,False,86400,17,Low,Perfect Forward Secrecy (PFS) is disabled
283588d1-9b63-4954-a183-c6ccc0d009ad,IKEv1,Aggressive,AES-256-GCM,256,SHA1,14,ECDSA-Sig,Tunnel,True,3600,83,Critical,Legacy IKEv1 used; IKEv1 Aggressive mode vulnerable to offline dictionary attacks; Weak hash SHA1
61e9c4b0-ff48-4d05-ba45-5d96de878182,IKEv2,Main,AES-256-GCM,256,MD5,19,RSA-Sig,Tunnel,False,3600,51,Moderate,Weak hash MD5; Perfect Forward Secrecy (PFS) is disabled
279bb025-62d7-478b-8893-c17c07fc02fd,IKEv1,Quick,ChaCha20-Poly1305,256,SHA384,19,PSK,Transport,False,28800,43,Moderate,Legacy IKEv1 used; Perfect Forward Secrecy (PFS) is disabled
3782c868-bc98-4343-afe4-b7a5305f07de,IKEv1,Quick,ChaCha20-Poly1305,256,SHA512,1,RSA-Sig,Transport,False,28800,67,Weak,Legacy IKEv1 used; Weak DH group 1; Perfect Forward Secrecy (PFS) is disabled
aeb8aa22-dac9-4613-90b2-9519c4710a1b,IKEv2,Main,AES-128-CBC,128,SHA1,20,PSK,Tunnel,True,86400,28,Strong,Weak hash SHA1
78e9fc98-9e5f-4d07-b616-a4629b18ac25,IKEv1,Main,ChaCha20-Poly1305,256,SHA384,31,PSK,Tunnel,True,28800,15,Low,Legacy IKEv1 used
24f59284-c59a-4393-ac42-5e7e0ce45a24,IKEv2,Main,AES-256-GCM,256,SHA384,14,RSA-Sig,Tunnel,False,86400,15,Low,Perfect Forward Secrecy (PFS) is disabled
8bc98637-683c-4a74-ae7b-e67de6d398c4,IKEv2,Main,AES-256-GCM,256,SHA512,21,ECDSA-Sig,Transport,False,28800,19,Low,Perfect Forward Secrecy (PFS) is disabled
88cf64fb-cc72-4b03-a9f7-f1955bb9e971,IKEv1,Quick,AES-128-CBC,128,SHA384,31,PSK,Tunnel,True,28800,22,Strong,Legacy IKEv1 used
2640b29d-3056-451f-9b7b-13c283d82e85,IKEv2,Main,AES-256-GCM,256,MD5,5,RSA-Sig,Tunnel,False,3600,85,Critical,Weak hash MD5; Weak DH group 5; Perfect Forward Secrecy (PFS) is disabled
1e38ac2d-7dca-4288-a932-fb60ab58d48c,IKEv2,Main,DES,56,SHA512,31,RSA-Sig,Transport,False,28800,63,Weak,Weak encryption DES; Perfect Forward Secrecy (PFS) is disabled
7ebb6080-9ccd-408d-967a-eb4e2e0aa5f2,IKEv2,Main,AES-256-CBC,256,SHA512,19,RSA-Sig,Tunnel,True,28800,1,Low,None
9d2d3c97-35b8-4d85-a062-b4fdf725ba9b,IKEv1,Main,ChaCha20-Poly1305,256,SHA256,14,PSK,Tunnel,False,3600,43,Moderate,Legacy IKEv1 used; Perfect Forward Secrecy (PFS) is disabled
594294dd-f250-4d70-b0ee-b5701541e3eb,IKEv2,Main,AES-256-GCM,256,MD5,1,PSK,Tunnel,False,86400,81,Critical,Weak hash MD5; Weak DH group 1; Perfect Forward Secrecy (PFS) is disabled
3b0e5dd6-6270-450f-9308-6b7fcaa5c236,IKEv1,Main,ChaCha20-Poly1305,256,SHA512,5,RSA-Sig,Tunnel,False,28800,68,Weak,Legacy IKEv1 used; Weak DH group 5; Perfect Forward Secrecy (PFS) is disabled
781dc635-643e-40cf-9d23-86a2e08ff056,IKEv2,Main,AES-256-CBC,256,SHA512,31,PSK,Transport,False,28800,18,Low,Perfect Forward Secrecy (PFS) is disabled
0600e6d6-76d8-44dc-ad0f-9c5ea9e8b369,IKEv1,Aggressive,AES-128-CBC,128,SHA256,5,RSA-Sig,Tunnel,True,3600,82,Critical,Legacy IKEv1 used; IKEv1 Aggressive mode vulnerable to offline dictionary attacks; Weak DH group 5
5fcbe569-97ab-4976-93e6-9d0e7460f856,IKEv2,Main,AES-128-CBC,128,SHA256,14,ECDSA-Sig,Transport,False,86400,20,Strong,Perfect Forward Secrecy (PFS) is disabled
5e68d2e5-efcd-48bd-92fa-6775d5aaf8ed,IKEv2,Main,DES,56,SHA256,1,ECDSA-Sig,Tunnel,True,3600,67,Weak,Weak encryption DES; Weak DH group 1
631ab550-cf61-48ce-8cff-6d10c3768495,IKEv2,Main,AES-256-GCM,256,MD5,2,RSA-Sig,Transport,False,3600,79,Weak,Weak hash MD5; Weak DH group 2; Perfect Forward Secrecy (PFS) is disabled
354fc2ca-74de-4b41-9287-350a3c828ad6,IKEv2,Main,ChaCha20-Poly1305,256,SHA384,31,RSA-Sig,Tunnel,True,3600,0,Low,None
269738a5-5634-42cf-839a-21e47c2b9a56,IKEv2,Main,AES-128-CBC,128,SHA256,5,RSA-Sig,Tunnel,True,86400,26,Strong,Weak DH group 5
a32aa7ba-242c-4fb4-a7d2-2aa8835a75bd,IKEv1,Main,DES,56,MD5,5,ECDSA-Sig,Transport,True,86400,100,Critical,Legacy IKEv1 used; Weak encryption DES; Weak hash MD5; Weak DH group 5
bfdf6c57-48a0-44ce-8266-25e9f33a00d8,IKEv2,Main,3DES,112,SHA512,5,RSA-Sig,Tunnel,True,3600,75,Weak,Weak encryption 3DES; Weak DH group 5
a980dce5-bd47-46f1-8ad1-2963281a4f82,IKEv1,Main,AES-256-CBC,256,SHA256,21,RSA-Sig,Tunnel,False,86400,41,Moderate,Legacy IKEv1 used; Perfect Forward Secrecy (PFS) is disabled
8003b99c-12e0-4476-bff8-95a21eb04637,IKEv2,Main,AES-128-CBC,128,SHA256,14,RSA-Sig,Transport,True,86400,4,Low,None
57a9a74c-acb0-41e2-8b72-bb726153f7a6,IKEv2,Main,3DES,112,MD5,2,PSK,Transport,True,86400,95,Critical,Weak encryption 3DES; Weak hash MD5; Weak DH group 2
5f7d4e14-37ed-41d6-aeb2-b03ffa3b44cd,IKEv1,Main,AES-256-CBC,256,SHA1,31,RSA-Sig,Transport,True,3600,48,Moderate,Legacy IKEv1 used; Weak hash SHA1
8580d198-c1a1-4a10-bc22-2c1c25edfdb3,IKEv2,Main,DES,56,MD5,1,ECDSA-Sig,Transport,False,86400,100,Critical,Weak encryption DES; Weak hash MD5; Weak DH group 1; Perfect Forward Secrecy (PFS) is disabled
60fddbcd-6ae1-4dac-8e40-caed757cf96f,IKEv1,Aggressive,3DES,112,SHA384,2,RSA-Sig,Transport,True,3600,100,Critical,Legacy IKEv1 used; IKEv1 Aggressive mode vulnerable to offline dictionary attacks; Weak encryption 3DES; Weak DH group 2
62c6717c-241a-4048-9f2d-b4bba23389ef,IKEv2,Main,DES,56,SHA384,31,RSA-Sig,Transport,False,28800,56,Moderate,Weak encryption DES; Perfect Forward Secrecy (PFS) is disabled
0326a0d1-3606-48af-aad0-14fda23aca31,IKEv2,Main,AES-256-CBC,256,SHA256,2,ECDSA-Sig,Transport,False,86400,54,Moderate,Weak DH group 2; Perfect Forward Secrecy (PFS) is disabled
53975456-0436-4abd-814d-430b8ba71e15,IKEv2,Main,ChaCha20-Poly1305,256,SHA1,20,PSK,Tunnel,False,86400,45,Moderate,Weak hash SHA1; Perfect Forward Secrecy (PFS) is disabled
c73b96a5-7c45-4f48-b062-a6347798200b,IKEv2,Main,AES-256-CBC,256,SHA512,31,ECDSA-Sig,Transport,False,86400,22,Strong,Perfect Forward Secrecy (PFS) is disabled
64723e4d-56ac-414c-bee7-38f1f050325b,IKEv2,Main,AES-256-GCM,256,MD5,5,RSA-Sig,Tunnel,True,28800,64,Weak,Weak hash MD5; Weak DH group 5
2679da9d-1c72-4e5d-95bd-997842054fcb,IKEv2,Main,3DES,112,SHA384,21,PSK,Transport,True,28800,45,Moderate,Weak encryption 3DES
e4d7f6a1-ecda-4567-a68c-76ca48e30886,IKEv1,Main,AES-128-CBC,128,SHA384,20,RSA-Sig,Transport,True,28800,15,Low,Legacy IKEv1 used
31d527f3-8ad4-4c2c-b0db-528f48a70c55,IKEv2,Main,3DES,112,SHA1,19,PSK,Transport,True,3600,68,Weak,Weak encryption 3DES; Weak hash SHA1
84ee528f-c485-4671-b1ae-810a3fcb3637,IKEv2,Main,AES-128-CBC,128,SHA384,2,RSA-Sig,Transport,False,86400,45,Moderate,Weak DH group 2; Perfect Forward Secrecy (PFS) is disabled
ece5d48f-95a2-4654-8d40-3b5b1e0afaa5,IKEv1,Aggressive,3DES,112,SHA256,21,ECDSA-Sig,Tunnel,False,86400,100,Critical,Legacy IKEv1 used; IKEv1 Aggressive mode vulnerable to offline dictionary attacks; Weak encryption 3DES; Perfect Forward Secrecy (PFS) is disabled
be2b79c9-39eb-4dc3-97e6-65f809a14775,IKEv2,Main,ChaCha20-Poly1305,256,SHA1,31,ECDSA-Sig,Transport,True,3600,32,Strong,Weak hash SHA1
9182358b-510a-4c27-b4cc-7508e9c445a4,IKEv2,Main,AES-128-CBC,128,SHA1,20,ECDSA-Sig,Transport,False,3600,48,Moderate,Weak hash SHA1; Perfect Forward Secrecy (PFS) is disabled
e2885eca-fef1-4238-8336-e242791b214c,IKEv2,Main,DES,56,MD5,31,ECDSA-Sig,Transport,False,3600,93,Critical,Weak encryption DES; Weak hash MD5; Perfect Forward Secrecy (PFS) is disabled
23e7d999-5fe7-4c8e-8846-f3564bb18198,IKEv2,Main,ChaCha20-Poly1305,256,SHA1,2,ECDSA-Sig,Tunnel,False,3600,78,Weak,Weak hash SHA1; Weak DH group 2; Perfect Forward Secrecy (PFS) is disabled
f0fa7d87-c2d3-4392-9e4f-36cc8d973f25,IKEv2,Main,DES,56,SHA512,2,ECDSA-Sig,Transport,True,86400,65,Weak,Weak encryption DES; Weak DH group 2
f08169f1-f539-440d-bc82-a1f6acf255c9,IKEv2,Main,DES,56,MD5,21,PSK,Tunnel,False,3600,87,Critical,Weak encryption DES; Weak hash MD5; Perfect Forward Secrecy (PFS) is disabled
6bb39ea9-4b0d-4c87-b562-a61515a7dd41,IKEv2,Main,ChaCha20-Poly1305,256,SHA512,31,RSA-Sig,Tunnel,False,86400,23,Strong,Perfect Forward Secrecy (PFS) is disabled
5b85052c-3901-4750-a3d1-6fc4fe511391,IKEv1,Main,AES-128-CBC,128,SHA384,5,RSA-Sig,Tunnel,False,86400,69,Weak,Legacy IKEv1 used; Weak DH group 5; Perfect Forward Secrecy (PFS) is disabled
56055aec-6199-4c55-92a9-d6685b9ed582,IKEv1,Quick,3DES,112,SHA1,31,ECDSA-Sig,Transport,True,86400,88,Critical,Legacy IKEv1 used; Weak encryption 3DES; Weak hash SHA1
51d651a0-a1b8-44ef-9955-3f3d982788b3,IKEv2,Main,DES,56,SHA512,14,ECDSA-Sig,Tunnel,False,28800,64,Weak,Weak encryption DES; Perfect Forward Secrecy (PFS) is disabled
6bee3ed4-ad58-4ca5-869e-ddc6afe414d3,IKEv1,Aggressive,AES-256-GCM,256,SHA1,21,PSK,Tunnel,True,86400,100,Critical,Legacy IKEv1 used; IKEv1 Aggressive mode vulnerable to offline dictionary attacks; Weak hash SHA1; PSK with Aggressive Mode is highly risky
fa3ea801-a825-49fc-ba9e-890a767af06c,IKEv1,Aggressive,AES-128-CBC,128,SHA512,1,PSK,Tunnel,False,3600,100,Critical,Legacy IKEv1 used; IKEv1 Aggressive mode vulnerable to offline dictionary attacks; Weak DH group 1; PSK with Aggressive Mode is highly risky; Perfect Forward Secrecy (PFS) is disabled
3f429bc9-cc70-4074-b348-057f5d6aeb1c,IKEv1,Aggressive,ChaCha20-Poly1305,256,SHA384,2,ECDSA-Sig,Tunnel,True,3600,84,Critical,Legacy IKEv1 used; IKEv1 Aggressive mode vulnerable to offline dictionary attacks; Weak DH group 2
29733cef-7383-4691-976c-2ddbe71f60b6,IKEv2,Main,AES-256-GCM,256,MD5,1,ECDSA-Sig,Tunnel,True,86400,65,Weak,Weak hash MD5; Weak DH group 1
768b515a-b857-4226-b997-3010f36e50a1,IKEv2,Main,AES-256-CBC,256,SHA512,5,ECDSA-Sig,Tunnel,True,28800,30,Strong,Weak DH group 5
8984f3aa-a704-4776-8f8f-29a03fcc9bf8,IKEv2,Main,3DES,112,SHA384,2,RSA-Sig,Transport,True,28800,68,Weak,Weak encryption 3DES; Weak DH group 2
2756d486-2679-4f4e-b3c3-2690e0d70edc,IKEv2,Main,DES,56,SHA1,31,RSA-Sig,Transport,False,3600,89,Critical,Weak encryption DES; Weak hash SHA1; Perfect Forward Secrecy (PFS) is disabled
b033ceba-b0bf-456c-9188-32cf10749d65,IKEv2,Main,AES-128-CBC,128,SHA256,31,ECDSA-Sig,Tunnel,False,86400,17,Low,Perfect Forward Secrecy (PFS) is disabled
200eea6f-be5b-40f3-b7f0-7721e73810e7,IKEv2,Main,3DES,112,SHA256,2,PSK,Tunnel,False,86400,95,Critical,Weak encryption 3DES; Weak DH group 2; Perfect Forward Secrecy (PFS) is disabled
870fa643-a4db-4b66-b8ec-da06ff471f69,IKEv2,Main,AES-256-GCM,256,SHA512,5,RSA-Sig,Transport,True,3600,33,Strong,Weak DH group 5
878aabf9-14f8-43b0-ba78-dc1ee363ba23,IKEv2,Main,ChaCha20-Poly1305,256,SHA512,14,PSK,Transport,False,3600,18,Low,Perfect Forward Secrecy (PFS) is disabled
30866acf-144c-439c-ae58-dcabb077650a,IKEv2,Main,AES-256-CBC,256,SHA256,20,PSK,Tunnel,True,3600,1,Low,None
b601eb5e-b4b5-4e28-aff9-3f746d7c8154,IKEv2,Main,ChaCha20-Poly1305,256,SHA1,2,ECDSA-Sig,Tunnel,True,28800,59,Moderate,Weak hash SHA1; Weak DH group 2
f6fab65c-2aad-4659-bdc5-cc07c9afddc1,IKEv2,Main,AES-128-CBC,128,SHA384,21,PSK,Transport,False,3600,19,Low,Perfect Forward Secrecy (PFS) is disabled
2c64647f-b8db-4b5d-beaa-592c370d4385,IKEv2,Main,DES,56,SHA384,1,RSA-Sig,Transport,False,86400,85,Critical,Weak encryption DES; Weak DH group 1; Perfect Forward Secrecy (PFS) is disabled
e245d159-537e-4111-86e7-046c04c71705,IKEv1,Quick,ChaCha20-Poly1305,256,SHA1,14,ECDSA-Sig,Transport,True,86400,53,Moderate,Legacy IKEv1 used; Weak hash SHA1
a95d8452-afc4-493e-845c-68b794d68e37,IKEv2,Main,DES,56,MD5,14,RSA-Sig,Tunnel,False,86400,94,Critical,Weak encryption DES; Weak hash MD5; Perfect Forward Secrecy (PFS) is disabled
8fa2ead6-493b-40d9-89f6-ec38948bef33,IKEv1,Main,3DES,112,SHA1,21,PSK,Tunnel,True,86400,87,Critical,Legacy IKEv1 used; Weak encryption 3DES; Weak hash SHA1
883ebcc1-abfe-4a8a-aedc-0e29a0fd7944,IKEv2,Main,ChaCha20-Poly1305,256,SHA512,20,PSK,Tunnel,False,86400,25,Strong,Perfect Forward Secrecy (PFS) is disabled
6eb270f3-590d-4eae-aefd-4cb0467df0fd,IKEv2,Main,DES,56,SHA512,20,RSA-Sig,Transport,True,86400,45,Moderate,Weak encryption DES
24ab6e9c-18b9-403d-bd88-7dda3918b919,IKEv2,Main,AES-256-CBC,256,SHA384,19,RSA-Sig,Tunnel,True,86400,1,Low,None
ea78bd12-28e3-40e7-b16b-69e5ad782051,IKEv2,Main,DES,56,SHA384,1,PSK,Tunnel,True,3600,73,Weak,Weak encryption DES; Weak DH group 1
372df077-c3e0-4332-9691-f0c835862d94,IKEv1,Main,3DES,112,SHA1,31,RSA-Sig,Transport,False,3600,100,Critical,Legacy IKEv1 used; Weak encryption 3DES; Weak hash SHA1; Perfect Forward Secrecy (PFS) is disabled
d3eca3d0-c1bc-47ed-a2e4-8e24eafd3ccd,IKEv2,Main,AES-128-CBC,128,SHA256,2,PSK,Transport,True,86400,25,Strong,Weak DH group 2
62fb01a0-2aa3-49e9-87e6-a94bae9cbfde,IKEv1,Aggressive,AES-128-CBC,128,MD5,14,ECDSA-Sig,Tunnel,False,28800,100,Critical,Legacy IKEv1 used; IKEv1 Aggressive mode vulnerable to offline dictionary attacks; Weak hash MD5; Perfect Forward Secrecy (PFS) is disabled
33ca46cf-c01d-4d62-9443-f2395cf47228,IKEv1,Quick,AES-128-CBC,128,SHA1,1,RSA-Sig,Transport,True,28800,85,Critical,Legacy IKEv1 used; Weak hash SHA1; Weak DH group 1
8b563379-dd0b-481b-84a6-0d8080e42f69,IKEv1,Main,3DES,112,SHA1,1,PSK,Tunnel,True,86400,100,Critical,Legacy IKEv1 used; Weak encryption 3DES; Weak hash SHA1; Weak DH group 1
18226a2b-022a-4212-abb7-812ee124f180,IKEv2,Main,ChaCha20-Poly1305,256,SHA1,20,PSK,Tunnel,False,3600,51,Moderate,Weak hash SHA1; Perfect Forward Secrecy (PFS) is disabled
32e961c6-d1d2-470d-9154-c7d03913d7c5,IKEv2,Main,AES-256-GCM,256,SHA384,21,RSA-Sig,Transport,True,86400,3,Low,None
2a1c314d-0c97-4617-b163-f5df0ac09c77,IKEv1,Aggressive,ChaCha20-Poly1305,256,SHA512,31,ECDSA-Sig,Tunnel,True,28800,50,Moderate,Legacy IKEv1 used; IKEv1 Aggressive mode vulnerable to offline dictionary attacks
1f4dcc31-83bb-4214-970b-f20dbd2adbc2,IKEv1,Aggressive,DES,56,SHA1,20,RSA-Sig,Tunnel,False,28800,100,Critical,Legacy IKEv1 used; IKEv1 Aggressive mode vulnerable to offline dictionary attacks; Weak encryption DES; Weak hash SHA1; Perfect Forward Secrecy (PFS) is disabled
aca9f9f8-1744-4efd-b021-4e6b9df797a3,IKEv2,Main,DES,56,SHA384,21,ECDSA-Sig,Transport,True,28800,41,Moderate,Weak encryption DES
b28449b5-3902-4675-a100-3e8bf6fa28c8,IKEv2,Main,AES-256-CBC,256,MD5,21,RSA-Sig,Tunnel,False,86400,47,Moderate,Weak hash MD5; Perfect Forward Secrecy (PFS) is disabled
802d3994-d5ca-4d14-952e-981fc85750c4,IKEv1,Aggressive,ChaCha20-Poly1305,256,SHA512,20,ECDSA-Sig,Tunnel,False,3600,69,Weak,Legacy IKEv1 used; IKEv1 Aggressive mode vulnerable to offline dictionary attacks; Perfect Forward Secrecy (PFS) is disabled
e2f8fd7b-f940-4b39-997b-c539da48d504,IKEv2,Main,ChaCha20-Poly1305,256,SHA512,21,PSK,Tunnel,False,86400,21,Strong,Perfect Forward Secrecy (PFS) is disabled
868e08cd-4be8-4624-b6b2-34055dae2939,IKEv2,Main,AES-128-CBC,128,SHA384,14,ECDSA-Sig,Tunnel,True,3600,0,Low,None
7bce4484-6d7e-490b-bbd6-a045372bbe4f,IKEv2,Main,DES,56,SHA256,20,ECDSA-Sig,Tunnel,True,3600,43,Moderate,Weak encryption DES
8e9ba4b5-6be8-45d2-a45f-197cd5d6a6ff,IKEv1,Main,AES-256-GCM,256,MD5,1,PSK,Tunnel,False,28800,100,Critical,Legacy IKEv1 used; Weak hash MD5; Weak DH group 1; Perfect Forward Secrecy (PFS) is disabled
af1ca9ad-6b1d-4226-b31f-eca92be57121,IKEv2,Main,AES-256-CBC,256,SHA512,5,RSA-Sig,Transport,False,3600,48,Moderate,Weak DH group 5; Perfect Forward Secrecy (PFS) is disabled
c49290f5-f069-45bc-bc19-38765acafd47,IKEv2,Main,ChaCha20-Poly1305,256,SHA256,21,ECDSA-Sig,Tunnel,False,86400,18,Low,Perfect Forward Secrecy (PFS) is disabled
24d536c3-9d60-40fa-8412-1a50ae02496e,IKEv2,Main,AES-256-CBC,256,MD5,2,ECDSA-Sig,Tunnel,False,86400,79,Weak,Weak hash MD5; Weak DH group 2; Perfect Forward Secrecy (PFS) is disabled
e299a978-bda7-4101-be3d-f9245144085e,IKEv2,Main,AES-128-CBC,128,MD5,2,PSK,Tunnel,False,28800,77,Weak,Weak hash MD5; Weak DH group 2; Perfect Forward Secrecy (PFS) is disabled
596894c7-1255-4b08-9aeb-a29f90815230,IKEv2,Main,AES-128-CBC,128,SHA256,21,ECDSA-Sig,Transport,False,3600,22,Strong,Perfect Forward Secrecy (PFS) is disabled
c63d2e42-2ec3-4dd0-84e3-251007e0857f,IKEv1,Aggressive,ChaCha20-Poly1305,256,SHA256,1,RSA-Sig,Transport,True,86400,75,Weak,Legacy IKEv1 used; IKEv1 Aggressive mode vulnerable to offline dictionary attacks; Weak DH group 1
9c60224e-5a3a-416d-a8e7-95fcdf31cea8,IKEv2,Main,3DES,112,SHA256,14,RSA-Sig,Transport,False,3600,63,Weak,Weak encryption 3DES; Perfect Forward Secrecy (PFS) is disabled
1652545b-0e74-45db-90c2-be828ecde6d1,IKEv1,Aggressive,AES-256-GCM,256,MD5,19,PSK,Transport,True,86400,100,Critical,Legacy IKEv1 used; IKEv1 Aggressive mode vulnerable to offline dictionary attacks; Weak hash MD5; PSK with Aggressive Mode is highly risky
3476afab-7f9b-4a7c-8ef6-26195a7aca39,IKEv1,Main,ChaCha20-Poly1305,256,SHA384,20,RSA-Sig,Transport,False,28800,41,Moderate,Legacy IKEv1 used; Perfect Forward Secrecy (PFS) is disabled
48a3dcb7-f697-41a7-94a8-03be509a86c3,IKEv2,Main,DES,56,SHA1,20,ECDSA-Sig,Tunnel,True,28800,73,Weak,Weak encryption DES; Weak hash SHA1
20962309-192c-4509-8b37-27462c65479b,IKEv1,Quick,3DES,112,MD5,2,RSA-Sig,Tunnel,False,86400,100,Critical,Legacy IKEv1 used; Weak encryption 3DES; Weak hash MD5; Weak DH group 2; Perfect Forward Secrecy (PFS) is disabled
3d4d0644-b92a-44f2-bd1f-9d2645db58ed,IKEv2,Main,DES,56,MD5,21,RSA-Sig,Tunnel,False,3600,87,Critical,Weak encryption DES; Weak hash MD5; Perfect Forward Secrecy (PFS) is disabled
1a92678b-176c-4987-82ea-1a772f1049ca,IKEv2,Main,AES-256-CBC,256,MD5,21,PSK,Transport,False,86400,51,Moderate,Weak hash MD5; Perfect Forward Secrecy (PFS) is disabled
906b6987-d5dc-4b1f-9aab-1c3d3c90da9c,IKEv2,Main,DES,56,MD5,31,ECDSA-Sig,Tunnel,False,3600,88,Critical,Weak encryption DES; Weak hash MD5; Perfect Forward Secrecy (PFS) is disabled
6c9cb734-c768-4bbc-8e93-ab12c57a4ca3,IKEv2,Main,ChaCha20-Poly1305,256,SHA384,21,RSA-Sig,Transport,True,28800,0,Low,None
26de04cb-772b-4764-8815-fc5d11d09171,IKEv2,Main,ChaCha20-Poly1305,256,SHA384,14,ECDSA-Sig,Tunnel,True,28800,0,Low,None
623b387f-84cd-407b-81e3-d16107702a0c,IKEv1,Aggressive,DES,56,MD5,20,RSA-Sig,Transport,False,86400,100,Critical,Legacy IKEv1 used; IKEv1 Aggressive mode vulnerable to offline dictionary attacks; Weak encryption DES; Weak hash MD5; Perfect Forward Secrecy (PFS) is disabled
f7a4b27f-6808-4003-b665-83566d7ff110,IKEv2,Main,3DES,112,SHA256,5,PSK,Tunnel,True,86400,75,Weak,Weak encryption 3DES; Weak DH group 5
64c9a6bc-449f-459d-9b46-bce30854d75f,IKEv2,Main,AES-256-CBC,256,SHA512,31,ECDSA-Sig,Tunnel,True,86400,0,Low,None
7489174c-24f4-45ab-bafd-0c6cdb79becb,IKEv2,Main,AES-256-GCM,256,MD5,21,PSK,Transport,True,86400,32,Strong,Weak hash MD5
ebed8f6f-d1ed-47e5-be3f-24327fe8ede7,IKEv2,Main,3DES,112,MD5,19,RSA-Sig,Transport,True,86400,70,Weak,Weak encryption 3DES; Weak hash MD5
39bb2f8e-d054-4fa0-931b-85cbd8722e59,IKEv2,Main,DES,56,MD5,21,PSK,Tunnel,True,86400,66,Weak,Weak encryption DES; Weak hash MD5
1dabec00-3b61-4612-9694-24827e3df013,IKEv2,Main,AES-256-CBC,256,SHA1,1,ECDSA-Sig,Transport,True,28800,63,Weak,Weak hash SHA1; Weak DH group 1
4855009d-e6ad-40b9-9aa7-43bbde8a9a71,IKEv2,Main,DES,56,SHA384,31,ECDSA-Sig,Tunnel,False,28800,58,Moderate,Weak encryption DES; Perfect Forward Secrecy (PFS) is disabled
91f05d65-9512-4c5d-85ee-91136fb30640,IKEv2,Main,AES-256-CBC,256,SHA512,14,RSA-Sig,Tunnel,True,86400,0,Low,None
e80b24c2-b60f-4bfa-895b-1c52b39a5dd7,IKEv2,Main,ChaCha20-Poly1305,256,SHA384,31,PSK,Transport,True,86400,0,Low,None
eb1b05c2-d97e-4c09-aabd-855560335e70,IKEv1,Aggressive,AES-256-CBC,256,SHA512,31,ECDSA-Sig,Transport,False,28800,71,Weak,Legacy IKEv1 used; IKEv1 Aggressive mode vulnerable to offline dictionary attacks; Perfect Forward Secrecy (PFS) is disabled
7fc2e671-a78a-49df-b736-05c4b61acb27,IKEv1,Main,ChaCha20-Poly1305,256,SHA384,14,ECDSA-Sig,Tunnel,True,3600,25,Strong,Legacy IKEv1 used
d60165ae-97d6-4017-a3b3-230d84fb136b,IKEv2,Main,ChaCha20-Poly1305,256,SHA1,31,RSA-Sig,Transport,True,3600,34,Strong,Weak hash SHA1
d47665fd-1054-44b2-9ee6-ca0e582509a0,IKEv2,Main,DES,56,SHA1,1,ECDSA-Sig,Tunnel,True,3600,100,Critical,Weak encryption DES; Weak hash SHA1; Weak DH group 1
fa62cb20-aad1-4d7d-a906-f0aa15a0924c,IKEv2,Main,AES-256-CBC,256,SHA512,19,RSA-Sig,Transport,True,86400,0,Low,None
e6ca501a-e306-4ac9-8752-f1e95da23b1c,IKEv1,Aggressive,AES-256-CBC,256,SHA1,14,ECDSA-Sig,Tunnel,True,86400,76,Weak,Legacy IKEv1 used; IKEv1 Aggressive mode vulnerable to offline dictionary attacks; Weak hash SHA1
f1756733-7f09-4491-8446-dc5ddc615bcd,IKEv2,Main,ChaCha20-Poly1305,256,SHA512,5,ECDSA-Sig,Tunnel,False,3600,48,Moderate,Weak DH group 5; Perfect Forward Secrecy (PFS) is disabled
c4e441ac-a73e-4fc5-88f9-36982242403e,IKEv1,Quick,DES,56,SHA384,20,ECDSA-Sig,Transport,False,3600,84,Critical,Legacy IKEv1 used; Weak encryption DES; Perfect Forward Secrecy (PFS) is disabled
53996eea-373e-45cb-a3a1-2cd6ac6ae8d8,IKEv2,Main,AES-256-GCM,256,SHA1,1,PSK,Transport,True,3600,65,Weak,Weak hash SHA1; Weak DH group 1
6c2809f5-eb4a-47f1-bbea-75646e79cdff,IKEv1,Main,3DES,112,SHA384,5,RSA-Sig,Tunnel,False,3600,100,Critical,Legacy IKEv1 used; Weak encryption 3DES; Weak DH group 5; Perfect Forward Secrecy (PFS) is disabled
709d9fc6-846e-4188-98cf-84ad8326ab4e,IKEv1,Main,3DES,112,SHA256,31,ECDSA-Sig,Transport,True,3600,58,Moderate,Legacy IKEv1 used; Weak encryption 3DES
97301bd2-f14c-42ee-b788-a5a81b5b62a4,IKEv2,Main,AES-128-CBC,128,SHA1,2,RSA-Sig,Tunnel,False,86400,82,Critical,Weak hash SHA1; Weak DH group 2; Perfect Forward Secrecy (PFS) is disabled
a72245b7-bfb8-46a3-9dce-15964dc8ee3a,IKEv2,Main,AES-256-GCM,256,SHA1,31,RSA-Sig,Tunnel,True,3600,28,Strong,Weak hash SHA1
9a371fef-d3b6-4b44-a7c6-c7ffc172e69c,IKEv2,Main,AES-256-CBC,256,SHA512,21,PSK,Transport,False,3600,20,Strong,Perfect Forward Secrecy (PFS) is disabled
af47afcf-53e0-492c-b17a-a67c5e628333,IKEv2,Main,3DES,112,MD5,14,ECDSA-Sig,Tunnel,True,86400,69,Weak,Weak encryption 3DES; Weak hash MD5
a7888eb5-ca97-4285-b44c-8f911825263c,IKEv2,Main,AES-128-CBC,128,MD5,2,RSA-Sig,Transport,True,3600,55,Moderate,Weak hash MD5; Weak DH group 2
e9f787fa-c111-4eea-a75e-fe9ea159025a,IKEv2,Main,AES-256-CBC,256,SHA512,5,RSA-Sig,Tunnel,True,28800,28,Strong,Weak DH group 5
86ee9c86-0b51-48ac-a454-4b4e8fedde1a,IKEv1,Main,ChaCha20-Poly1305,256,SHA512,5,PSK,Tunnel,False,86400,68,Weak,Legacy IKEv1 used; Weak DH group 5; Perfect Forward Secrecy (PFS) is disabled
637cedd3-92db-4c31-bd17-8838474bd9f2,IKEv1,Aggressive,AES-128-CBC,128,SHA1,1,ECDSA-Sig,Tunnel,False,3600,100,Critical,Legacy IKEv1 used; IKEv1 Aggressive mode vulnerable to offline dictionary attacks; Weak hash SHA1; Weak DH group 1; Perfect Forward Secrecy (PFS) is disabled
a7e3a8e4-502b-41c4-82a1-3c346af2b029,IKEv1,Quick,AES-256-GCM,256,MD5,21,ECDSA-Sig,Tunnel,True,28800,52,Moderate,Legacy IKEv1 used; Weak hash MD5
9fdaaffd-469e-45d6-99d0-fd0b6e916090,IKEv2,Main,AES-256-GCM,256,SHA384,1,ECDSA-Sig,Tunnel,True,3600,28,Strong,Weak DH group 1
d3357c45-6210-4e1c-a2b6-919f9d8ebc49,IKEv2,Main,AES-128-CBC,128,SHA1,20,ECDSA-Sig,Tunnel,True,86400,34,Strong,Weak hash SHA1
7e2e24f2-7d06-4e27-bdda-093a73f06d95,IKEv2,Main,AES-256-GCM,256,MD5,20,PSK,Tunnel,True,28800,28,Strong,Weak hash MD5
5f5654cd-bd12-4997-9d35-fa519577ea14,IKEv2,Main,3DES,112,MD5,31,ECDSA-Sig,Transport,False,28800,91,Critical,Weak encryption 3DES; Weak hash MD5; Perfect Forward Secrecy (PFS) is disabled
65e066e4-bd1c-48bf-ab34-22c51fdf3f1d,IKEv2,Main,AES-128-CBC,128,SHA1,5,ECDSA-Sig,Tunnel,False,28800,78,Weak,Weak hash SHA1; Weak DH group 5; Perfect Forward Secrecy (PFS) is disabled
95a89ae6-c42a-401f-b3fd-cffc982700ee,IKEv2,Main,DES,56,SHA512,31,ECDSA-Sig,Tunnel,False,3600,63,Weak,Weak encryption DES; Perfect Forward Secrecy (PFS) is disabled
de1fc758-3e3e-4210-bfe5-6720174de5ca,IKEv1,Aggressive,AES-256-GCM,256,SHA256,5,ECDSA-Sig,Tunnel,False,28800,100,Critical,Legacy IKEv1 used; IKEv1 Aggressive mode vulnerable to offline dictionary attacks; Weak DH group 5; Perfect Forward Secrecy (PFS) is disabled
de6822ca-0d44-403b-a689-a8f119b217cd,IKEv2,Main,AES-256-GCM,256,SHA256,5,PSK,Transport,True,28800,29,Strong,Weak DH group 5
bb4ba47c-72aa-40bd-bc04-d302c7b2648c,IKEv1,Quick,3DES,112,SHA384,31,RSA-Sig,Transport,True,86400,61,Weak,Legacy IKEv1 used; Weak encryption 3DES
55ae3f38-ea68-4075-97a9-be422cb420b2,IKEv2,Main,3DES,112,SHA256,20,ECDSA-Sig,Transport,True,3600,42,Moderate,Weak encryption 3DES
79d071f7-2ede-43c4-8695-c5f27fa3292c,IKEv1,Aggressive,DES,56,SHA1,21,RSA-Sig,Transport,True,3600,100,Critical,Legacy IKEv1 used; IKEv1 Aggressive mode vulnerable to offline dictionary attacks; Weak encryption DES; Weak hash SHA1
0af92a68-3f47-4051-b00c-325785b0bb65,IKEv2,Main,ChaCha20-Poly1305,256,SHA256,5,ECDSA-Sig,Transport,True,3600,35,Strong,Weak DH group 5
17a2073b-abc4-4026-9a66-f64b108e33f8,IKEv1,Aggressive,AES-256-CBC,256,SHA384,19,PSK,Transport,False,28800,90,Critical,Legacy IKEv1 used; IKEv1 Aggressive mode vulnerable to offline dictionary attacks; PSK with Aggressive Mode is highly risky; Perfect Forward Secrecy (PFS) is disabled
ab864d5a-ead9-4de9-a9fc-44f960e83209,IKEv2,Main,3DES,112,SHA256,1,ECDSA-Sig,Tunnel,False,86400,89,Critical,Weak encryption 3DES; Weak DH group 1; Perfect Forward Secrecy (PFS) is disabled
0235033f-db8f-4cfe-bb62-7c543d656203,IKEv2,Main,AES-256-CBC,256,MD5,5,ECDSA-Sig,Transport,False,28800,79,Weak,Weak hash MD5; Weak DH group 5; Perfect Forward Secrecy (PFS) is disabled
26e3a290-e6b3-49d4-989e-f2181b600984,IKEv1,Aggressive,AES-128-CBC,128,SHA1,1,RSA-Sig,Tunnel,True,28800,100,Critical,Legacy IKEv1 used; IKEv1 Aggressive mode vulnerable to offline dictionary attacks; Weak hash SHA1; Weak DH group 1
ff0a07ad-d2fe-48a5-99d7-715230a8a2d0,IKEv1,Quick,3DES,112,SHA512,21,RSA-Sig,Transport,False,28800,83,Critical,Legacy IKEv1 used; Weak encryption 3DES; Perfect Forward Secrecy (PFS) is disabled
c83cdb40-d3b5-4e4b-a667-a9277c3c1bb4,IKEv2,Main,ChaCha20-Poly1305,256,SHA512,5,PSK,Tunnel,False,86400,52,Moderate,Weak DH group 5; Perfect Forward Secrecy (PFS) is disabled
732e7034-46e6-47f8-b38c-ca4248871668,IKEv1,Main,DES,56,SHA384,5,PSK,Transport,True,86400,92,Critical,Legacy IKEv1 used; Weak encryption DES; Weak DH group 5
115d693d-9703-49c0-9ef2-15220da29a09,IKEv2,Main,AES-128-CBC,128,SHA384,1,ECDSA-Sig,Tunnel,False,86400,46,Moderate,Weak DH group 1; Perfect Forward Secrecy (PFS) is disabled
485c079b-ff7b-4c21-9358-452675997c34,IKEv1,Aggressive,3DES,112,MD5,31,RSA-Sig,Transport,True,28800,100,Critical,Legacy IKEv1 used; IKEv1 Aggressive mode vulnerable to offline dictionary attacks; Weak encryption 3DES; Weak hash MD5
ed0be739-3bd6-43df-b70a-ee517823198b,IKEv2,Main,ChaCha20-Poly1305,256,SHA512,19,RSA-Sig,Tunnel,False,86400,20,Strong,Perfect Forward Secrecy (PFS) is disabled
581b0564-62b5-43d0-a83b-0628570850d4,IKEv1,Main,ChaCha20-Poly1305,256,MD5,5,RSA-Sig,Transport,False,86400,98,Critical,Legacy IKEv1 used; Weak hash MD5; Weak DH group 5; Perfect Forward Secrecy (PFS) is disabled
c74eacd4-0ed1-437a-8ee5-ceee50ce950d,IKEv1,Main,3DES,112,SHA1,2,ECDSA-Sig,Tunnel,True,86400,100,Critical,Legacy IKEv1 used; Weak encryption 3DES; Weak hash SHA1; Weak DH group 2
f87d6dea-4efd-45b4-a5bf-3aeb7ffbefef,IKEv2,Main,DES,56,SHA256,31,RSA-Sig,Tunnel,True,86400,40,Moderate,Weak encryption DES
74e9f896-90a6-4f5e-b758-4b41fe99f531,IKEv2,Main,DES,56,SHA384,2,ECDSA-Sig,Tunnel,False,3600,91,Critical,Weak encryption DES; Weak DH group 2; Perfect Forward Secrecy (PFS) is disabled
0df5a6c3-c2c0-4d19-b723-3c3d67fc686a,IKEv1,Quick,3DES,112,SHA256,1,PSK,Transport,True,3600,85,Critical,Legacy IKEv1 used; Weak encryption 3DES; Weak DH group 1
73f31d3a-37bc-42d0-a889-209d1d4741b7,IKEv1,Aggressive,ChaCha20-Poly1305,256,SHA256,2,ECDSA-Sig,Transport,True,86400,84,Critical,Legacy IKEv1 used; IKEv1 Aggressive mode vulnerable to offline dictionary attacks; Weak DH group 2
4c5f882f-6b29-4443-9279-b59e2ca79d42,IKEv1,Aggressive,AES-128-CBC,128,SHA384,19,RSA-Sig,Tunnel,True,3600,48,Moderate,Legacy IKEv1 used; IKEv1 Aggressive mode vulnerable to offline dictionary attacks
750b16fc-db84-4e2f-a109-e9830a7b6f32,IKEv2,Main,3DES,112,MD5,5,RSA-Sig,Tunnel,False,28800,100,Critical,Weak encryption 3DES; Weak hash MD5; Weak DH group 5; Perfect Forward Secrecy (PFS) is disabled
079e761d-7944-4a4b-9b44-2c08d321a72b,IKEv2,Main,ChaCha20-Poly1305,256,SHA384,20,ECDSA-Sig,Tunnel,False,86400,15,Low,Perfect Forward Secrecy (PFS) is disabled
763c9522-59f3-4ccf-b868-733583c8a3dc,IKEv2,Main,AES-256-CBC,256,SHA512,21,RSA-Sig,Tunnel,False,3600,19,Low,Perfect Forward Secrecy (PFS) is disabled
6b64abb6-3b1a-4c34-9e38-a9fce62de437,IKEv2,Main,AES-256-CBC,256,MD5,19,ECDSA-Sig,Tunnel,True,86400,33,Strong,Weak hash MD5
ca80be6e-0a90-4d0d-8c1a-3b90509b3988,IKEv2,Main,DES,56,SHA512,21,PSK,Tunnel,True,86400,44,Moderate,Weak encryption DES
e01b4c79-f4f4-4941-84da-7bd398d3fd7c,IKEv2,Main,AES-256-GCM,256,SHA512,21,PSK,Tunnel,True,86400,4,Low,None
e8a55911-6ac7-4ef9-9b0f-7f7f1825bda4,IKEv1,Quick,3DES,112,MD5,1,RSA-Sig,Tunnel,False,3600,100,Critical,Legacy IKEv1 used; Weak encryption 3DES; Weak hash MD5; Weak DH group 1; Perfect Forward Secrecy (PFS) is disabled
3cb06ae5-f857-42d2-ab33-258bcf560a29,IKEv2,Main,DES,56,SHA384,2,ECDSA-Sig,Transport,True,3600,69,Weak,Weak encryption DES; Weak DH group 2
8ce0e46e-4992-474c-acfe-c148174ae2e3,IKEv2,Main,AES-256-CBC,256,SHA256,1,RSA-Sig,Tunnel,False,28800,47,Moderate,Weak DH group 1; Perfect Forward Secrecy (PFS) is disabled
754649d0-c046-449e-b242-fe97f60c0b3e,IKEv2,Main,DES,56,SHA384,14,RSA-Sig,Transport,False,28800,58,Moderate,Weak encryption DES; Perfect Forward Secrecy (PFS) is disabled
05ca4e16-dd85-44c7-b299-95b15ac1201f,IKEv2,Main,3DES,112,SHA256,20,RSA-Sig,Transport,False,28800,60,Weak,Weak encryption 3DES; Perfect Forward Secrecy (PFS) is disabled
cb9887e8-f535-4b9b-9374-8d9c97afa36d,IKEv2,Main,3DES,112,SHA384,31,RSA-Sig,Transport,False,28800,58,Moderate,Weak encryption 3DES; Perfect Forward Secrecy (PFS) is disabled
51fe1fd0-98c7-4a44-a026-6ee28b40ad45,IKEv2,Main,AES-256-GCM,256,SHA512,14,PSK,Tunnel,True,86400,1,Low,None
7cbfc973-c8f1-4aeb-930a-6436c739c7b3,IKEv2,Main,AES-128-CBC,128,SHA384,19,RSA-Sig,Tunnel,True,3600,4,Low,None
821fb666-fb55-48be-a6b7-2da556f9a3bd,IKEv2,Main,ChaCha20-Poly1305,256,MD5,19,PSK,Tunnel,True,28800,28,Strong,Weak hash MD5
029672c3-23d8-4c02-aeb9-b3a1a08497ef,IKEv2,Main,AES-256-GCM,256,SHA512,19,PSK,Transport,False,28800,22,Strong,Perfect Forward Secrecy (PFS) is disabled
b8b0254f-fb19-4769-ab23-a41c9c1b53b4,IKEv1,Main,AES-128-CBC,128,SHA384,2,RSA-Sig,Transport,False,28800,73,Weak,Legacy IKEv1 used; Weak DH group 2; Perfect Forward Secrecy (PFS) is disabled
182c84be-3a77-4ed0-9cb5-69a4b3509d6e,IKEv2,Main,AES-256-GCM,256,SHA512,1,RSA-Sig,Tunnel,True,3600,35,Strong,Weak DH group 1
5c31aa0c-c00b-4bc7-b098-2ddef9fb86f9,IKEv2,Main,AES-256-CBC,256,SHA512,14,PSK,Tunnel,False,86400,25,Strong,Perfect Forward Secrecy (PFS) is disabled
5f8a24fe-f969-4bb9-b06e-e031ab0b63e2,IKEv1,Quick,AES-256-GCM,256,SHA384,1,RSA-Sig,Transport,True,3600,50,Moderate,Legacy IKEv1 used; Weak DH group 1
1ccb2bf7-cf66-47af-a0ba-c49e9407795b,IKEv1,Aggressive,AES-256-GCM,256,SHA512,19,PSK,Transport,True,28800,69,Weak,Legacy IKEv1 used; IKEv1 Aggressive mode vulnerable to offline dictionary attacks; PSK with Aggressive Mode is highly risky
076d2714-1aa9-4b09-bd49-6a6929f12c80,IKEv1,Main,AES-128-CBC,128,SHA512,31,ECDSA-Sig,Transport,False,28800,42,Moderate,Legacy IKEv1 used; Perfect Forward Secrecy (PFS) is disabled
1e8909e4-2db7-45a5-994f-8b69dd0fea31,IKEv1,Main,DES,56,SHA512,1,RSA-Sig,Tunnel,True,3600,95,Critical,Legacy IKEv1 used; Weak encryption DES; Weak DH group 1
7890225a-942e-4f4d-a124-84ba5d1a2985,IKEv1,Quick,AES-256-CBC,256,SHA256,31,PSK,Tunnel,True,28800,22,Strong,Legacy IKEv1 used
cda92cd4-1ad7-4aff-ac70-655c92a73e8d,IKEv1,Aggressive,ChaCha20-Poly1305,256,SHA1,20,RSA-Sig,Transport,False,3600,100,Critical,Legacy IKEv1 used; IKEv1 Aggressive mode vulnerable to offline dictionary attacks; Weak hash SHA1; Perfect Forward Secrecy (PFS) is disabled
4d8e5b9f-7006-4ef1-9829-5d2ada0ac96e,IKEv2,Main,AES-256-GCM,256,SHA384,19,ECDSA-Sig,Tunnel,False,3600,17,Low,Perfect Forward Secrecy (PFS) is disabled
1c0471a1-a089-472b-b449-8234d20796e0,IKEv2,Main,3DES,112,SHA1,14,RSA-Sig,Transport,False,3600,90,Critical,Weak encryption 3DES; Weak hash SHA1; Perfect Forward Secrecy (PFS) is disabled
d4222985-5bab-4d4e-b622-8f3fb755451a,IKEv2,Main,3DES,112,SHA1,2,RSA-Sig,Tunnel,True,3600,97,Critical,Weak encryption 3DES; Weak hash SHA1; Weak DH group 2
a6074f5a-47b7-4cf7-9423-d474c8a5eaa8,IKEv2,Main,DES,56,SHA384,2,ECDSA-Sig,Transport,True,28800,67,Weak,Weak encryption DES; Weak DH group 2
269265e1-382c-4486-9084-49e23d96e3e1,IKEv2,Main,AES-256-CBC,256,SHA1,31,RSA-Sig,Tunnel,False,86400,53,Moderate,Weak hash SHA1; Perfect Forward Secrecy (PFS) is disabled
fe846b5e-595a-4569-bb2d-7fb4f01e3ce3,IKEv2,Main,ChaCha20-Poly1305,256,SHA512,14,RSA-Sig,Transport,False,3600,22,Strong,Perfect Forward Secrecy (PFS) is disabled
81fb493d-d1d1-4414-a3f4-4c811ae3f428,IKEv2,Main,AES-256-GCM,256,MD5,19,PSK,Tunnel,True,86400,27,Strong,Weak hash MD5
7a9cce66-9d3e-4f47-ad79-021232f45af7,IKEv2,Main,ChaCha20-Poly1305,256,SHA512,20,PSK,Transport,False,86400,23,Strong,Perfect Forward Secrecy (PFS) is disabled
6e7e6a14-43e2-4d29-a17e-5dc37eb410fe,IKEv1,Main,3DES,112,SHA384,2,RSA-Sig,Transport,True,86400,95,Critical,Legacy IKEv1 used; Weak encryption 3DES; Weak DH group 2
957501d1-1edc-4185-9016-7c642adbab46,IKEv2,Main,DES,56,SHA512,21,ECDSA-Sig,Transport,True,86400,35,Strong,Weak encryption DES
1641f986-a98e-4aee-b702-e8dd539d4fbe,IKEv1,Quick,3DES,112,SHA512,31,ECDSA-Sig,Tunnel,True,28800,63,Weak,Legacy IKEv1 used; Weak encryption 3DES
0d1380bd-40c0-4626-9146-233f1d9e5ea4,IKEv1,Quick,ChaCha20-Poly1305,256,SHA1,14,RSA-Sig,Tunnel,True,28800,45,Moderate,Legacy IKEv1 used; Weak hash SHA1
25455c6a-bc55-4ba1-acb7-f284f210ece4,IKEv2,Main,AES-256-GCM,256,MD5,31,PSK,Tunnel,True,3600,26,Strong,Weak hash MD5
2123c473-f5ee-4179-89d1-1c561d270cfb,IKEv2,Main,AES-256-GCM,256,SHA1,31,RSA-Sig,Transport,False,28800,55,Moderate,Weak hash SHA1; Perfect Forward Secrecy (PFS) is disabled
a9314118-390a-46bc-abf2-e9fb6ddebb04,IKEv2,Main,3DES,112,SHA1,20,ECDSA-Sig,Transport,True,86400,65,Weak,Weak encryption 3DES; Weak hash SHA1
74fd89c0-2426-4265-ad82-fb4658c347bf,IKEv1,Aggressive,3DES,112,SHA384,14,PSK,Transport,False,86400,100,Critical,Legacy IKEv1 used; IKEv1 Aggressive mode vulnerable to offline dictionary attacks; Weak encryption 3DES; PSK with Aggressive Mode is highly risky; Perfect Forward Secrecy (PFS) is disabled
b1687b98-7c59-46f1-8c52-2ee880a31893,IKEv2,Main,3DES,112,SHA384,21,RSA-Sig,Tunnel,True,3600,41,Moderate,Weak encryption 3DES
61d246da-ab88-42b4-bcf8-140f3efab2d0,IKEv1,Aggressive,AES-256-GCM,256,MD5,21,ECDSA-Sig,Tunnel,True,86400,77,Weak,Legacy IKEv1 used; IKEv1 Aggressive mode vulnerable to offline dictionary attacks; Weak hash MD5
a8ff5742-ac3b-4e4d-a179-1200e468b504,IKEv1,Quick,AES-256-CBC,256,SHA1,20,RSA-Sig,Transport,True,28800,55,Moderate,Legacy IKEv1 used; Weak hash SHA1
5680983b-d09e-434b-9598-c0a244b9328e,IKEv2,Main,DES,56,MD5,5,PSK,Tunnel,False,3600,100,Critical,Weak encryption DES; Weak hash MD5; Weak DH group 5; Perfect Forward Secrecy (PFS) is disabled
db021912-f292-4d7c-8aae-9f4b66aafeb0,IKEv2,Main,3DES,112,SHA384,14,PSK,Transport,True,28800,36,Strong,Weak encryption 3DES
ad89171f-4d30-401e-8cba-9e3837394509,IKEv2,Main,3DES,112,SHA512,1,PSK,Transport,True,28800,67,Weak,Weak encryption 3DES; Weak DH group 1
15e303fb-7c1b-45e1-bffd-1c09b8a4eb96,IKEv1,Quick,AES-256-CBC,256,SHA256,14,ECDSA-Sig,Tunnel,False,28800,35,Strong,Legacy IKEv1 used; Perfect Forward Secrecy (PFS) is disabled
55e4fd47-9305-41c1-bcbd-f684b7384663,IKEv2,Main,AES-128-CBC,128,SHA384,19,ECDSA-Sig,Transport,True,28800,0,Low,None
069d7b5a-a9ef-4c0d-ab93-f74d6c561d50,IKEv2,Main,AES-256-GCM,256,SHA1,14,PSK,Transport,False,86400,53,Moderate,Weak hash SHA1; Perfect Forward Secrecy (PFS) is disabled
56680c63-f88a-49e6-ad4b-f182dcfbcfb3,IKEv1,Main,AES-256-GCM,256,SHA512,19,PSK,Transport,True,28800,22,Strong,Legacy IKEv1 used
16726334-be7a-4a30-ad3e-41f698295cc3,IKEv2,Main,AES-256-CBC,256,SHA1,21,ECDSA-Sig,Transport,False,28800,50,Moderate,Weak hash SHA1; Perfect Forward Secrecy (PFS) is disabled
3a0a38f9-c871-48a2-90ce-4c382134f0d1,IKEv2,Main,AES-256-CBC,256,SHA256,5,PSK,Tunnel,True,86400,25,Strong,Weak DH group 5
fc1d1557-731b-4b07-8d8a-51c7472de5c8,IKEv1,Quick,AES-256-CBC,256,SHA512,21,RSA-Sig,Transport,True,3600,24,Strong,Legacy IKEv1 used
79290334-bcb6-4a46-8961-7d1849ba3ac3,IKEv1,Main,ChaCha20-Poly1305,256,SHA1,5,ECDSA-Sig,Transport,True,28800,85,Critical,Legacy IKEv1 used; Weak hash SHA1; Weak DH group 5
4c929020-71c6-4f62-b109-c53d7f265f05,IKEv1,Main,AES-256-CBC,256,SHA512,20,PSK,Tunnel,True,86400,25,Strong,Legacy IKEv1 used
48973b73-fc37-47c5-8551-54bdccdeb1dd,IKEv2,Main,AES-256-CBC,256,MD5,1,ECDSA-Sig,Transport,True,86400,64,Weak,Weak hash MD5; Weak DH group 1
8565b37c-a5b9-49b3-961b-e36e4310f696,IKEv2,Main,AES-256-CBC,256,MD5,20,PSK,Tunnel,False,28800,52,Moderate,Weak hash MD5; Perfect Forward Secrecy (PFS) is disabled
2efa7aa4-eaa4-427d-b71f-cb5e2a222f02,IKEv1,Quick,AES-128-CBC,128,MD5,31,PSK,Tunnel,False,28800,75,Weak,Legacy IKEv1 used; Weak hash MD5; Perfect Forward Secrecy (PFS) is disabled
f0734df8-8064-4cdd-95e1-feb9e8ee3b03,IKEv1,Quick,3DES,112,SHA1,31,PSK,Transport,True,3600,92,Critical,Legacy IKEv1 used; Weak encryption 3DES; Weak hash SHA1
db6538fa-88d1-4a57-9598-397f31625fc1,IKEv2,Main,AES-256-GCM,256,SHA256,2,ECDSA-Sig,Transport,False,28800,45,Moderate,Weak DH group 2; Perfect Forward Secrecy (PFS) is disabled
80b7e8c2-4973-4eb1-a9f9-7d2f502fe214,IKEv2,Main,ChaCha20-Poly1305,256,MD5,1,ECDSA-Sig,Transport,False,3600,75,Weak,Weak hash MD5; Weak DH group 1; Perfect Forward Secrecy (PFS) is disabled
cd50f6dc-79ca-4205-9169-a6c7d6a2dfab,IKEv1,Aggressive,3DES,112,SHA512,2,ECDSA-Sig,Tunnel,True,86400,100,Critical,Legacy IKEv1 used; IKEv1 Aggressive mode vulnerable to offline dictionary attacks; Weak encryption 3DES; Weak DH group 2
99277022-ad34-4c5e-9748-580caae8fc88,IKEv1,Main,3DES,112,MD5,20,ECDSA-Sig,Transport,False,86400,100,Critical,Legacy IKEv1 used; Weak encryption 3DES; Weak hash MD5; Perfect Forward Secrecy (PFS) is disabled
381f0b97-9655-4087-b449-12c5d5d010f1,IKEv1,Quick,DES,56,SHA256,2,PSK,Tunnel,False,28800,100,Critical,Legacy IKEv1 used; Weak encryption DES; Weak DH group 2; Perfect Forward Secrecy (PFS) is disabled
23b9595d-b065-4e54-8403-47e7b69a1deb,IKEv2,Main,AES-256-GCM,256,SHA512,19,PSK,Transport,False,3600,15,Low,Perfect Forward Secrecy (PFS) is disabled
b47ff631-9f52-4696-bc64-8530390dcb48,IKEv2,Main,ChaCha20-Poly1305,256,SHA384,14,RSA-Sig,Tunnel,True,28800,0,Low,None
1aab6de5-85ea-4272-8078-44fdcc716ea5,IKEv2,Main,3DES,112,SHA384,20,RSA-Sig,Transport,True,3600,43,Moderate,Weak encryption 3DES
72793925-f31b-49b2-9aa7-76834968ee08,IKEv1,Aggressive,3DES,112,MD5,31,RSA-Sig,Tunnel,True,3600,100,Critical,Legacy IKEv1 used; IKEv1 Aggressive mode vulnerable to offline dictionary attacks; Weak encryption 3DES; Weak hash MD5
bc74149f-8f91-48e9-8b63-b405ca70f1ff,IKEv1,Quick,DES,56,SHA384,2,ECDSA-Sig,Tunnel,True,3600,93,Critical,Legacy IKEv1 used; Weak encryption DES; Weak DH group 2
24a8bc08-7e76-428a-b68d-7b1f6d7ce030,IKEv1,Main,ChaCha20-Poly1305,256,SHA256,5,PSK,Transport,True,28800,49,Moderate,Legacy IKEv1 used; Weak DH group 5
9ac661d2-778f-41d8-9129-804d3132d7e4,IKEv1,Aggressive,AES-256-CBC,256,MD5,21,RSA-Sig,Transport,True,28800,75,Weak,Legacy IKEv1 used; IKEv1 Aggressive mode vulnerable to offline dictionary attacks; Weak hash MD5
76f6eeb1-e7c7-4547-843e-9cc3ce83b1b6,IKEv1,Aggressive,DES,56,MD5,19,PSK,Transport,False,86400,100,Critical,Legacy IKEv1 used; IKEv1 Aggressive mode vulnerable to offline dictionary attacks; Weak encryption DES; Weak hash MD5; PSK with Aggressive Mode is highly risky; Perfect Forward Secrecy (PFS) is disabled
316e0af2-808e-4326-8b87-8340e3394681,IKEv2,Main,AES-256-CBC,256,SHA1,21,ECDSA-Sig,Transport,False,28800,55,Moderate,Weak hash SHA1; Perfect Forward Secrecy (PFS) is disabled
12b864b5-86e1-44ed-b6bd-4fcbaaa4a323,IKEv2,Main,AES-256-GCM,256,SHA512,31,RSA-Sig,Tunnel,True,3600,1,Low,None
b8d3dbf1-47f2-464b-a9c8-220412596fc1,IKEv2,Main,ChaCha20-Poly1305,256,SHA512,1,RSA-Sig,Transport,False,86400,47,Moderate,Weak DH group 1; Perfect Forward Secrecy (PFS) is disabled
7bec771f-cda1-4467-8564-65fdff777259,IKEv2,Main,AES-128-CBC,128,SHA1,14,RSA-Sig,Transport,True,3600,26,Strong,Weak hash SHA1
99a1fcb6-5662-45d0-ac81-f9527cf1d82a,IKEv2,Main,AES-256-CBC,256,MD5,14,ECDSA-Sig,Transport,False,28800,46,Moderate,Weak hash MD5; Perfect Forward Secrecy (PFS) is disabled
b0f3cff3-af6e-48e3-b31e-01f4aeac8525,IKEv2,Main,AES-128-CBC,128,SHA1,2,ECDSA-Sig,Tunnel,True,3600,63,Weak,Weak hash SHA1; Weak DH group 2
9e208113-8527-49bc-a04c-49428cdc26ae,IKEv1,Aggressive,ChaCha20-Poly1305,256,SHA384,21,PSK,Tunnel,True,3600,67,Weak,Legacy IKEv1 used; IKEv1 Aggressive mode vulnerable to offline dictionary attacks; PSK with Aggressive Mode is highly risky
c9121812-5f76-4be5-bd93-310b36a0d31f,IKEv1,Quick,ChaCha20-Poly1305,256,SHA512,2,PSK,Tunnel,False,3600,68,Weak,Legacy IKEv1 used; Weak DH group 2; Perfect Forward Secrecy (PFS) is disabled
ae9343eb-5312-4e10-af82-d6f50c9df4ff,IKEv2,Main,DES,56,SHA512,31,ECDSA-Sig,Tunnel,True,86400,38,Strong,Weak encryption DES
31f6ef21-f77c-4a67-a838-0733c240785a,IKEv2,Main,AES-256-CBC,256,MD5,31,ECDSA-Sig,Transport,False,86400,54,Moderate,Weak hash MD5; Perfect Forward Secrecy (PFS) is disabled
3661a858-caa4-48d6-a651-2b3476e4de72,IKEv2,Main,AES-256-GCM,256,SHA256,31,PSK,Transport,False,28800,23,Strong,Perfect Forward Secrecy (PFS) is disabled
3730162f-6850-4e16-8387-591bb88c42d7,IKEv2,Main,DES,56,SHA256,19,ECDSA-Sig,Transport,False,28800,59,Moderate,Weak encryption DES; Perfect Forward Secrecy (PFS) is disabled
d575565c-7f65-49cd-9df3-484d31455426,IKEv1,Main,AES-128-CBC,128,SHA256,31,RSA-Sig,Tunnel,False,86400,40,Moderate,Legacy IKEv1 used; Perfect Forward Secrecy (PFS) is disabled
afd624e6-3ccf-45e6-9eeb-4898a6dceb34,IKEv2,Main,AES-256-GCM,256,SHA512,20,RSA-Sig,Transport,True,28800,0,Low,None
ed0fb4a4-2694-4ba2-97a5-137dd6693936,IKEv2,Main,3DES,112,SHA256,14,ECDSA-Sig,Tunnel,False,28800,61,Weak,Weak encryption 3DES; Perfect Forward Secrecy (PFS) is disabled
f9a27cda-5438-4f11-90e8-758ae280f35f,IKEv1,Main,AES-256-CBC,256,SHA384,19,PSK,Transport,False,3600,36,Strong,Legacy IKEv1 used; Perfect Forward Secrecy (PFS) is disabled
190d5f9a-fc75-473f-9ee8-a36cb0c744c8,IKEv2,Main,AES-128-CBC,128,MD5,2,ECDSA-Sig,Tunnel,False,28800,80,Critical,Weak hash MD5; Weak DH group 2; Perfect Forward Secrecy (PFS) is disabled
6c6b3e09-2b6f-485f-8b7f-adce87b2c19a,IKEv2,Main,DES,56,SHA384,19,ECDSA-Sig,Tunnel,False,28800,61,Weak,Weak encryption DES; Perfect Forward Secrecy (PFS) is disabled
9ad7737f-7c3e-463f-97b3-fb8f7c5befe6,IKEv1,Quick,3DES,112,SHA512,1,ECDSA-Sig,Tunnel,False,28800,100,Critical,Legacy IKEv1 used; Weak encryption 3DES; Weak DH group 1; Perfect Forward Secrecy (PFS) is disabled
b15cb9f5-3ea7-4a23-aba7-e0465cef87e4,IKEv2,Main,ChaCha20-Poly1305,256,SHA512,31,PSK,Transport,True,3600,4,Low,None
22089bf9-78df-4d1d-85e6-43bd71c284a4,IKEv1,Quick,AES-256-CBC,256,SHA384,2,PSK,Tunnel,False,3600,68,Weak,Legacy IKEv1 used; Weak DH group 2; Perfect Forward Secrecy (PFS) is disabled
a064bb03-d41f-40b3-852e-8feaff9c87a7,IKEv2,Main,AES-256-GCM,256,SHA256,14,RSA-Sig,Transport,True,28800,0,Low,None
d9e50a2c-a126-4879-a4f4-86c875fb9a97,IKEv1,Quick,DES,56,SHA1,1,PSK,Tunnel,True,28800,100,Critical,Legacy IKEv1 used; Weak encryption DES; Weak hash SHA1; Weak DH group 1
c2f1009d-38aa-4087-809c-5b3f7f09d398,IKEv2,Main,3DES,112,SHA512,31,RSA-Sig,Tunnel,True,86400,45,Moderate,Weak encryption 3DES
f7914242-815f-443b-8ce1-0807106895e5,IKEv2,Main,AES-256-CBC,256,SHA1,1,ECDSA-Sig,Transport,True,3600,56,Moderate,Weak hash SHA1; Weak DH group 1
36737b74-2ac4-491b-ad4f-1ae87d00e02e,IKEv1,Main,3DES,112,MD5,20,PSK,Tunnel,True,28800,95,Critical,Legacy IKEv1 used; Weak encryption 3DES; Weak hash MD5
5401ae25-33a1-4afd-829b-195989053feb,IKEv2,Main,AES-256-CBC,256,SHA1,21,RSA-Sig,Transport,True,28800,35,Strong,Weak hash SHA1
280af552-c8cf-4dc6-a9cc-bb143db7640c,IKEv2,Main,AES-256-CBC,256,MD5,20,PSK,Tunnel,False,28800,45,Moderate,Weak hash MD5; Perfect Forward Secrecy (PFS) is disabled
8526cea6-44b7-45b1-9ffc-70e4e3e8a3b6,IKEv2,Main,AES-256-GCM,256,MD5,5,RSA-Sig,Transport,False,86400,76,Weak,Weak hash MD5; Weak DH group 5; Perfect Forward Secrecy (PFS) is disabled
821431b1-3a8e-442d-bae6-d83e9e43d5e0,IKEv1,Main,AES-256-CBC,256,SHA256,2,PSK,Transport,True,28800,51,Moderate,Legacy IKEv1 used; Weak DH group 2
a26bb251-3e90-431b-97ac-210416ac7e57,IKEv2,Main,DES,56,SHA256,19,PSK,Tunnel,False,3600,61,Weak,Weak encryption DES; Perfect Forward Secrecy (PFS) is disabled
1f838097-7282-4d7b-8981-517cf8d49641,IKEv2,Main,3DES,112,MD5,14,RSA-Sig,Tunnel,True,28800,71,Weak,Weak encryption 3DES; Weak hash MD5
dd9f5c6f-db7a-49dd-9a49-22b632578b20,IKEv2,Main,AES-256-CBC,256,SHA384,5,ECDSA-Sig,Tunnel,False,86400,53,Moderate,Weak DH group 5; Perfect Forward Secrecy (PFS) is disabled
efd85290-79b8-4a0c-9191-e26acc6f687f,IKEv2,Main,3DES,112,SHA512,20,PSK,Tunnel,True,28800,42,Moderate,Weak encryption 3DES
007cc2b8-2717-4775-9ec2-3110b4723e86,IKEv2,Main,ChaCha20-Poly1305,256,SHA512,31,ECDSA-Sig,Transport,False,28800,15,Low,Perfect Forward Secrecy (PFS) is disabled
7cfc7ed2-2848-4f3f-a2e0-24f86e86062f,IKEv2,Main,ChaCha20-Poly1305,256,SHA512,14,ECDSA-Sig,Tunnel,True,86400,5,Low,None
e84c067c-f8b0-460e-897f-40c9edd1e643,IKEv1,Aggressive,ChaCha20-Poly1305,256,MD5,20,PSK,Transport,True,3600,95,Critical,Legacy IKEv1 used; IKEv1 Aggressive mode vulnerable to offline dictionary attacks; Weak hash MD5; PSK with Aggressive Mode is highly risky
70b1e724-b5fa-4d90-93fc-4c5bff208b41,IKEv1,Aggressive,AES-128-CBC,128,SHA512,1,RSA-Sig,Tunnel,False,3600,97,Critical,Legacy IKEv1 used; IKEv1 Aggressive mode vulnerable to offline dictionary attacks; Weak DH group 1; Perfect Forward Secrecy (PFS) is disabled
da9acb45-b2cb-4c05-a368-31a5f2264daf,IKEv2,Main,AES-256-CBC,256,MD5,21,ECDSA-Sig,Tunnel,False,3600,46,Moderate,Weak hash MD5; Perfect Forward Secrecy (PFS) is disabled
84e2818c-a74b-47a4-93e3-976214419e0f,IKEv1,Aggressive,ChaCha20-Poly1305,256,SHA384,1,RSA-Sig,Tunnel,True,86400,82,Critical,Legacy IKEv1 used; IKEv1 Aggressive mode vulnerable to offline dictionary attacks; Weak DH group 1
941a06b9-4009-49a2-aae3-f343e9d2d31e,IKEv2,Main,DES,56,SHA384,1,PSK,Tunnel,True,28800,71,Weak,Weak encryption DES; Weak DH group 1
d695b48c-ba70-4b28-9e4d-5f11cbb5d020,IKEv2,Main,AES-256-CBC,256,SHA512,31,PSK,Tunnel,False,28800,25,Strong,Perfect Forward Secrecy (PFS) is disabled
a15ca9ba-d2d5-4540-bf8f-fe3fb4b3ea23,IKEv2,Main,AES-256-CBC,256,SHA512,14,ECDSA-Sig,Transport,False,28800,20,Strong,Perfect Forward Secrecy (PFS) is disabled
e109afce-a024-4eca-9ee0-9ffb259fe9c9,IKEv2,Main,AES-256-GCM,256,SHA384,19,ECDSA-Sig,Transport,False,28800,24,Strong,Perfect Forward Secrecy (PFS) is disabled
6e5dbecb-f55f-48ad-ab93-87db8a63d19e,IKEv1,Quick,AES-128-CBC,128,MD5,2,ECDSA-Sig,Tunnel,False,3600,96,Critical,Legacy IKEv1 used; Weak hash MD5; Weak DH group 2; Perfect Forward Secrecy (PFS) is disabled
90046975-6901-4e89-b664-9b47304c6fb4,IKEv1,Aggressive,DES,56,SHA1,14,RSA-Sig,Transport,False,86400,100,Critical,Legacy IKEv1 used; IKEv1 Aggressive mode vulnerable to offline dictionary attacks; Weak encryption DES; Weak hash SHA1; Perfect Forward Secrecy (PFS) is disabled
13df6777-8988-457b-9c0f-5774ea7c634e,IKEv1,Main,AES-128-CBC,128,SHA512,14,RSA-Sig,Transport,False,86400,35,Strong,Legacy IKEv1 used; Perfect Forward Secrecy (PFS) is disabled
33e99aa1-bd79-4026-8050-97571b226be7,IKEv1,Main,AES-256-CBC,256,SHA256,31,ECDSA-Sig,Transport,False,86400,38,Strong,Legacy IKEv1 used; Perfect Forward Secrecy (PFS) is disabled
7b335a2e-458a-4a34-bb92-a236a4f6a445,IKEv2,Main,ChaCha20-Poly1305,256,SHA1,31,RSA-Sig,Transport,True,86400,28,Strong,Weak hash SHA1
9ef62513-aef9-4542-9de9-47d7277012d0,IKEv1,Aggressive,AES-128-CBC,128,SHA256,21,RSA-Sig,Transport,False,86400,74,Weak,Legacy IKEv1 used; IKEv1 Aggressive mode vulnerable to offline dictionary attacks; Perfect Forward Secrecy (PFS) is disabled
919835a9-e5f2-4fc7-b3f3-fef98d07d301,IKEv2,Main,AES-256-CBC,256,SHA512,14,RSA-Sig,Transport,False,86400,22,Strong,Perfect Forward Secrecy (PFS) is disabled
b1637ead-8aa9-4618-82a4-873925419781,IKEv2,Main,AES-256-CBC,256,SHA256,14,ECDSA-Sig,Tunnel,True,86400,0,Low,None
a34f6c09-1086-4a3a-984f-a4b7f62b8ab0,IKEv2,Main,DES,56,MD5,2,PSK,Transport,True,3600,95,Critical,Weak encryption DES; Weak hash MD5; Weak DH group 2
fa12ded2-bb36-4be2-b737-e2feef90697c,IKEv1,Aggressive,3DES,112,SHA1,21,ECDSA-Sig,Transport,False,3600,100,Critical,Legacy IKEv1 used; IKEv1 Aggressive mode vulnerable to offline dictionary attacks; Weak encryption 3DES; Weak hash SHA1; Perfect Forward Secrecy (PFS) is disabled
f9ee5bb4-3b2c-4186-bd63-708ee34d11d0,IKEv2,Main,AES-256-GCM,256,SHA384,14,ECDSA-Sig,Transport,True,28800,5,Low,None
5bc3e057-d469-40f8-aec4-b613ec69798d,IKEv2,Main,3DES,112,SHA384,1,RSA-Sig,Transport,False,28800,89,Critical,Weak encryption 3DES; Weak DH group 1; Perfect Forward Secrecy (PFS) is disabled
f459e323-472f-4df9-91d2-ca3f59464730,IKEv2,Main,AES-128-CBC,128,MD5,2,PSK,Tunnel,False,3600,83,Critical,Weak hash MD5; Weak DH group 2; Perfect Forward Secrecy (PFS) is disabled
c6311790-d72b-4402-99b1-307930e522b5,IKEv2,Main,AES-256-CBC,256,SHA384,14,ECDSA-Sig,Tunnel,False,28800,24,Strong,Perfect Forward Secrecy (PFS) is disabled
56e6ffe0-a56a-4d14-a813-fb163c8830d7,IKEv2,Main,AES-128-CBC,128,SHA1,21,PSK,Tunnel,False,86400,55,Moderate,Weak hash SHA1; Perfect Forward Secrecy (PFS) is disabled
1dd17495-7dbd-4dac-b3a9-18703aa97f87,IKEv1,Main,AES-128-CBC,128,SHA1,20,ECDSA-Sig,Tunnel,False,86400,65,Weak,Legacy IKEv1 used; Weak hash SHA1; Perfect Forward Secrecy (PFS) is disabled
b049f8ad-7591-4007-86ff-816a871f50be,IKEv2,Main,AES-256-CBC,256,SHA512,21,RSA-Sig,Tunnel,False,28800,17,Low,Perfect Forward Secrecy (PFS) is disabled
1cf48ef6-6f31-4da9-93bc-9e5487663455,IKEv2,Main,AES-256-CBC,256,SHA512,2,PSK,Tunnel,True,28800,30,Strong,Weak DH group 2
9aa264f0-75af-43d6-82ee-600f679750dd,IKEv1,Quick,DES,56,SHA256,1,RSA-Sig,Tunnel,True,3600,85,Critical,Legacy IKEv1 used; Weak encryption DES; Weak DH group 1
1e2fc022-60af-4353-8cdf-90e58c9f1a42,IKEv2,Main,3DES,112,MD5,5,RSA-Sig,Transport,False,28800,100,Critical,Weak encryption 3DES; Weak hash MD5; Weak DH group 5; Perfect Forward Secrecy (PFS) is disabled
47d4108d-d652-4bda-99f3-2aabeb1387df,IKEv1,Quick,AES-256-CBC,256,SHA1,5,ECDSA-Sig,Transport,True,28800,84,Critical,Legacy IKEv1 used; Weak hash SHA1; Weak DH group 5
4c1e284f-73e0-41ec-8e1c-5e08d5bca2ff,IKEv2,Main,AES-128-CBC,128,SHA256,20,RSA-Sig,Tunnel,False,28800,17,Low,Perfect Forward Secrecy (PFS) is disabled
920deafe-b176-4028-9288-795b1c3e8b5c,IKEv2,Main,3DES,112,MD5,21,PSK,Transport,True,28800,71,Weak,Weak encryption 3DES; Weak hash MD5
7b1f765f-f227-42f2-975d-a8752c099421,IKEv2,Main,DES,56,SHA256,31,RSA-Sig,Transport,True,86400,36,Strong,Weak encryption DES
742b7796-517e-4fc9-b164-10c3a9438d36,IKEv2,Main,ChaCha20-Poly1305,256,MD5,1,RSA-Sig,Tunnel,False,86400,79,Weak,Weak hash MD5; Weak DH group 1; Perfect Forward Secrecy (PFS) is disabled
3a280dd1-206e-466e-bf10-41307dee9f2a,IKEv1,Aggressive,DES,56,SHA512,5,PSK,Transport,True,86400,100,Critical,Legacy IKEv1 used; IKEv1 Aggressive mode vulnerable to offline dictionary attacks; Weak encryption DES; Weak DH group 5; PSK with Aggressive Mode is highly risky
5450f0a8-4356-4971-9f14-03f7034c100f,IKEv2,Main,AES-128-CBC,128,SHA384,31,ECDSA-Sig,Tunnel,True,3600,4,Low,None
a87924e4-cf14-41c2-8ac5-c75f9fccf5b9,IKEv2,Main,3DES,112,MD5,21,ECDSA-Sig,Tunnel,False,28800,88,Critical,Weak encryption 3DES; Weak hash MD5; Perfect Forward Secrecy (PFS) is disabled
6d8725b2-9d2d-4f4d-acb8-6a81dbb33b2e,IKEv2,Main,3DES,112,SHA256,1,PSK,Tunnel,True,86400,74,Weak,Weak encryption 3DES; Weak DH group 1
d481f540-c4de-4e5b-b53c-cc66315d6101,IKEv2,Main,ChaCha20-Poly1305,256,MD5,1,PSK,Transport,False,86400,81,Critical,Weak hash MD5; Weak DH group 1; Perfect Forward Secrecy (PFS) is disabled
38acfb0c-4443-4e65-811e-14a563243391,IKEv2,Main,AES-256-CBC,256,SHA512,14,PSK,Transport,False,86400,25,Strong,Perfect Forward Secrecy (PFS) is disabled
eea198a2-5491-4040-81d4-365cfabf008d,IKEv2,Main,AES-256-GCM,256,SHA512,21,ECDSA-Sig,Tunnel,False,86400,23,Strong,Perfect Forward Secrecy (PFS) is disabled
42ca0cf9-592a-4c80-82b1-98f529e67758,IKEv2,Main,ChaCha20-Poly1305,256,MD5,1,PSK,Transport,False,86400,80,Critical,Weak hash MD5; Weak DH group 1; Perfect Forward Secrecy (PFS) is disabled
bf2cb6c4-3214-4761-8a05-e1b223402b41,IKEv2,Main,3DES,112,MD5,20,ECDSA-Sig,Transport,True,3600,71,Weak,Weak encryption 3DES; Weak hash MD5
5c060f6e-b66a-4636-bc56-52993987208c,IKEv2,Main,AES-256-CBC,256,MD5,1,RSA-Sig,Transport,True,28800,57,Moderate,Weak hash MD5; Weak DH group 1
7fa724f7-e0d4-4148-9141-40d11136d053,IKEv2,Main,DES,56,SHA384,19,RSA-Sig,Transport,True,3600,36,Strong,Weak encryption DES
8bf82532-0568-47eb-8694-40168dd8189b,IKEv2,Main,ChaCha20-Poly1305,256,SHA384,14,PSK,Tunnel,False,3600,23,Strong,Perfect Forward Secrecy (PFS) is disabled
bcf68267-71bf-46e3-98e1-2beb16c1f513,IKEv1,Quick,AES-256-GCM,256,SHA256,19,RSA-Sig,Transport,False,86400,40,Moderate,Legacy IKEv1 used; Perfect Forward Secrecy (PFS) is disabled
4d14bb40-1733-4cc5-b493-dc0b09d72577,IKEv2,Main,AES-256-CBC,256,SHA256,1,ECDSA-Sig,Tunnel,True,86400,25,Strong,Weak DH group 1
884b9433-2ba2-4c24-938c-5812c65ca8da,IKEv1,Aggressive,AES-128-CBC,128,SHA256,31,RSA-Sig,Tunnel,False,28800,66,Weak,Legacy IKEv1 used; IKEv1 Aggressive mode vulnerable to offline dictionary attacks; Perfect Forward Secrecy (PFS) is disabled
1c4d0648-83ae-4c2a-898c-02ad1681b3dc,IKEv2,Main,ChaCha20-Poly1305,256,SHA384,31,ECDSA-Sig,Tunnel,False,28800,21,Strong,Perfect Forward Secrecy (PFS) is disabled
7424736d-96bd-4f23-98e5-144bee165687,IKEv2,Main,AES-256-CBC,256,SHA256,31,ECDSA-Sig,Transport,False,28800,18,Low,Perfect Forward Secrecy (PFS) is disabled
c4e7b639-a441-4280-98f3-aaa5cb6385d6,IKEv2,Main,ChaCha20-Poly1305,256,MD5,14,ECDSA-Sig,Transport,False,86400,46,Moderate,Weak hash MD5; Perfect Forward Secrecy (PFS) is disabled
5ae3840b-e2da-4d9c-9d38-6e132a4e5a91,IKEv2,Main,DES,56,SHA512,21,PSK,Tunnel,True,86400,40,Moderate,Weak encryption DES
4e3fa8f3-76e0-4141-843a-4403c4660bc9,IKEv2,Main,DES,56,SHA1,2,RSA-Sig,Transport,False,86400,100,Critical,Weak encryption DES; Weak hash SHA1; Weak DH group 2; Perfect Forward Secrecy (PFS) is disabled
6bd1e810-bed8-44af-b7a6-d63a087ec0db,IKEv2,Main,ChaCha20-Poly1305,256,MD5,31,RSA-Sig,Tunnel,False,3600,54,Moderate,Weak hash MD5; Perfect Forward Secrecy (PFS) is disabled
9fce2e8a-4970-4833-9aee-23919b82d047,IKEv1,Main,AES-256-CBC,256,SHA384,1,ECDSA-Sig,Tunnel,True,28800,54,Moderate,Legacy IKEv1 used; Weak DH group 1
dfef3ca7-54c4-4487-b9e3-fa4c4ff64cfb,IKEv2,Main,3DES,112,SHA384,2,RSA-Sig,Transport,False,28800,91,Critical,Weak encryption 3DES; Weak DH group 2; Perfect Forward Secrecy (PFS) is disabled
150af799-9f43-41bb-88ff-c2850e4dcc04,IKEv2,Main,AES-128-CBC,128,SHA384,2,RSA-Sig,Tunnel,True,28800,30,Strong,Weak DH group 2
19caac5f-35d8-4511-b047-aa251a7c25a8,IKEv2,Main,AES-256-CBC,256,SHA256,1,ECDSA-Sig,Transport,False,28800,45,Moderate,Weak DH group 1; Perfect Forward Secrecy (PFS) is disabled
d07fe001-adc9-4124-8b07-e1a84defe8dd,IKEv1,Aggressive,AES-256-GCM,256,SHA384,21,PSK,Tunnel,False,28800,95,Critical,Legacy IKEv1 used; IKEv1 Aggressive mode vulnerable to offline dictionary attacks; PSK with Aggressive Mode is highly risky; Perfect Forward Secrecy (PFS) is disabled
09f6862d-363e-4143-86fb-7015e4538766,IKEv2,Main,AES-256-CBC,256,SHA1,14,RSA-Sig,Tunnel,False,3600,49,Moderate,Weak hash SHA1; Perfect Forward Secrecy (PFS) is disabled
f7b14587-8fcc-4e0e-bb26-11fd2a29070f,IKEv2,Main,AES-256-GCM,256,SHA256,20,ECDSA-Sig,Tunnel,True,3600,2,Low,None
90de2bc1-08fc-4762-8120-6ef0fd429a58,IKEv2,Main,3DES,112,SHA1,2,RSA-Sig,Tunnel,True,3600,100,Critical,Weak encryption 3DES; Weak hash SHA1; Weak DH group 2
face1138-7070-444f-b98a-23ee6fcdd6eb,IKEv2,Main,ChaCha20-Poly1305,256,MD5,5,RSA-Sig,Transport,False,3600,78,Weak,Weak hash MD5; Weak DH group 5; Perfect Forward Secrecy (PFS) is disabled
6ecdbeb6-5e7a-491f-b042-a89221ba5210,IKEv2,Main,AES-256-GCM,256,SHA512,20,RSA-Sig,Tunnel,True,86400,0,Low,None
f221b927-8988-413b-8376-3b27ffaa9ee1,IKEv2,Main,AES-256-GCM,256,SHA512,2,ECDSA-Sig,Tunnel,True,3600,33,Strong,Weak DH group 2
775471e8-2349-42d7-b35e-ac7871950ac2,IKEv2,Main,ChaCha20-Poly1305,256,SHA512,1,RSA-Sig,Tunnel,True,28800,31,Strong,Weak DH group 1
b0c429c0-9957-44c6-8e13-8beb355a65ea,IKEv2,Main,3DES,112,SHA1,1,PSK,Transport,True,28800,100,Critical,Weak encryption 3DES; Weak hash SHA1; Weak DH group 1
31567ce6-2312-40eb-8de9-d8b3591e32a1,IKEv1,Quick,AES-128-CBC,128,MD5,2,RSA-Sig,Tunnel,True,86400,77,Weak,Legacy IKEv1 used; Weak hash MD5; Weak DH group 2
50609e95-efe0-4a57-b292-ae73682c60da,IKEv2,Main,3DES,112,SHA384,20,PSK,Tunnel,True,86400,45,Moderate,Weak encryption 3DES
ca4a1053-5a57-46a9-bda3-be8390002f5a,IKEv2,Main,3DES,112,SHA256,2,RSA-Sig,Transport,False,86400,94,Critical,Weak encryption 3DES; Weak DH group 2; Perfect Forward Secrecy (PFS) is disabled
89f5007d-b15a-4691-aa4a-2675a0825920,IKEv1,Aggressive,AES-128-CBC,128,MD5,14,ECDSA-Sig,Transport,False,3600,100,Critical,Legacy IKEv1 used; IKEv1 Aggressive mode vulnerable to offline dictionary attacks; Weak hash MD5; Perfect Forward Secrecy (PFS) is disabled
c05e1bd6-4344-4324-96db-4e7efa81e82e,IKEv2,Main,3DES,112,SHA512,21,RSA-Sig,Transport,True,86400,41,Moderate,Weak encryption 3DES
c203d0c4-27c7-4a92-96ea-819dc299dd92,IKEv1,Main,ChaCha20-Poly1305,256,SHA1,1,ECDSA-Sig,Tunnel,True,28800,76,Weak,Legacy IKEv1 used; Weak hash SHA1; Weak DH group 1
33989a13-81f0-499a-b4b7-b55a56e7a49f,IKEv2,Main,AES-256-GCM,256,SHA384,14,PSK,Tunnel,True,28800,4,Low,None
5981e327-7178-42a7-8c09-71dfcb0fd7db,IKEv2,Main,AES-256-CBC,256,SHA512,2,RSA-Sig,Tunnel,True,3600,29,Strong,Weak DH group 2
96dea005-7319-4488-8302-d6871762d67e,IKEv2,Main,AES-128-CBC,128,MD5,20,ECDSA-Sig,Transport,True,28800,28,Strong,Weak hash MD5
06111727-598e-49cd-9c87-5aafcf99c879,IKEv1,Aggressive,3DES,112,SHA384,19,RSA-Sig,Transport,True,28800,86,Critical,Legacy IKEv1 used; IKEv1 Aggressive mode vulnerable to offline dictionary attacks; Weak encryption 3DES
b5ef4bd6-48f1-427b-886a-73c1bb55994d,IKEv2,Main,AES-256-CBC,256,SHA256,21,RSA-Sig,Transport,True,3600,0,Low,None
b0699e33-9331-4362-b811-113870e742c1,IKEv2,Main,AES-256-CBC,256,SHA512,21,PSK,Transport,True,28800,0,Low,None
bf4065cc-abeb-4ce9-bfd9-da9f60eebefa,IKEv1,Main,3DES,112,SHA384,21,RSA-Sig,Transport,True,3600,57,Moderate,Legacy IKEv1 used; Weak encryption 3DES
014d1148-b938-4197-b67b-a417d6dac81e,IKEv2,Main,ChaCha20-Poly1305,256,MD5,20,PSK,Tunnel,True,3600,31,Strong,Weak hash MD5
9d5c14f8-9f69-4fe5-9a9e-d4498246c75b,IKEv2,Main,DES,56,MD5,2,PSK,Transport,True,3600,100,Critical,Weak encryption DES; Weak hash MD5; Weak DH group 2
dee15e16-087b-4749-a08e-ff7f9ce20b87,IKEv1,Main,AES-128-CBC,128,SHA1,20,ECDSA-Sig,Tunnel,False,3600,67,Weak,Legacy IKEv1 used; Weak hash SHA1; Perfect Forward Secrecy (PFS) is disabled
165f7c6c-c2a8-42ea-93e8-5fd4e287ba64,IKEv1,Aggressive,3DES,112,MD5,31,ECDSA-Sig,Transport,True,86400,100,Critical,Legacy IKEv1 used; IKEv1 Aggressive mode vulnerable to offline dictionary attacks; Weak encryption 3DES; Weak hash MD5
a74f8973-2fd8-41ec-9cac-b63da35dd481,IKEv1,Quick,AES-256-CBC,256,SHA256,2,ECDSA-Sig,Tunnel,False,3600,70,Weak,Legacy IKEv1 used; Weak DH group 2; Perfect Forward Secrecy (PFS) is disabled
5a950fb6-0252-4e5b-8b26-78a20c1207dc,IKEv2,Main,DES,56,SHA384,21,ECDSA-Sig,Tunnel,False,3600,60,Weak,Weak encryption DES; Perfect Forward Secrecy (PFS) is disabled
0a537fa0-73e5-40ab-bb7f-4c5c2172e895,IKEv2,Main,AES-128-CBC,128,SHA512,14,RSA-Sig,Tunnel,False,28800,16,Low,Perfect Forward Secrecy (PFS) is disabled
abf9886f-cd32-49ad-9982-601d8b710172,IKEv1,Aggressive,AES-256-GCM,256,SHA384,31,RSA-Sig,Tunnel,False,3600,66,Weak,Legacy IKEv1 used; IKEv1 Aggressive mode vulnerable to offline dictionary attacks; Perfect Forward Secrecy (PFS) is disabled
bcc3aefa-220e-4ea6-8759-ee9a10cc3647,IKEv2,Main,AES-128-CBC,128,SHA1,1,ECDSA-Sig,Transport,True,3600,55,Moderate,Weak hash SHA1; Weak DH group 1
b0556c48-8260-4c48-9615-96b47faa0afd,IKEv1,Quick,AES-256-GCM,256,SHA1,2,PSK,Tunnel,False,3600,99,Critical,Legacy IKEv1 used; Weak hash SHA1; Weak DH group 2; Perfect Forward Secrecy (PFS) is disabled
d62a2134-dad1-45c4-bc83-fd64dd7ee613,IKEv2,Main,AES-256-GCM,256,SHA512,31,ECDSA-Sig,Tunnel,False,86400,22,Strong,Perfect Forward Secrecy (PFS) is disabled
207ab59f-c30e-42ee-b1e3-4946fa925472,IKEv1,Aggressive,AES-128-CBC,128,SHA1,31,ECDSA-Sig,Tunnel,False,86400,100,Critical,Legacy IKEv1 used; IKEv1 Aggressive mode vulnerable to offline dictionary attacks; Weak hash SHA1; Perfect Forward Secrecy (PFS) is disabled
194f3d86-d172-4bb4-b28f-4ba3773fb8be,IKEv2,Main,AES-128-CBC,128,SHA1,21,ECDSA-Sig,Transport,False,3600,49,Moderate,Weak hash SHA1; Perfect Forward Secrecy (PFS) is disabled
2f6bbb40-a46f-4a51-bd2d-f6005b862a0a,IKEv2,Main,AES-256-CBC,256,SHA256,2,ECDSA-Sig,Tunnel,False,86400,46,Moderate,Weak DH group 2; Perfect Forward Secrecy (PFS) is disabled
0e6efe6f-5cee-47dd-acae-a48546084125,IKEv2,Main,AES-128-CBC,128,MD5,1,RSA-Sig,Tunnel,True,28800,57,Moderate,Weak hash MD5; Weak DH group 1
bf0fdb3f-5cf8-4e3e-8c96-48cd9fa46d3d,IKEv2,Main,DES,56,SHA1,5,RSA-Sig,Tunnel,False,86400,100,Critical,Weak encryption DES; Weak hash SHA1; Weak DH group 5; Perfect Forward Secrecy (PFS) is disabled
7b799e85-1f7d-46cc-a10d-6ba878fa0daa,IKEv1,Aggressive,AES-256-CBC,256,SHA1,21,RSA-Sig,Tunnel,True,86400,77,Weak,Legacy IKEv1 used; IKEv1 Aggressive mode vulnerable to offline dictionary attacks; Weak hash SHA1
9af8358c-72dd-49a1-954c-96b29650f574,IKEv2,Main,ChaCha20-Poly1305,256,MD5,19,PSK,Tunnel,True,28800,31,Strong,Weak hash MD5
fe18907a-006d-4d95-849c-799ff6d6dd02,IKEv1,Main,3DES,112,SHA384,21,ECDSA-Sig,Tunnel,False,86400,82,Critical,Legacy IKEv1 used; Weak encryption 3DES; Perfect Forward Secrecy (PFS) is disabled
9d449184-9833-4b62-8c7f-c7f9c7488313,IKEv1,Aggressive,AES-128-CBC,128,SHA512,20,ECDSA-Sig,Tunnel,True,86400,53,Moderate,Legacy IKEv1 used; IKEv1 Aggressive mode vulnerable to offline dictionary attacks
ec15794a-31b3-40a0-967f-e73025fc30f4,IKEv2,Main,3DES,112,SHA384,14,RSA-Sig,Transport,False,86400,63,Weak,Weak encryption 3DES; Perfect Forward Secrecy (PFS) is disabled
7fd7cdcc-a102-4792-bf32-34fabd1b65df,IKEv2,Main,AES-256-GCM,256,SHA256,31,RSA-Sig,Transport,False,3600,23,Strong,Perfect Forward Secrecy (PFS) is disabled
bb5694a1-2aed-4a43-822b-22c7e365b5ca,IKEv1,Quick,DES,56,SHA512,21,ECDSA-Sig,Transport,True,86400,61,Weak,Legacy IKEv1 used; Weak encryption DES
a8ac8b47-3aa9-46d5-8816-9784f9312aff,IKEv2,Main,3DES,112,SHA384,31,RSA-Sig,Transport,True,28800,36,Strong,Weak encryption 3DES
c9207dca-df3a-4493-819d-e61b82443c53,IKEv2,Main,3DES,112,SHA1,20,ECDSA-Sig,Tunnel,False,86400,85,Critical,Weak encryption 3DES; Weak hash SHA1; Perfect Forward Secrecy (PFS) is disabled
0e1f9d2a-c0fc-4d76-94fc-4c7ff1166fbe,IKEv2,Main,DES,56,SHA256,14,RSA-Sig,Tunnel,True,3600,36,Strong,Weak encryption DES
e061bbcf-b3d2-478a-9741-6e65cdc0c0f4,IKEv2,Main,AES-256-CBC,256,SHA1,21,RSA-Sig,Tunnel,False,86400,50,Moderate,Weak hash SHA1; Perfect Forward Secrecy (PFS) is disabled
75e2f881-6572-496b-9a3e-905668574955,IKEv2,Main,ChaCha20-Poly1305,256,MD5,20,ECDSA-Sig,Tunnel,False,86400,53,Moderate,Weak hash MD5; Perfect Forward Secrecy (PFS) is disabled
e22c0966-3f67-4ef2-9c09-cdc108762adf,IKEv2,Main,3DES,112,MD5,2,ECDSA-Sig,Tunnel,False,86400,100,Critical,Weak encryption 3DES; Weak hash MD5; Weak DH group 2; Perfect Forward Secrecy (PFS) is disabled
d87b5209-981a-4b24-bd74-664deddb599e,IKEv1,Quick,AES-256-CBC,256,SHA1,21,RSA-Sig,Transport,False,86400,74,Weak,Legacy IKEv1 used; Weak hash SHA1; Perfect Forward Secrecy (PFS) is disabled
14a12f6c-b1fb-41a9-8e9c-69a5ae1bcf0b,IKEv2,Main,ChaCha20-Poly1305,256,MD5,19,RSA-Sig,Transport,False,28800,54,Moderate,Weak hash MD5; Perfect Forward Secrecy (PFS) is disabled
4080c4e0-c854-4555-a0d3-fe4fbc8c8e89,IKEv2,Main,3DES,112,SHA512,19,PSK,Tunnel,True,28800,40,Moderate,Weak encryption 3DES
2eb29295-20bd-47ea-b65d-ef96035c338c,IKEv2,Main,AES-256-CBC,256,MD5,14,ECDSA-Sig,Tunnel,True,3600,31,Strong,Weak hash MD5
95869b14-5d8d-4fb7-8620-9c19a1a9da07,IKEv2,Main,3DES,112,SHA256,31,RSA-Sig,Tunnel,True,28800,35,Strong,Weak encryption 3DES
9f9f7764-ce60-4a4e-ad88-c47826d04f04,IKEv2,Main,AES-256-GCM,256,SHA256,21,PSK,Transport,False,86400,19,Low,Perfect Forward Secrecy (PFS) is disabled
b8a25c48-7c4a-46e1-88e6-38c858295d64,IKEv1,Main,ChaCha20-Poly1305,256,MD5,31,RSA-Sig,Tunnel,False,28800,71,Weak,Legacy IKEv1 used; Weak hash MD5; Perfect Forward Secrecy (PFS) is disabled
1837b20e-2b6a-4c30-8281-71d6db17c45a,IKEv1,Main,AES-256-CBC,256,MD5,2,PSK,Tunnel,True,3600,81,Critical,Legacy IKEv1 used; Weak hash MD5; Weak DH group 2
f5d6fcc6-67d0-417f-9009-be7266b2b8b5,IKEv2,Main,ChaCha20-Poly1305,256,SHA512,31,PSK,Transport,True,28800,0,Low,None
266c83cb-b2e0-41d6-a392-e0b021b65897,IKEv2,Main,AES-256-CBC,256,SHA256,1,PSK,Transport,False,28800,53,Moderate,Weak DH group 1; Perfect Forward Secrecy (PFS) is disabled
04547b2c-a0d2-4425-a26e-759da7258c27,IKEv2,Main,3DES,112,SHA256,14,ECDSA-Sig,Tunnel,False,3600,58,Moderate,Weak encryption 3DES; Perfect Forward Secrecy (PFS) is disabled
53acc366-2c8b-48cc-b634-0725bfc77de7,IKEv2,Main,AES-256-GCM,256,SHA384,14,PSK,Transport,True,86400,4,Low,None
bf96f924-2aec-4a09-9ec2-172b82eb58b3,IKEv2,Main,AES-256-CBC,256,MD5,31,RSA-Sig,Tunnel,False,3600,53,Moderate,Weak hash MD5; Perfect Forward Secrecy (PFS) is disabled
953f97fd-63ab-4d8d-b1e8-bf602edcb979,IKEv2,Main,ChaCha20-Poly1305,256,SHA384,19,PSK,Transport,False,3600,17,Low,Perfect Forward Secrecy (PFS) is disabled
f549ae58-26ac-4740-8115-5942987ac094,IKEv2,Main,AES-256-GCM,256,MD5,5,PSK,Transport,True,86400,65,Weak,Weak hash MD5; Weak DH group 5
0ce394b3-f9fb-4424-8147-90568d344d91,IKEv2,Main,3DES,112,MD5,21,RSA-Sig,Tunnel,True,86400,71,Weak,Weak encryption 3DES; Weak hash MD5
b91d927a-a2bc-4b6f-a24f-450bea75f60e,IKEv2,Main,3DES,112,SHA384,1,PSK,Transport,True,86400,67,Weak,Weak encryption 3DES; Weak DH group 1
f8e50e53-892a-4368-b537-3a8430b45764,IKEv1,Quick,AES-256-CBC,256,SHA256,31,ECDSA-Sig,Transport,False,28800,37,Strong,Legacy IKEv1 used; Perfect Forward Secrecy (PFS) is disabled
a635b8f7-ba45-4f2e-990d-aa6234b74cfe,IKEv2,Main,AES-256-CBC,256,SHA1,5,ECDSA-Sig,Transport,False,86400,79,Weak,Weak hash SHA1; Weak DH group 5; Perfect Forward Secrecy (PFS) is disabled
768d086b-52dc-4c0f-9a51-1fe247d4a117,IKEv2,Main,AES-256-CBC,256,SHA512,2,RSA-Sig,Tunnel,False,86400,49,Moderate,Weak DH group 2; Perfect Forward Secrecy (PFS) is disabled
170cb674-0949-41e6-b0db-01e6285b64f1,IKEv1,Quick,AES-256-GCM,256,SHA512,20,PSK,Transport,False,28800,39,Strong,Legacy IKEv1 used; Perfect Forward Secrecy (PFS) is disabled
6898794c-620f-4f5f-a22a-6d58b521a589,IKEv2,Main,AES-256-CBC,256,SHA256,5,ECDSA-Sig,Transport,True,3600,32,Strong,Weak DH group 5
7c0af3ec-03e0-448e-862c-862a5c5c50d4,IKEv1,Aggressive,DES,56,SHA512,1,RSA-Sig,Transport,True,28800,100,Critical,Legacy IKEv1 used; IKEv1 Aggressive mode vulnerable to offline dictionary attacks; Weak encryption DES; Weak DH group 1
072fe0db-9aa4-4ed7-8b2e-f3a04464fbc9,IKEv2,Main,AES-256-GCM,256,SHA256,20,ECDSA-Sig,Transport,False,28800,16,Low,Perfect Forward Secrecy (PFS) is disabled
92579493-2e3a-4742-9776-4433ba178250,IKEv2,Main,AES-256-CBC,256,SHA256,19,ECDSA-Sig,Tunnel,True,28800,0,Low,None
755c4648-4599-43f0-b25a-f85e8f47480f,IKEv1,Aggressive,ChaCha20-Poly1305,256,SHA256,21,ECDSA-Sig,Tunnel,False,86400,71,Weak,Legacy IKEv1 used; IKEv1 Aggressive mode vulnerable to offline dictionary attacks; Perfect Forward Secrecy (PFS) is disabled
769e601e-400e-4d2f-98ba-51f27653c42f,IKEv2,Main,AES-256-GCM,256,SHA256,21,ECDSA-Sig,Transport,True,3600,0,Low,None
099dff05-2d91-4883-8f27-27900d4f9b2a,IKEv2,Main,AES-256-CBC,256,SHA1,5,RSA-Sig,Transport,False,3600,81,Critical,Weak hash SHA1; Weak DH group 5; Perfect Forward Secrecy (PFS) is disabled
6dbb6019-292e-4707-ae1c-bce3b10414fd,IKEv1,Quick,3DES,112,SHA256,5,PSK,Tunnel,True,86400,89,Critical,Legacy IKEv1 used; Weak encryption 3DES; Weak DH group 5
1f520d21-7c7a-41af-ae50-f1b024c25376,IKEv2,Main,AES-128-CBC,128,SHA512,31,PSK,Transport,True,86400,2,Low,None
0c143513-b930-4adb-ac45-52c3b28aadac,IKEv2,Main,3DES,112,MD5,31,RSA-Sig,Transport,True,28800,66,Weak,Weak encryption 3DES; Weak hash MD5
1d146955-0061-40d4-a4ee-81a2c3f6bdf5,IKEv2,Main,ChaCha20-Poly1305,256,SHA384,5,ECDSA-Sig,Transport,True,28800,30,Strong,Weak DH group 5
c1086c6e-0fef-45d8-a1be-54dd7fed08d6,IKEv1,Quick,AES-128-CBC,128,SHA512,1,ECDSA-Sig,Transport,True,3600,49,Moderate,Legacy IKEv1 used; Weak DH group 1
6d7d2174-dc6e-4a14-bd26-22c62cfdb1f6,IKEv1,Main,ChaCha20-Poly1305,256,SHA1,14,RSA-Sig,Tunnel,True,28800,48,Moderate,Legacy IKEv1 used; Weak hash SHA1
9fb7a46e-3737-41a1-ae10-da0ba0cd3af9,IKEv2,Main,AES-256-CBC,256,SHA1,1,PSK,Transport,False,86400,85,Critical,Weak hash SHA1; Weak DH group 1; Perfect Forward Secrecy (PFS) is disabled
16aabeaf-f085-4ca9-9a24-d0c24c99ed5f,IKEv2,Main,DES,56,SHA512,19,PSK,Transport,False,28800,62,Weak,Weak encryption DES; Perfect Forward Secrecy (PFS) is disabled
df66de13-b38c-4d02-a1b1-8589d2916276,IKEv1,Aggressive,DES,56,SHA384,21,ECDSA-Sig,Tunnel,True,86400,94,Critical,Legacy IKEv1 used; IKEv1 Aggressive mode vulnerable to offline dictionary attacks; Weak encryption DES
fad06826-3ec0-4544-8fbf-2462274ad324,IKEv2,Main,3DES,112,SHA384,20,RSA-Sig,Tunnel,False,86400,64,Weak,Weak encryption 3DES; Perfect Forward Secrecy (PFS) is disabled
25cc00e5-7b75-42fd-b8aa-6f834c27d9bb,IKEv1,Main,ChaCha20-Poly1305,256,SHA1,31,RSA-Sig,Tunnel,True,28800,48,Moderate,Legacy IKEv1 used; Weak hash SHA1
f6a204df-66a1-4099-bd24-00b42bbb7c9a,IKEv2,Main,AES-128-CBC,128,SHA1,19,ECDSA-Sig,Transport,False,3600,52,Moderate,Weak hash SHA1; Perfect Forward Secrecy (PFS) is disabled
5707796b-0fd2-4c81-9425-ec85eb8a95fc,IKEv2,Main,DES,56,SHA256,31,ECDSA-Sig,Tunnel,True,28800,36,Strong,Weak encryption DES
928ac52f-ac82-406d-aa04-4091374b49eb,IKEv2,Main,AES-128-CBC,128,SHA1,2,RSA-Sig,Tunnel,False,3600,77,Weak,Weak hash SHA1; Weak DH group 2; Perfect Forward Secrecy (PFS) is disabled
ff903936-40fc-4d0c-995c-165d8ed28fea,IKEv1,Aggressive,ChaCha20-Poly1305,256,SHA1,5,RSA-Sig,Transport,True,86400,100,Critical,Legacy IKEv1 used; IKEv1 Aggressive mode vulnerable to offline dictionary attacks; Weak hash SHA1; Weak DH group 5
8718e637-85a0-4815-8732-087f5e816674,IKEv2,Main,AES-128-CBC,128,MD5,2,ECDSA-Sig,Tunnel,False,28800,75,Weak,Weak hash MD5; Weak DH group 2; Perfect Forward Secrecy (PFS) is disabled
1147f2dd-7861-46b9-b55c-dee64d3b1c49,IKEv1,Quick,ChaCha20-Poly1305,256,SHA1,31,ECDSA-Sig,Tunnel,True,3600,51,Moderate,Legacy IKEv1 used; Weak hash SHA1
11c90993-cab2-429e-b790-df0d38b0aabb,IKEv2,Main,AES-128-CBC,128,SHA1,21,PSK,Tunnel,False,28800,50,Moderate,Weak hash SHA1; Perfect Forward Secrecy (PFS) is disabled
fcde9c58-bc69-4dd1-9d61-03ca2f6a9b75,IKEv2,Main,AES-256-GCM,256,SHA256,21,ECDSA-Sig,Tunnel,False,86400,24,Strong,Perfect Forward Secrecy (PFS) is disabled
7a2c42af-9d58-4d39-9129-459c608ed9a3,IKEv2,Main,AES-128-CBC,128,SHA384,21,PSK,Transport,False,86400,21,Strong,Perfect Forward Secrecy (PFS) is disabled
1af53a79-fe60-4858-b566-50cde1787f92,IKEv1,Quick,AES-256-CBC,256,SHA512,1,RSA-Sig,Tunnel,True,28800,50,Moderate,Legacy IKEv1 used; Weak DH group 1
05697f98-c4fd-4b1e-931e-bed1e0923df8,IKEv2,Main,AES-256-CBC,256,SHA384,20,RSA-Sig,Transport,True,86400,2,Low,None
4b798354-bec6-4500-8216-c095775962d3,IKEv2,Main,ChaCha20-Poly1305,256,SHA1,20,RSA-Sig,Transport,False,28800,50,Moderate,Weak hash SHA1; Perfect Forward Secrecy (PFS) is disabled
ad252bc8-8c1a-4d41-a606-d3f7ca0726c8,IKEv2,Main,AES-256-GCM,256,SHA384,21,PSK,Transport,True,28800,1,Low,None
22fc0475-3971-4890-a5e3-d20d49469781,IKEv2,Main,AES-256-GCM,256,MD5,2,PSK,Tunnel,False,86400,85,Critical,Weak hash MD5; Weak DH group 2; Perfect Forward Secrecy (PFS) is disabled
1a5884e4-24c4-4eda-99ac-9fba6e490d81,IKEv2,Main,AES-256-CBC,256,SHA1,19,RSA-Sig,Tunnel,True,28800,34,Strong,Weak hash SHA1
ddb74ce3-9747-4bd0-b958-2e08ebda9e2e,IKEv2,Main,AES-128-CBC,128,MD5,20,PSK,Tunnel,False,86400,47,Moderate,Weak hash MD5; Perfect Forward Secrecy (PFS) is disabled
43dd5cd1-2897-4b41-a655-04d7dfaa74a2,IKEv2,Main,DES,56,MD5,2,ECDSA-Sig,Tunnel,False,86400,100,Critical,Weak encryption DES; Weak hash MD5; Weak DH group 2; Perfect Forward Secrecy (PFS) is disabled
71c70af0-476c-4934-b249-f8b74f570573,IKEv1,Main,AES-128-CBC,128,SHA256,5,PSK,Tunnel,False,28800,70,Weak,Legacy IKEv1 used; Weak DH group 5; Perfect Forward Secrecy (PFS) is disabled
c7f06459-d437-45db-886c-b1075b987f7b,IKEv2,Main,ChaCha20-Poly1305,256,MD5,31,PSK,Transport,True,28800,34,Strong,Weak hash MD5
5c0dbd61-ace8-4668-91e1-b40f921cebd5,IKEv2,Main,AES-256-CBC,256,SHA384,21,PSK,Transport,False,86400,18,Low,Perfect Forward Secrecy (PFS) is disabled
0181ef1e-2e57-424c-9490-e5785ada8248,IKEv2,Main,AES-256-GCM,256,MD5,5,RSA-Sig,Tunnel,True,28800,62,Weak,Weak hash MD5; Weak DH group 5
f0ac575b-9648-43e4-b2fb-9148a956123f,IKEv2,Main,AES-128-CBC,128,SHA512,21,PSK,Transport,False,3600,20,Strong,Perfect Forward Secrecy (PFS) is disabled
a84985f8-85a8-4b18-ac2a-307afc2b86d8,IKEv2,Main,AES-256-CBC,256,SHA384,1,ECDSA-Sig,Tunnel,False,86400,47,Moderate,Weak DH group 1; Perfect Forward Secrecy (PFS) is disabled
7a1c34a1-f6e5-451b-a1ef-777e29c5bd5e,IKEv2,Main,AES-256-CBC,256,SHA1,19,ECDSA-Sig,Tunnel,True,28800,31,Strong,Weak hash SHA1
18b0d4e1-fdd7-4db0-9b47-cc63ebac4915,IKEv1,Quick,DES,56,SHA512,20,RSA-Sig,Tunnel,True,28800,60,Weak,Legacy IKEv1 used; Weak encryption DES
ec9a4279-147f-4ae7-ab7d-9628a755e9b7,IKEv2,Main,DES,56,SHA256,5,PSK,Transport,True,3600,69,Weak,Weak encryption DES; Weak DH group 5
f1ea83e4-4dfa-41f1-99bc-847c642a2411,IKEv1,Main,3DES,112,MD5,14,RSA-Sig,Tunnel,True,28800,95,Critical,Legacy IKEv1 used; Weak encryption 3DES; Weak hash MD5
ffeba08f-50c4-444b-a525-5cfd4a85bca3,IKEv1,Aggressive,ChaCha20-Poly1305,256,SHA1,2,PSK,Tunnel,False,3600,100,Critical,Legacy IKEv1 used; IKEv1 Aggressive mode vulnerable to offline dictionary attacks; Weak hash SHA1; Weak DH group 2; PSK with Aggressive Mode is highly risky; Perfect Forward Secrecy (PFS) is disabled
8b323220-6379-4b4d-bbdc-8a07f9b5bc1b,IKEv2,Main,AES-256-CBC,256,SHA384,21,RSA-Sig,Transport,False,3600,24,Strong,Perfect Forward Secrecy (PFS) is disabled
b32a1e87-af1c-4623-9c49-7397027633ea,IKEv2,Main,AES-256-GCM,256,MD5,5,RSA-Sig,Tunnel,False,3600,78,Weak,Weak hash MD5; Weak DH group 5; Perfect Forward Secrecy (PFS) is disabled
11e88329-960a-4234-b657-d485122d7ded,IKEv1,Main,AES-128-CBC,128,SHA1,19,ECDSA-Sig,Tunnel,False,28800,70,Weak,Legacy IKEv1 used; Weak hash SHA1; Perfect Forward Secrecy (PFS) is disabled
084c9c87-056f-40a5-91f2-ef7ddcc41c88,IKEv1,Main,AES-128-CBC,128,SHA384,20,PSK,Transport,True,28800,21,Strong,Legacy IKEv1 used
3ba4ed0f-81c7-4ee8-aa79-0d8c18729dbd,IKEv1,Quick,3DES,112,MD5,19,RSA-Sig,Tunnel,True,28800,89,Critical,Legacy IKEv1 used; Weak encryption 3DES; Weak hash MD5
dd798572-980e-4464-9d73-8d30baeb2e35,IKEv2,Main,AES-256-GCM,256,SHA256,2,ECDSA-Sig,Tunnel,True,3600,31,Strong,Weak DH group 2
8b87bbb2-65b5-42f9-bedd-03b69c8d2bab,IKEv1,Quick,AES-256-GCM,256,SHA512,31,RSA-Sig,Transport,False,28800,40,Moderate,Legacy IKEv1 used; Perfect Forward Secrecy (PFS) is disabled
f1ad2b9d-c203-41b1-a475-0662c68ff5ec,IKEv1,Aggressive,AES-256-CBC,256,SHA256,31,PSK,Transport,True,28800,66,Weak,Legacy IKEv1 used; IKEv1 Aggressive mode vulnerable to offline dictionary attacks; PSK with Aggressive Mode is highly risky
c8205f5c-1453-4c64-b225-f7dccea7663d,IKEv1,Main,AES-256-GCM,256,SHA384,19,RSA-Sig,Tunnel,True,86400,24,Strong,Legacy IKEv1 used
da293ebc-e92b-4b56-97ab-7f3b78c4415f,IKEv2,Main,3DES,112,SHA256,5,RSA-Sig,Transport,False,86400,88,Critical,Weak encryption 3DES; Weak DH group 5; Perfect Forward Secrecy (PFS) is disabled
52d99926-6c2d-4dd3-9d66-35eb50239fe3,IKEv2,Main,AES-128-CBC,128,MD5,31,RSA-Sig,Transport,True,86400,34,Strong,Weak hash MD5
cb1cf967-8889-427b-a60e-2bcddcf8a4af,IKEv1,Aggressive,AES-256-CBC,256,MD5,31,PSK,Tunnel,True,3600,100,Critical,Legacy IKEv1 used; IKEv1 Aggressive mode vulnerable to offline dictionary attacks; Weak hash MD5; PSK with Aggressive Mode is highly risky
26e976e2-3f85-43d7-8a4e-768992358f42,IKEv2,Main,3DES,112,SHA1,1,PSK,Tunnel,False,3600,100,Critical,Weak encryption 3DES; Weak hash SHA1; Weak DH group 1; Perfect Forward Secrecy (PFS) is disabled
70ae1feb-29f1-4817-812b-452a4603ae42,IKEv1,Aggressive,3DES,112,SHA384,5,PSK,Tunnel,False,3600,100,Critical,Legacy IKEv1 used; IKEv1 Aggressive mode vulnerable to offline dictionary attacks; Weak encryption 3DES; Weak DH group 5; PSK with Aggressive Mode is highly risky; Perfect Forward Secrecy (PFS) is disabled
20b3b9cd-18af-42c0-ac64-fdd9ce2a541d,IKEv1,Quick,AES-128-CBC,128,SHA512,20,ECDSA-Sig,Tunnel,False,86400,43,Moderate,Legacy IKEv1 used; Perfect Forward Secrecy (PFS) is disabled
da583f7a-e1f5-4349-bf79-3e1a568cdf84,IKEv1,Aggressive,ChaCha20-Poly1305,256,SHA512,5,PSK,Tunnel,False,86400,100,Critical,Legacy IKEv1 used; IKEv1 Aggressive mode vulnerable to offline dictionary attacks; Weak DH group 5; PSK with Aggressive Mode is highly risky; Perfect Forward Secrecy (PFS) is disabled
9aff7376-0814-4007-8471-6790ec3d93fe,IKEv2,Main,ChaCha20-Poly1305,256,SHA384,19,PSK,Transport,True,86400,2,Low,None
846baeb3-fd7e-4f89-a524-ee380782c3fb,IKEv2,Main,AES-256-CBC,256,SHA1,2,PSK,Tunnel,True,28800,58,Moderate,Weak hash SHA1; Weak DH group 2
6ebb1c37-055b-473e-a5bc-ab17f011f93f,IKEv2,Main,ChaCha20-Poly1305,256,MD5,1,PSK,Transport,False,28800,82,Critical,Weak hash MD5; Weak DH group 1; Perfect Forward Secrecy (PFS) is disabled
8a9f6506-9e1d-4377-ab73-115e79758b1a,IKEv1,Quick,AES-256-CBC,256,SHA384,5,ECDSA-Sig,Transport,True,86400,49,Moderate,Legacy IKEv1 used; Weak DH group 5
9c4e5ccb-20ee-40de-a1f0-23ec9c504c60,IKEv2,Main,AES-128-CBC,128,SHA256,20,PSK,Transport,True,28800,0,Low,None
5384138b-65f1-49ba-9c4e-3bd1723d9697,IKEv2,Main,ChaCha20-Poly1305,256,MD5,21,ECDSA-Sig,Transport,False,86400,51,Moderate,Weak hash MD5; Perfect Forward Secrecy (PFS) is disabled
4822d294-05f3-49dd-8b6e-697d2606804d,IKEv2,Main,DES,56,SHA1,20,PSK,Transport,True,3600,75,Weak,Weak encryption DES; Weak hash SHA1
7a3f9a6f-b6e2-49fc-9eec-3aa984e81d9d,IKEv1,Main,3DES,112,SHA1,19,ECDSA-Sig,Tunnel,True,3600,92,Critical,Legacy IKEv1 used; Weak encryption 3DES; Weak hash SHA1
cef01b14-68db-4fbb-976d-b87b95e59bad,IKEv1,Aggressive,AES-256-CBC,256,SHA1,2,RSA-Sig,Transport,False,86400,100,Critical,Legacy IKEv1 used; IKEv1 Aggressive mode vulnerable to offline dictionary attacks; Weak hash SHA1; Weak DH group 2; Perfect Forward Secrecy (PFS) is disabled
89ea4468-866a-4eaf-ba3e-3dd3c782fd7b,IKEv1,Aggressive,DES,56,SHA256,2,ECDSA-Sig,Tunnel,True,28800,100,Critical,Legacy IKEv1 used; IKEv1 Aggressive mode vulnerable to offline dictionary attacks; Weak encryption DES; Weak DH group 2
edd58d42-a235-4094-8abe-7204e4f881ee,IKEv2,Main,DES,56,SHA256,14,PSK,Tunnel,True,28800,39,Strong,Weak encryption DES
aaff6e13-2fd3-4197-9ff7-29ee7d740c7a,IKEv2,Main,DES,56,MD5,5,PSK,Tunnel,True,3600,98,Critical,Weak encryption DES; Weak hash MD5; Weak DH group 5
82b7790c-0b95-498d-9620-eab8a9ee22cc,IKEv2,Main,AES-256-GCM,256,SHA256,31,PSK,Transport,False,3600,19,Low,Perfect Forward Secrecy (PFS) is disabled
373a54f3-fb64-4ec9-ae97-a5aee940751b,IKEv1,Main,DES,56,SHA256,19,PSK,Tunnel,False,28800,85,Critical,Legacy IKEv1 used; Weak encryption DES; Perfect Forward Secrecy (PFS) is disabled
60ccffce-2144-43b5-99aa-7aa9c8a0b652,IKEv2,Main,3DES,112,SHA512,2,PSK,Transport,True,28800,67,Weak,Weak encryption 3DES; Weak DH group 2
19367a18-2713-42dd-8881-867315c5f0ce,IKEv1,Aggressive,AES-128-CBC,128,SHA384,1,PSK,Transport,True,28800,100,Critical,Legacy IKEv1 used; IKEv1 Aggressive mode vulnerable to offline dictionary attacks; Weak DH group 1; PSK with Aggressive Mode is highly risky
c51625ac-fb87-488e-8411-6049c075f7a3,IKEv1,Quick,AES-256-CBC,256,MD5,5,ECDSA-Sig,Tunnel,False,86400,100,Critical,Legacy IKEv1 used; Weak hash MD5; Weak DH group 5; Perfect Forward Secrecy (PFS) is disabled
76b24d4f-e4ef-43ec-be89-a78b4a33da5d,IKEv2,Main,DES,56,MD5,1,ECDSA-Sig,Tunnel,False,28800,100,Critical,Weak encryption DES; Weak hash MD5; Weak DH group 1; Perfect Forward Secrecy (PFS) is disabled
be9236a6-4b3b-429d-a6e9-1a708ab08805,IKEv1,Aggressive,3DES,112,MD5,20,ECDSA-Sig,Transport,False,86400,100,Critical,Legacy IKEv1 used; IKEv1 Aggressive mode vulnerable to offline dictionary attacks; Weak encryption 3DES; Weak hash MD5; Perfect Forward Secrecy (PFS) is disabled
64a41522-59b7-4b27-bbfa-b4781afc1a92,IKEv2,Main,AES-256-GCM,256,SHA512,19,RSA-Sig,Transport,True,86400,4,Low,None
dbcd5777-8eb1-40dc-85d9-ae71e63d3f5a,IKEv2,Main,ChaCha20-Poly1305,256,SHA512,1,PSK,Transport,True,28800,32,Strong,Weak DH group 1
9ff25b47-fb4b-475d-a557-020625d7adc6,IKEv1,Quick,DES,56,SHA384,14,RSA-Sig,Transport,False,3600,84,Critical,Legacy IKEv1 used; Weak encryption DES; Perfect Forward Secrecy (PFS) is disabled
730c6241-5b93-414a-85eb-bb689c809bb0,IKEv2,Main,ChaCha20-Poly1305,256,SHA1,21,ECDSA-Sig,Tunnel,False,3600,51,Moderate,Weak hash SHA1; Perfect Forward Secrecy (PFS) is disabled
4c8a66d7-e518-4703-85c4-3f1fcefd88ad,IKEv1,Aggressive,3DES,112,MD5,14,PSK,Tunnel,True,86400,100,Critical,Legacy IKEv1 used; IKEv1 Aggressive mode vulnerable to offline dictionary attacks; Weak encryption 3DES; Weak hash MD5; PSK with Aggressive Mode is highly risky
df0fd690-727f-4fd8-a2f4-f5f36873988f,IKEv2,Main,AES-128-CBC,128,SHA512,5,ECDSA-Sig,Tunnel,False,86400,53,Moderate,Weak DH group 5; Perfect Forward Secrecy (PFS) is disabled
a2d0eca6-3cf8-40e1-8d25-d32c8ebcac66,IKEv2,Main,AES-256-GCM,256,SHA1,1,ECDSA-Sig,Tunnel,True,28800,61,Weak,Weak hash SHA1; Weak DH group 1
2e1edf2d-efc6-4363-a6f7-034e6fa323ee,IKEv1,Quick,3DES,112,SHA384,31,RSA-Sig,Transport,True,28800,63,Weak,Legacy IKEv1 used; Weak encryption 3DES
96be8e48-133e-436c-a18a-b711576f3944,IKEv2,Main,AES-256-GCM,256,SHA512,20,ECDSA-Sig,Tunnel,False,3600,15,Low,Perfect Forward Secrecy (PFS) is disabled
0de187b1-8806-41b5-9533-79c4453af5e8,IKEv2,Main,ChaCha20-Poly1305,256,SHA384,2,PSK,Transport,True,3600,30,Strong,Weak DH group 2
0c04505f-6c30-4ce2-b6ea-d2edba3a5253,IKEv2,Main,DES,56,SHA512,19,ECDSA-Sig,Transport,False,86400,63,Weak,Weak encryption DES; Perfect Forward Secrecy (PFS) is disabled
f6016ba5-8d27-40a5-88dd-b56a233a035b,IKEv1,Aggressive,3DES,112,SHA384,20,RSA-Sig,Tunnel,False,3600,100,Critical,Legacy IKEv1 used; IKEv1 Aggressive mode vulnerable to offline dictionary attacks; Weak encryption 3DES; Perfect Forward Secrecy (PFS) is disabled
7ecbed7d-afb0-4268-ac8e-b2ed0b60ba67,IKEv2,Main,ChaCha20-Poly1305,256,SHA512,19,RSA-Sig,Transport,False,3600,25,Strong,Perfect Forward Secrecy (PFS) is disabled
45223683-c462-4b02-92d8-13e5174efd89,IKEv1,Quick,ChaCha20-Poly1305,256,SHA256,19,ECDSA-Sig,Transport,True,28800,16,Low,Legacy IKEv1 used
869c1e7c-45e8-450a-abe1-e0f1577d0ba6,IKEv2,Main,DES,56,SHA1,1,RSA-Sig,Transport,False,28800,100,Critical,Weak encryption DES; Weak hash SHA1; Weak DH group 1; Perfect Forward Secrecy (PFS) is disabled
95fa700d-e8c8-4084-bf17-56b4c4d3cd72,IKEv2,Main,AES-128-CBC,128,SHA256,31,RSA-Sig,Tunnel,True,3600,0,Low,None
3a7158b1-5082-4616-be93-821cf11ee623,IKEv1,Main,AES-256-GCM,256,SHA384,1,PSK,Tunnel,True,3600,55,Moderate,Legacy IKEv1 used; Weak DH group 1
99de78ab-a7db-4a84-bf60-31c2675f67fb,IKEv2,Main,DES,56,SHA1,19,PSK,Tunnel,True,3600,75,Weak,Weak encryption DES; Weak hash SHA1
106bb425-981c-4e69-86d7-0939f94dee71,IKEv2,Main,AES-256-CBC,256,SHA512,20,ECDSA-Sig,Tunnel,False,28800,20,Strong,Perfect Forward Secrecy (PFS) is disabled
6d64d46e-ba1f-4682-a26c-506760b0d1e3,IKEv2,Main,AES-128-CBC,128,SHA1,1,ECDSA-Sig,Tunnel,True,28800,57,Moderate,Weak hash SHA1; Weak DH group 1
b982442e-c3d2-4073-b541-266d340802b8,IKEv1,Aggressive,AES-256-CBC,256,SHA384,31,ECDSA-Sig,Tunnel,True,3600,55,Moderate,Legacy IKEv1 used; IKEv1 Aggressive mode vulnerable to offline dictionary attacks
c738aea2-f26d-4010-aa35-ee7a935228eb,IKEv1,Main,3DES,112,SHA512,20,ECDSA-Sig,Transport,False,28800,84,Critical,Legacy IKEv1 used; Weak encryption 3DES; Perfect Forward Secrecy (PFS) is disabled
4e155fa7-48f5-402c-a7fd-7a2604d94897,IKEv2,Main,ChaCha20-Poly1305,256,SHA256,1,PSK,Transport,True,28800,25,Strong,Weak DH group 1
56ed95d6-0f9f-48bd-8818-f62a624365f6,IKEv1,Aggressive,ChaCha20-Poly1305,256,SHA512,21,ECDSA-Sig,Transport,True,86400,54,Moderate,Legacy IKEv1 used; IKEv1 Aggressive mode vulnerable to offline dictionary attacks
a773aabd-e889-4adf-97b0-fe7fa41bf6d9,IKEv1,Main,AES-256-GCM,256,SHA1,21,ECDSA-Sig,Tunnel,True,3600,55,Moderate,Legacy IKEv1 used; Weak hash SHA1
1256929d-9953-44ec-9446-299590fa0a4f,IKEv2,Main,3DES,112,SHA384,14,ECDSA-Sig,Tunnel,True,86400,45,Moderate,Weak encryption 3DES
0c1cb078-9b0f-4e1b-ad1c-da41153966fa,IKEv1,Aggressive,3DES,112,SHA384,31,PSK,Transport,False,28800,100,Critical,Legacy IKEv1 used; IKEv1 Aggressive mode vulnerable to offline dictionary attacks; Weak encryption 3DES; PSK with Aggressive Mode is highly risky; Perfect Forward Secrecy (PFS) is disabled
011738a8-3bbf-4048-8882-c4142da6a83c,IKEv2,Main,AES-256-GCM,256,SHA512,14,RSA-Sig,Transport,True,3600,1,Low,None
78a981dd-e833-4f54-b87f-3da596ebcd34,IKEv1,Main,AES-256-GCM,256,MD5,5,RSA-Sig,Tunnel,True,28800,80,Critical,Legacy IKEv1 used; Weak hash MD5; Weak DH group 5
4aee19a6-2013-4751-8a17-29209b195d5f,IKEv2,Main,AES-256-CBC,256,SHA384,14,RSA-Sig,Tunnel,False,28800,21,Strong,Perfect Forward Secrecy (PFS) is disabled
ca04055b-df3a-4d6e-8d43-173afcbad5b8,IKEv2,Main,ChaCha20-Poly1305,256,SHA256,1,PSK,Transport,False,86400,46,Moderate,Weak DH group 1; Perfect Forward Secrecy (PFS) is disabled
e996a879-46f5-4d4c-9bd1-076ccc411fbf,IKEv2,Main,DES,56,SHA384,31,PSK,Tunnel,False,28800,55,Moderate,Weak encryption DES; Perfect Forward Secrecy (PFS) is disabled
b6ed657d-72fc-4684-a2cb-d856e580a89c,IKEv2,Main,AES-256-GCM,256,MD5,5,PSK,Tunnel,False,3600,76,Weak,Weak hash MD5; Weak DH group 5; Perfect Forward Secrecy (PFS) is disabled
9f7fa340-0533-4bc0-b31f-c90a1d40d29d,IKEv1,Aggressive,AES-256-GCM,256,SHA512,5,RSA-Sig,Transport,False,86400,99,Critical,Legacy IKEv1 used; IKEv1 Aggressive mode vulnerable to offline dictionary attacks; Weak DH group 5; Perfect Forward Secrecy (PFS) is disabled
c9ad77fe-9928-4343-af26-6e376f91a93f,IKEv2,Main,AES-256-CBC,256,SHA256,19,PSK,Tunnel,True,3600,0,Low,None
59a0985c-fa6d-4060-802f-3b23dde78f80,IKEv1,Quick,AES-256-CBC,256,SHA512,1,ECDSA-Sig,Transport,True,28800,53,Moderate,Legacy IKEv1 used; Weak DH group 1
81fbc242-17a8-4c87-ac53-dfccfc4db184,IKEv1,Aggressive,AES-256-GCM,256,SHA512,1,ECDSA-Sig,Tunnel,True,28800,83,Critical,Legacy IKEv1 used; IKEv1 Aggressive mode vulnerable to offline dictionary attacks; Weak DH group 1
51fe99dc-32f0-40ab-ac01-29fc5c3ce815,IKEv2,Main,AES-128-CBC,128,SHA512,14,RSA-Sig,Transport,False,86400,23,Strong,Perfect Forward Secrecy (PFS) is disabled
c8bce2ac-9290-4915-86c6-6749a61edec6,IKEv1,Main,AES-256-GCM,256,SHA512,14,RSA-Sig,Transport,False,86400,44,Moderate,Legacy IKEv1 used; Perfect Forward Secrecy (PFS) is disabled
014ce772-f000-4d5d-94eb-b35353797236,IKEv1,Main,AES-256-GCM,256,SHA256,2,ECDSA-Sig,Transport,False,86400,74,Weak,Legacy IKEv1 used; Weak DH group 2; Perfect Forward Secrecy (PFS) is disabled
6ac45bcd-a7c1-4da6-83e2-84ec7d4f5c61,IKEv1,Aggressive,ChaCha20-Poly1305,256,SHA1,2,PSK,Transport,False,28800,100,Critical,Legacy IKEv1 used; IKEv1 Aggressive mode vulnerable to offline dictionary attacks; Weak hash SHA1; Weak DH group 2; PSK with Aggressive Mode is highly risky; Perfect Forward Secrecy (PFS) is disabled
6293e97b-736a-4c6c-a7ec-9a9b484055a2,IKEv2,Main,DES,56,SHA1,20,RSA-Sig,Transport,False,3600,92,Critical,Weak encryption DES; Weak hash SHA1; Perfect Forward Secrecy (PFS) is disabled
693579d3-edde-4bf5-bdd7-4ff937194ce3,IKEv1,Main,AES-128-CBC,128,SHA512,21,PSK,Tunnel,True,28800,20,Strong,Legacy IKEv1 used
3f1acae9-f058-4341-9a05-5f9e22ec5031,IKEv2,Main,ChaCha20-Poly1305,256,MD5,1,ECDSA-Sig,Tunnel,False,28800,81,Critical,Weak hash MD5; Weak DH group 1; Perfect Forward Secrecy (PFS) is disabled
57ed5646-db57-44c3-b110-57e1d1972840,IKEv1,Main,DES,56,SHA256,20,PSK,Tunnel,False,3600,82,Critical,Legacy IKEv1 used; Weak encryption DES; Perfect Forward Secrecy (PFS) is disabled
1e1d26dd-4350-430f-9577-2b05f7bdd385,IKEv2,Main,AES-128-CBC,128,SHA384,31,PSK,Transport,False,86400,25,Strong,Perfect Forward Secrecy (PFS) is disabled
e74c9356-7ac1-4079-b237-09ee6ed040a6,IKEv1,Quick,DES,56,MD5,21,PSK,Transport,False,3600,100,Critical,Legacy IKEv1 used; Weak encryption DES; Weak hash MD5; Perfect Forward Secrecy (PFS) is disabled
a1d90e3f-87ef-4e6f-8aee-cdd87ee943a4,IKEv1,Aggressive,ChaCha20-Poly1305,256,SHA1,5,PSK,Transport,False,86400,100,Critical,Legacy IKEv1 used; IKEv1 Aggressive mode vulnerable to offline dictionary attacks; Weak hash SHA1; Weak DH group 5; PSK with Aggressive Mode is highly risky; Perfect Forward Secrecy (PFS) is disabled
739ff43f-df7f-431f-8b3b-bfd40a5985a5,IKEv2,Main,AES-256-CBC,256,MD5,31,PSK,Transport,False,3600,47,Moderate,Weak hash MD5; Perfect Forward Secrecy (PFS) is disabled
29bcff49-5fa7-4808-b235-a4faf84d6db3,IKEv1,Aggressive,ChaCha20-Poly1305,256,SHA1,19,RSA-Sig,Transport,False,3600,100,Critical,Legacy IKEv1 used; IKEv1 Aggressive mode vulnerable to offline dictionary attacks; Weak hash SHA1; Perfect Forward Secrecy (PFS) is disabled
ad8fc7eb-5811-4f49-8969-1dfe51cbda86,IKEv2,Main,AES-256-CBC,256,SHA1,21,ECDSA-Sig,Transport,False,86400,45,Moderate,Weak hash SHA1; Perfect Forward Secrecy (PFS) is disabled
8992b340-fb1b-4ca4-a9aa-0cde7c10b04b,IKEv2,Main,AES-256-CBC,256,SHA256,5,RSA-Sig,Transport,True,3600,32,Strong,Weak DH group 5
2bed6fc1-db0f-4245-8eeb-715b72023063,IKEv2,Main,3DES,112,SHA512,14,PSK,Tunnel,True,28800,36,Strong,Weak encryption 3DES
fed7ef52-677f-41e0-ab95-36e47ea99176,IKEv2,Main,ChaCha20-Poly1305,256,SHA384,20,ECDSA-Sig,Tunnel,False,28800,19,Low,Perfect Forward Secrecy (PFS) is disabled
3ea2e7fc-edde-43a9-be30-1935000450dc,IKEv2,Main,AES-256-CBC,256,SHA512,5,PSK,Transport,False,28800,51,Moderate,Weak DH group 5; Perfect Forward Secrecy (PFS) is disabled
73aa8285-0c37-45e9-8510-683fd1e3b533,IKEv2,Main,DES,56,SHA256,2,RSA-Sig,Transport,False,86400,86,Critical,Weak encryption DES; Weak DH group 2; Perfect Forward Secrecy (PFS) is disabled
874372f5-5044-4ced-a201-920618ea3dfe,IKEv2,Main,ChaCha20-Poly1305,256,MD5,14,ECDSA-Sig,Transport,False,86400,46,Moderate,Weak hash MD5; Perfect Forward Secrecy (PFS) is disabled
712c9c9c-2a98-479a-96b2-ffb5cca7beb9,IKEv2,Main,DES,56,SHA1,21,RSA-Sig,Tunnel,False,28800,87,Critical,Weak encryption DES; Weak hash SHA1; Perfect Forward Secrecy (PFS) is disabled
900db295-023d-4200-b191-9103b4f855c7,IKEv2,Main,3DES,112,SHA256,20,PSK,Transport,False,86400,60,Weak,Weak encryption 3DES; Perfect Forward Secrecy (PFS) is disabled
6ef2891a-a632-4026-a7d2-ccd66bd08bbe,IKEv1,Main,AES-128-CBC,128,SHA512,20,PSK,Transport,False,3600,39,Strong,Legacy IKEv1 used; Perfect Forward Secrecy (PFS) is disabled
1c2ea50d-a0ac-49d3-8341-603c4eb52250,IKEv1,Main,AES-256-GCM,256,SHA512,19,ECDSA-Sig,Tunnel,False,3600,40,Moderate,Legacy IKEv1 used; Perfect Forward Secrecy (PFS) is disabled
5b5863f8-c2e1-425e-8e5c-b74c8cd619a8,IKEv2,Main,AES-128-CBC,128,SHA384,31,ECDSA-Sig,Transport,False,86400,22,Strong,Perfect Forward Secrecy (PFS) is disabled
9e5d204d-0d20-4769-9259-e94f24963927,IKEv2,Main,DES,56,MD5,1,ECDSA-Sig,Tunnel,True,86400,98,Critical,Weak encryption DES; Weak hash MD5; Weak DH group 1
1de41a22-fd88-40ca-8d3e-2181a53b5e8e,IKEv2,Main,3DES,112,MD5,19,RSA-Sig,Transport,False,28800,93,Critical,Weak encryption 3DES; Weak hash MD5; Perfect Forward Secrecy (PFS) is disabled
38d0a80c-972b-43ec-86db-1ed513480fd0,IKEv2,Main,3DES,112,SHA256,20,ECDSA-Sig,Tunnel,False,3600,62,Weak,Weak encryption 3DES; Perfect Forward Secrecy (PFS) is disabled
03451b60-62a0-448f-b8d9-56ab0add276c,IKEv2,Main,AES-256-CBC,256,SHA512,5,PSK,Tunnel,False,3600,50,Moderate,Weak DH group 5; Perfect Forward Secrecy (PFS) is disabled
7a0df715-aa95-4db4-a716-9d543e24e4b6,IKEv1,Quick,AES-128-CBC,128,MD5,21,PSK,Tunnel,True,3600,52,Moderate,Legacy IKEv1 used; Weak hash MD5
59f40224-4bea-4a8a-ae2c-c9a03240a89c,IKEv1,Main,DES,56,SHA384,2,PSK,Tunnel,True,3600,86,Critical,Legacy IKEv1 used; Weak encryption DES; Weak DH group 2
e5a5060c-dfcd-437c-a3b0-65cfca586449,IKEv2,Main,AES-256-CBC,256,SHA512,2,ECDSA-Sig,Tunnel,False,3600,52,Moderate,Weak DH group 2; Perfect Forward Secrecy (PFS) is disabled
43482811-9dc6-4cf6-99c6-edcd96ef0ff2,IKEv1,Main,DES,56,SHA384,14,RSA-Sig,Tunnel,True,3600,62,Weak,Legacy IKEv1 used; Weak encryption DES
9699bac1-893d-4602-9008-f28f895a96d9,IKEv2,Main,AES-256-CBC,256,SHA512,2,ECDSA-Sig,Tunnel,True,86400,30,Strong,Weak DH group 2
16d2593f-e1d2-4bab-9a8b-82e62d954732,IKEv1,Quick,AES-128-CBC,128,SHA512,31,ECDSA-Sig,Tunnel,False,3600,36,Strong,Legacy IKEv1 used; Perfect Forward Secrecy (PFS) is disabled
72048f92-8eef-4e6f-b33d-15fdb6e70e74,IKEv1,Main,3DES,112,SHA1,31,ECDSA-Sig,Tunnel,True,3600,89,Critical,Legacy IKEv1 used; Weak encryption 3DES; Weak hash SHA1
c45d2fe4-f0e8-4063-a697-ee1e9e24158f,IKEv2,Main,AES-128-CBC,128,MD5,5,ECDSA-Sig,Tunnel,False,3600,75,Weak,Weak hash MD5; Weak DH group 5; Perfect Forward Secrecy (PFS) is disabled
4808b56e-ba84-4e8d-b8e0-392a820ab2f7,IKEv1,Quick,DES,56,SHA256,5,ECDSA-Sig,Transport,False,3600,100,Critical,Legacy IKEv1 used; Weak encryption DES; Weak DH group 5; Perfect Forward Secrecy (PFS) is disabled
e6fdb203-81d7-4dab-8149-7f3efddd9b33,IKEv2,Main,DES,56,SHA512,31,PSK,Tunnel,False,28800,55,Moderate,Weak encryption DES; Perfect Forward Secrecy (PFS) is disabled
1c79c0eb-dc1d-41c6-810a-bd1d629bc5bd,IKEv2,Main,AES-256-GCM,256,SHA512,5,PSK,Transport,True,3600,30,Strong,Weak DH group 5
02fb13b9-095b-428a-939e-dc134a00b552,IKEv1,Main,AES-256-GCM,256,MD5,2,ECDSA-Sig,Transport,False,28800,100,Critical,Legacy IKEv1 used; Weak hash MD5; Weak DH group 2; Perfect Forward Secrecy (PFS) is disabled
160bf123-4adb-49e3-a1a1-2c55c99d2465,IKEv2,Main,ChaCha20-Poly1305,256,SHA256,19,PSK,Transport,False,28800,16,Low,Perfect Forward Secrecy (PFS) is disabled
5f5a4091-5405-4cac-aceb-5e5a4e631de8,IKEv2,Main,3DES,112,MD5,14,RSA-Sig,Tunnel,False,3600,95,Critical,Weak encryption 3DES; Weak hash MD5; Perfect Forward Secrecy (PFS) is disabled
1262d597-c9ac-42f0-81d1-62c929507bb8,IKEv2,Main,3DES,112,SHA256,5,RSA-Sig,Tunnel,True,86400,67,Weak,Weak encryption 3DES; Weak DH group 5
fba279d2-a418-4690-8c94-959e5f48a2e1,IKEv2,Main,AES-256-CBC,256,SHA512,2,RSA-Sig,Transport,True,86400,28,Strong,Weak DH group 2
216b5383-7f22-4966-af41-39b844da8654,IKEv2,Main,AES-256-CBC,256,SHA384,31,PSK,Transport,True,86400,3,Low,None
5a7fd70a-6ded-447c-bba2-5186aaea9793,IKEv2,Main,ChaCha20-Poly1305,256,SHA384,31,PSK,Transport,False,3600,17,Low,Perfect Forward Secrecy (PFS) is disabled
43132a1c-5821-4d43-8ed4-f7428bec1600,IKEv2,Main,ChaCha20-Poly1305,256,SHA384,5,PSK,Transport,False,86400,53,Moderate,Weak DH group 5; Perfect Forward Secrecy (PFS) is disabled
51fdc674-c056-48aa-bf70-39b65bea1d97,IKEv2,Main,AES-256-CBC,256,SHA384,14,RSA-Sig,Tunnel,True,3600,0,Low,None
62416997-75e2-46f5-a10f-96e691c754d0,IKEv2,Main,AES-256-CBC,256,SHA512,20,ECDSA-Sig,Tunnel,False,3600,20,Strong,Perfect Forward Secrecy (PFS) is disabled
5fd61fdb-f921-46b6-9b2a-77c1b96a0bfb,IKEv2,Main,AES-256-GCM,256,SHA256,14,PSK,Transport,True,28800,3,Low,None
51d84a46-ff1a-425b-87b4-28b16c3fb88d,IKEv2,Main,AES-256-CBC,256,SHA512,31,RSA-Sig,Tunnel,False,86400,21,Strong,Perfect Forward Secrecy (PFS) is disabled
aaee9715-7dd0-41a2-8eee-f1cf2ad3158a,IKEv2,Main,DES,56,MD5,19,RSA-Sig,Tunnel,False,86400,92,Critical,Weak encryption DES; Weak hash MD5; Perfect Forward Secrecy (PFS) is disabled
c8db157e-f494-4091-a56e-06cf2fd78a7f,IKEv2,Main,AES-128-CBC,128,SHA1,14,PSK,Tunnel,True,28800,28,Strong,Weak hash SHA1
e71b1848-4971-4735-89be-c0dca51644d6,IKEv1,Main,DES,56,SHA1,19,ECDSA-Sig,Tunnel,True,28800,91,Critical,Legacy IKEv1 used; Weak encryption DES; Weak hash SHA1
189eea9c-c1d9-450a-a68c-b60b1e2faec8,IKEv1,Quick,AES-128-CBC,128,SHA256,1,ECDSA-Sig,Tunnel,True,3600,55,Moderate,Legacy IKEv1 used; Weak DH group 1
4c013cbf-898c-45d4-9185-50249850c516,IKEv2,Main,AES-256-CBC,256,SHA512,14,ECDSA-Sig,Tunnel,False,3600,17,Low,Perfect Forward Secrecy (PFS) is disabled
878a6d2e-5506-45f4-a328-b3081ae10f43,IKEv1,Main,DES,56,SHA256,1,PSK,Tunnel,False,86400,100,Critical,Legacy IKEv1 used; Weak encryption DES; Weak DH group 1; Perfect Forward Secrecy (PFS) is disabled
5d30b080-f7ba-4b5a-a0af-8037be948810,IKEv2,Main,AES-256-CBC,256,SHA512,14,RSA-Sig,Transport,True,28800,5,Low,None
dc38bd8f-fb84-40b6-9eef-a78cff830d56,IKEv2,Main,DES,56,SHA256,21,RSA-Sig,Tunnel,True,86400,45,Moderate,Weak encryption DES
a30b885b-4f56-42ac-94d9-4afde1284523,IKEv1,Quick,ChaCha20-Poly1305,256,SHA1,2,ECDSA-Sig,Transport,True,28800,81,Critical,Legacy IKEv1 used; Weak hash SHA1; Weak DH group 2
d6b0cce4-6cf3-47df-8f4d-d468428781e6,IKEv2,Main,DES,56,SHA512,1,RSA-Sig,Tunnel,False,86400,91,Critical,Weak encryption DES; Weak DH group 1; Perfect Forward Secrecy (PFS) is disabled
09120cd6-ae03-4191-a56d-4bd90d585c61,IKEv1,Main,3DES,112,SHA512,14,PSK,Transport,False,3600,75,Weak,Legacy IKEv1 used; Weak encryption 3DES; Perfect Forward Secrecy (PFS) is disabled
3586a0f3-06f7-4230-ad21-4306fcd0f660,IKEv2,Main,ChaCha20-Poly1305,256,MD5,21,PSK,Transport,True,3600,34,Strong,Weak hash MD5
0a8010ca-76ec-4f89-b851-f1d30d4756ef,IKEv2,Main,AES-256-CBC,256,SHA256,2,RSA-Sig,Transport,False,3600,48,Moderate,Weak DH group 2; Perfect Forward Secrecy (PFS) is disabled
87e36099-c96b-4691-a29c-1babec5ddbbe,IKEv2,Main,DES,56,SHA512,19,PSK,Transport,False,28800,62,Weak,Weak encryption DES; Perfect Forward Secrecy (PFS) is disabled
adbd6a43-b64a-4cd5-9eb8-e951dc709c49,IKEv1,Aggressive,AES-256-GCM,256,SHA512,21,RSA-Sig,Transport,False,86400,74,Weak,Legacy IKEv1 used; IKEv1 Aggressive mode vulnerable to offline dictionary attacks; Perfect Forward Secrecy (PFS) is disabled
d0beea00-aeb5-4046-a30b-31dc9e4d239e,IKEv2,Main,DES,56,MD5,1,ECDSA-Sig,Transport,True,28800,100,Critical,Weak encryption DES; Weak hash MD5; Weak DH group 1
b87fc833-df89-4e00-8ade-77ff06879dc2,IKEv2,Main,AES-256-GCM,256,SHA512,20,ECDSA-Sig,Tunnel,False,28800,21,Strong,Perfect Forward Secrecy (PFS) is disabled
76c38e36-2abd-4f94-90f3-9c983bc74cc3,IKEv2,Main,AES-256-CBC,256,SHA512,14,PSK,Transport,True,3600,0,Low,None
be1c3e8c-f6ed-4064-8f08-5b9ae79815c3,IKEv2,Main,AES-256-CBC,256,SHA384,20,RSA-Sig,Transport,True,86400,0,Low,None
be172484-5978-4a8e-9e9d-cf11800ca215,IKEv2,Main,ChaCha20-Poly1305,256,MD5,2,RSA-Sig,Tunnel,False,86400,78,Weak,Weak hash MD5; Weak DH group 2; Perfect Forward Secrecy (PFS) is disabled
a9e6923d-f8b6-48a7-9817-e860e41319b3,IKEv1,Quick,AES-128-CBC,128,SHA512,1,PSK,Tunnel,False,86400,69,Weak,Legacy IKEv1 used; Weak DH group 1; Perfect Forward Secrecy (PFS) is disabled
88013150-ee2a-46d2-ae9c-dc014720066e,IKEv1,Quick,3DES,112,MD5,1,ECDSA-Sig,Transport,True,28800,100,Critical,Legacy IKEv1 used; Weak encryption 3DES; Weak hash MD5; Weak DH group 1
5859b5a6-7c6a-4b22-b534-229b8688ee21,IKEv2,Main,AES-256-GCM,256,SHA256,14,RSA-Sig,Tunnel,False,86400,24,Strong,Perfect Forward Secrecy (PFS) is disabled
bc77ac4e-d19b-4820-8953-fb2c12cf8753,IKEv2,Main,AES-256-GCM,256,SHA256,1,PSK,Tunnel,True,3600,26,Strong,Weak DH group 1
7d3904d4-5018-4b5e-b010-c0931eda27ce,IKEv2,Main,AES-128-CBC,128,SHA384,1,PSK,Transport,True,86400,33,Strong,Weak DH group 1
c7c0c29f-8647-4c37-bba8-49d437ef1852,IKEv1,Aggressive,3DES,112,MD5,5,PSK,Tunnel,True,28800,100,Critical,Legacy IKEv1 used; IKEv1 Aggressive mode vulnerable to offline dictionary attacks; Weak encryption 3DES; Weak hash MD5; Weak DH group 5; PSK with Aggressive Mode is highly risky
1ed069a7-6bfe-42de-a5db-0d18d6345bd0,IKEv1,Main,ChaCha20-Poly1305,256,SHA256,1,ECDSA-Sig,Transport,False,3600,70,Weak,Legacy IKEv1 used; Weak DH group 1; Perfect Forward Secrecy (PFS) is disabled
ab2207e4-e3d1-4627-898c-4c4068d24fde,IKEv1,Main,AES-128-CBC,128,SHA256,19,RSA-Sig,Tunnel,True,3600,20,Strong,Legacy IKEv1 used
aff44da1-9ab3-4733-976e-a997d6bcb8c9,IKEv2,Main,AES-256-GCM,256,SHA512,31,RSA-Sig,Transport,False,86400,18,Low,Perfect Forward Secrecy (PFS) is disabled
7fff9cf2-aff6-4bcd-9bd0-3ee611e52eb7,IKEv2,Main,AES-128-CBC,128,SHA512,31,PSK,Transport,True,28800,2,Low,None
7bda554b-4fa1-4f3a-9255-d603eac7d1a5,IKEv2,Main,AES-256-GCM,256,MD5,21,ECDSA-Sig,Tunnel,False,28800,46,Moderate,Weak hash MD5; Perfect Forward Secrecy (PFS) is disabled
2aa92b4a-4594-4086-b49b-1bb97f14aae0,IKEv1,Quick,3DES,112,SHA256,31,ECDSA-Sig,Transport,True,86400,59,Moderate,Legacy IKEv1 used; Weak encryption 3DES
2172bd66-2aa6-4bd7-808b-52dd073f191b,IKEv1,Main,AES-256-CBC,256,SHA384,21,PSK,Tunnel,True,28800,25,Strong,Legacy IKEv1 used
5046b757-9dd1-4790-9c78-a0efe7a1748e,IKEv2,Main,3DES,112,SHA512,2,PSK,Tunnel,True,28800,72,Weak,Weak encryption 3DES; Weak DH group 2
4fe6d154-0338-45bd-b057-21baee2983de,IKEv2,Main,DES,56,MD5,21,PSK,Tunnel,False,3600,93,Critical,Weak encryption DES; Weak hash MD5; Perfect Forward Secrecy (PFS) is disabled
f6e60a08-13d0-46f2-a004-86c426139c92,IKEv2,Main,AES-256-CBC,256,SHA1,21,RSA-Sig,Transport,False,3600,55,Moderate,Weak hash SHA1; Perfect Forward Secrecy (PFS) is disabled
d9d4c142-9a64-4d53-8893-76892b7111cc,IKEv1,Aggressive,AES-256-GCM,256,SHA256,5,ECDSA-Sig,Transport,True,3600,80,Critical,Legacy IKEv1 used; IKEv1 Aggressive mode vulnerable to offline dictionary attacks; Weak DH group 5
9c83442b-7e1d-4bdb-9730-d7791d067629,IKEv2,Main,AES-128-CBC,128,SHA1,21,RSA-Sig,Transport,False,3600,54,Moderate,Weak hash SHA1; Perfect Forward Secrecy (PFS) is disabled
0be734ee-3a15-4bc3-b2a0-fca69b7a5ce4,IKEv2,Main,ChaCha20-Poly1305,256,SHA256,2,RSA-Sig,Tunnel,True,3600,31,Strong,Weak DH group 2
353ad2f6-8498-4048-8c86-513ac76c6d2f,IKEv2,Main,AES-256-GCM,256,SHA256,14,RSA-Sig,Tunnel,True,3600,4,Low,None
df339ef2-c462-4ecf-863e-1f455e1565f2,IKEv1,Quick,AES-256-GCM,256,SHA1,21,PSK,Transport,True,86400,51,Moderate,Legacy IKEv1 used; Weak hash SHA1
9da7b8dc-a8f5-4ef2-8940-5af2af7fdcec,IKEv2,Main,DES,56,SHA1,20,ECDSA-Sig,Tunnel,False,28800,94,Critical,Weak encryption DES; Weak hash SHA1; Perfect Forward Secrecy (PFS) is disabled
6f444570-b524-4302-ad08-4028c9b0f8de,IKEv2,Main,DES,56,SHA1,2,RSA-Sig,Transport,True,28800,96,Critical,Weak encryption DES; Weak hash SHA1; Weak DH group 2
763a98af-e15e-44d9-9ca8-30dd2e53ed39,IKEv2,Main,3DES,112,SHA1,1,ECDSA-Sig,Tunnel,False,3600,100,Critical,Weak encryption 3DES; Weak hash SHA1; Weak DH group 1; Perfect Forward Secrecy (PFS) is disabled
cc1c3934-7f29-4676-8772-aebe2765e043,IKEv1,Main,AES-256-GCM,256,SHA384,5,RSA-Sig,Tunnel,False,86400,70,Weak,Legacy IKEv1 used; Weak DH group 5; Perfect Forward Secrecy (PFS) is disabled
c9286362-e9f4-40a3-a4f2-6405e1ca40ae,IKEv2,Main,AES-256-CBC,256,SHA512,19,PSK,Tunnel,False,86400,22,Strong,Perfect Forward Secrecy (PFS) is disabled
805db1e9-e2af-4ce5-83ee-3debfd3f0a6b,IKEv2,Main,AES-256-CBC,256,SHA1,14,PSK,Tunnel,True,86400,34,Strong,Weak hash SHA1
728aba9f-574f-430d-9849-ebe269421cf7,IKEv2,Main,DES,56,SHA256,1,ECDSA-Sig,Tunnel,False,86400,87,Critical,Weak encryption DES; Weak DH group 1; Perfect Forward Secrecy (PFS) is disabled
c2ac7502-cb33-4619-9159-51488d0ece5b,IKEv1,Quick,3DES,112,SHA512,19,ECDSA-Sig,Tunnel,True,3600,65,Weak,Legacy IKEv1 used; Weak encryption 3DES
cc33ca42-05ad-45a0-b36f-e63600a92220,IKEv2,Main,DES,56,SHA512,20,PSK,Tunnel,True,28800,39,Strong,Weak encryption DES
4dd2ae1c-eea0-43d3-9613-1b63e7d27dd3,IKEv1,Quick,3DES,112,SHA256,19,ECDSA-Sig,Tunnel,False,28800,84,Critical,Legacy IKEv1 used; Weak encryption 3DES; Perfect Forward Secrecy (PFS) is disabled
fbc7e425-4175-40fa-9b14-1c9c7e00c0b6,IKEv2,Main,AES-256-CBC,256,SHA256,19,ECDSA-Sig,Tunnel,False,3600,24,Strong,Perfect Forward Secrecy (PFS) is disabled
bfc9d801-3522-4494-94cf-845c59b8492e,IKEv1,Main,AES-256-GCM,256,SHA384,1,PSK,Tunnel,False,3600,66,Weak,Legacy IKEv1 used; Weak DH group 1; Perfect Forward Secrecy (PFS) is disabled
f9c5f055-d330-4cee-a162-c45d6ac8a8b6,IKEv1,Aggressive,AES-128-CBC,128,MD5,21,RSA-Sig,Transport,True,86400,85,Critical,Legacy IKEv1 used; IKEv1 Aggressive mode vulnerable to offline dictionary attacks; Weak hash MD5
f76a78e3-6493-4dc0-8e53-30226abc303e,IKEv2,Main,AES-256-CBC,256,SHA1,2,ECDSA-Sig,Transport,False,3600,77,Weak,Weak hash SHA1; Weak DH group 2; Perfect Forward Secrecy (PFS) is disabled
bb944826-f2dd-4713-ac75-639751c3c143,IKEv2,Main,AES-256-CBC,256,SHA1,21,RSA-Sig,Tunnel,True,86400,30,Strong,Weak hash SHA1
b78144e0-ad1a-40e3-ab4b-eafa8516c758,IKEv2,Main,AES-256-CBC,256,SHA384,1,RSA-Sig,Transport,True,28800,26,Strong,Weak DH group 1
3799577c-d615-446c-83d1-18c10b8b569b,IKEv2,Main,3DES,112,SHA384,19,ECDSA-Sig,Tunnel,True,86400,38,Strong,Weak encryption 3DES
561bcbe6-3bed-4a2b-95b7-cd5e9c85e272,IKEv2,Main,DES,56,SHA512,19,RSA-Sig,Tunnel,False,3600,59,Moderate,Weak encryption DES; Perfect Forward Secrecy (PFS) is disabled
cb3f8e92-26b8-41cf-9972-9fa163845ea1,IKEv2,Main,AES-256-CBC,256,SHA1,2,RSA-Sig,Transport,False,86400,76,Weak,Weak hash SHA1; Weak DH group 2; Perfect Forward Secrecy (PFS) is disabled
d4e263ea-ee07-4f8e-9351-0eedfde60c09,IKEv1,Main,AES-256-CBC,256,SHA256,5,ECDSA-Sig,Tunnel,False,86400,67,Weak,Legacy IKEv1 used; Weak DH group 5; Perfect Forward Secrecy (PFS) is disabled
37ec2578-d5b9-49ab-af31-6587b0f472d3,IKEv2,Main,AES-256-CBC,256,SHA1,14,ECDSA-Sig,Transport,True,3600,30,Strong,Weak hash SHA1
49d54ff1-8a6b-40ca-a67c-0e7f1199f45c,IKEv2,Main,ChaCha20-Poly1305,256,SHA512,20,RSA-Sig,Transport,False,3600,17,Low,Perfect Forward Secrecy (PFS) is disabled
9af2a19e-db97-4bf9-84eb-d9ff3c07a2fe,IKEv2,Main,ChaCha20-Poly1305,256,SHA512,31,ECDSA-Sig,Transport,True,86400,3,Low,None
2e861d3c-f64c-49c0-9aae-7ff1cabbbb02,IKEv2,Main,3DES,112,SHA384,14,PSK,Tunnel,True,28800,41,Moderate,Weak encryption 3DES
19d42ef5-cb31-425c-aeab-84fa2376d574,IKEv2,Main,AES-128-CBC,128,SHA384,1,PSK,Transport,True,86400,31,Strong,Weak DH group 1
ec5f080f-9fdb-440a-a2eb-d80c4682aff7,IKEv2,Main,DES,56,SHA512,1,RSA-Sig,Tunnel,False,28800,94,Critical,Weak encryption DES; Weak DH group 1; Perfect Forward Secrecy (PFS) is disabled
8e2e9cd7-b96d-41cc-8d32-c73139c8bce3,IKEv2,Main,DES,56,SHA1,14,PSK,Transport,True,86400,67,Weak,Weak encryption DES; Weak hash SHA1
567bebb2-17f2-46a5-9fcc-d3d17aa315d3,IKEv2,Main,AES-256-GCM,256,SHA512,19,PSK,Transport,False,28800,24,Strong,Perfect Forward Secrecy (PFS) is disabled
53ca3fd9-76f9-473f-a659-0f94bab27a37,IKEv2,Main,AES-256-GCM,256,SHA512,14,ECDSA-Sig,Tunnel,False,86400,21,Strong,Perfect Forward Secrecy (PFS) is disabled
4d05f8ab-1b27-4d9d-8205-c2c82a9ef877,IKEv2,Main,3DES,112,SHA1,2,PSK,Transport,True,3600,100,Critical,Weak encryption 3DES; Weak hash SHA1; Weak DH group 2
0e41431d-b131-4ff2-bb4f-d4214dcfb93b,IKEv2,Main,AES-256-GCM,256,SHA1,1,PSK,Tunnel,False,3600,77,Weak,Weak hash SHA1; Weak DH group 1; Perfect Forward Secrecy (PFS) is disabled
64ffdf42-ce51-4c8a-8ef9-bf7d54fe6646,IKEv2,Main,AES-128-CBC,128,SHA512,20,PSK,Transport,False,28800,22,Strong,Perfect Forward Secrecy (PFS) is disabled
5052ac22-6bd5-4fb1-81c3-3c795500e267,IKEv1,Main,ChaCha20-Poly1305,256,SHA256,31,ECDSA-Sig,Transport,False,3600,45,Moderate,Legacy IKEv1 used; Perfect Forward Secrecy (PFS) is disabled
d5fd38db-9aac-4461-b41b-8e458d944e15,IKEv2,Main,AES-128-CBC,128,SHA512,5,RSA-Sig,Tunnel,False,86400,53,Moderate,Weak DH group 5; Perfect Forward Secrecy (PFS) is disabled
85fb2d97-b823-4f75-8751-d39873faa8eb,IKEv1,Main,3DES,112,SHA512,19,PSK,Transport,False,28800,85,Critical,Legacy IKEv1 used; Weak encryption 3DES; Perfect Forward Secrecy (PFS) is disabled
68df8d56-55e3-4ee9-bbd8-2ef3ac6598e7,IKEv2,Main,AES-256-GCM,256,SHA1,19,ECDSA-Sig,Transport,False,28800,47,Moderate,Weak hash SHA1; Perfect Forward Secrecy (PFS) is disabled
b99fc621-1c6c-4c4e-ad8c-559bc2276d2b,IKEv2,Main,3DES,112,SHA384,2,ECDSA-Sig,Tunnel,True,3600,73,Weak,Weak encryption 3DES; Weak DH group 2
5ed495af-385c-48cf-91d6-8f0c5bf5ea50,IKEv2,Main,AES-256-CBC,256,MD5,21,PSK,Tunnel,True,28800,27,Strong,Weak hash MD5
bff7b382-524b-4f68-8eaa-4be4824b117a,IKEv1,Main,AES-256-GCM,256,SHA384,19,PSK,Tunnel,True,28800,22,Strong,Legacy IKEv1 used
a3337dec-947f-41ee-af1c-fc9b257ee418,IKEv2,Main,AES-256-CBC,256,SHA384,14,ECDSA-Sig,Transport,False,3600,19,Low,Perfect Forward Secrecy (PFS) is disabled
dca1fd15-4bda-4ed4-ad1f-f6f91a57f308,IKEv2,Main,AES-256-CBC,256,SHA512,1,RSA-Sig,Tunnel,True,86400,27,Strong,Weak DH group 1
41cc65bb-75b1-48d5-a3de-572ba31c16ea,IKEv2,Main,AES-128-CBC,128,SHA384,1,PSK,Transport,True,86400,27,Strong,Weak DH group 1
f9abd698-6d78-40d8-8e23-2841c0f17ff3,IKEv1,Aggressive,DES,56,SHA256,20,ECDSA-Sig,Tunnel,False,28800,100,Critical,Legacy IKEv1 used; IKEv1 Aggressive mode vulnerable to offline dictionary attacks; Weak encryption DES; Perfect Forward Secrecy (PFS) is disabled
eb435215-74b0-461c-b7af-91f09dddde3d,IKEv1,Quick,AES-128-CBC,128,SHA512,14,ECDSA-Sig,Transport,False,86400,42,Moderate,Legacy IKEv1 used; Perfect Forward Secrecy (PFS) is disabled
562467f9-10c7-46e5-8243-2c44858eee59,IKEv2,Main,ChaCha20-Poly1305,256,SHA1,31,ECDSA-Sig,Transport,True,28800,34,Strong,Weak hash SHA1
d0b861fb-156d-4a95-98a8-75bd97265112,IKEv2,Main,DES,56,SHA1,14,PSK,Tunnel,True,28800,65,Weak,Weak encryption DES; Weak hash SHA1
62d3560f-0f6d-44d8-b54a-63b27f48ac1e,IKEv2,Main,AES-256-GCM,256,SHA1,21,ECDSA-Sig,Tunnel,False,86400,50,Moderate,Weak hash SHA1; Perfect Forward Secrecy (PFS) is disabled
ed1aa1f0-f3ae-4a6f-a723-9ec511bf8480,IKEv1,Aggressive,AES-128-CBC,128,MD5,1,ECDSA-Sig,Transport,False,28800,100,Critical,Legacy IKEv1 used; IKEv1 Aggressive mode vulnerable to offline dictionary attacks; Weak hash MD5; Weak DH group 1; Perfect Forward Secrecy (PFS) is disabled
51783e20-5f21-4217-8c8c-2d93deb67928,IKEv2,Main,AES-128-CBC,128,SHA384,19,ECDSA-Sig,Tunnel,False,3600,22,Strong,Perfect Forward Secrecy (PFS) is disabled
707b8be6-1412-4b82-b328-faf805ebcc0e,IKEv2,Main,AES-128-CBC,128,SHA512,14,PSK,Transport,False,86400,17,Low,Perfect Forward Secrecy (PFS) is disabled
3215cbf7-9a38-4abd-a95b-c678d6352251,IKEv2,Main,AES-256-GCM,256,SHA384,20,PSK,Tunnel,False,3600,18,Low,Perfect Forward Secrecy (PFS) is disabled
e93f8c59-c74c-4c1b-92e2-d45726b11ab7,IKEv2,Main,AES-128-CBC,128,MD5,19,ECDSA-Sig,Tunnel,True,28800,31,Strong,Weak hash MD5
8c5e5d11-13df-40f0-88e2-23a28d45a428,IKEv2,Main,3DES,112,MD5,21,PSK,Transport,False,86400,93,Critical,Weak encryption 3DES; Weak hash MD5; Perfect Forward Secrecy (PFS) is disabled
7980e32a-ff7a-4e8a-93df-64752e4293f1,IKEv1,Quick,AES-256-CBC,256,SHA384,5,PSK,Transport,True,86400,53,Moderate,Legacy IKEv1 used; Weak DH group 5
fe7fc548-d603-4f36-bc13-47d6cd12404b,IKEv2,Main,AES-128-CBC,128,SHA384,31,PSK,Tunnel,False,28800,25,Strong,Perfect Forward Secrecy (PFS) is disabled
2e91506b-a5ee-49d0-a06d-c4d472077f0d,IKEv2,Main,AES-256-GCM,256,SHA512,2,ECDSA-Sig,Transport,False,28800,52,Moderate,Weak DH group 2; Perfect Forward Secrecy (PFS) is disabled
626ab430-4460-45b9-9751-0b3558fe2a10,IKEv2,Main,AES-256-GCM,256,MD5,21,ECDSA-Sig,Tunnel,True,3600,31,Strong,Weak hash MD5
b0cc8bb5-3414-4f88-871e-e1d8fded7164,IKEv2,Main,AES-128-CBC,128,SHA256,2,ECDSA-Sig,Tunnel,True,28800,35,Strong,Weak DH group 2
146bb6ad-d6be-4f5f-a44f-4b85209f03e0,IKEv1,Aggressive,AES-256-GCM,256,SHA512,31,ECDSA-Sig,Tunnel,False,28800,72,Weak,Legacy IKEv1 used; IKEv1 Aggressive mode vulnerable to offline dictionary attacks; Perfect Forward Secrecy (PFS) is disabled
15ce551e-4434-4030-871a-d72be54a4378,IKEv1,Quick,AES-256-CBC,256,SHA512,31,RSA-Sig,Tunnel,True,3600,21,Strong,Legacy IKEv1 used
b8a035b5-8991-4ad1-914e-3c0617e31066,IKEv2,Main,AES-128-CBC,128,MD5,1,ECDSA-Sig,Transport,False,86400,82,Critical,Weak hash MD5; Weak DH group 1; Perfect Forward Secrecy (PFS) is disabled
439ef532-2644-4f9d-ac2c-6a844ce2ebf1,IKEv1,Quick,DES,56,SHA1,5,PSK,Transport,True,28800,100,Critical,Legacy IKEv1 used; Weak encryption DES; Weak hash SHA1; Weak DH group 5
51e4b19f-bcea-4b6d-94a4-1eef5bcc0101,IKEv2,Main,ChaCha20-Poly1305,256,SHA1,31,RSA-Sig,Tunnel,False,86400,47,Moderate,Weak hash SHA1; Perfect Forward Secrecy (PFS) is disabled
e2df6593-608d-468e-a230-c4010515e1fe,IKEv2,Main,AES-256-CBC,256,SHA384,14,RSA-Sig,Tunnel,False,86400,16,Low,Perfect Forward Secrecy (PFS) is disabled
ea60d5de-f16d-4084-9f07-bf17009409d6,IKEv1,Quick,DES,56,SHA512,19,ECDSA-Sig,Tunnel,True,86400,64,Weak,Legacy IKEv1 used; Weak encryption DES
49dfcb02-1edf-4306-b6e4-76ce61042198,IKEv2,Main,AES-128-CBC,128,SHA384,14,PSK,Tunnel,True,86400,0,Low,None
bcfd968b-e919-4077-8f34-18f8c5df1576,IKEv2,Main,AES-128-CBC,128,SHA1,14,RSA-Sig,Transport,True,86400,28,Strong,Weak hash SHA1
9cfcb3ab-dd07-472d-ad3a-2fdc60616950,IKEv2,Main,DES,56,SHA1,1,RSA-Sig,Tunnel,False,86400,100,Critical,Weak encryption DES; Weak hash SHA1; Weak DH group 1; Perfect Forward Secrecy (PFS) is disabled
6b778f76-04a5-426f-83c4-4764cf73f7cc,IKEv2,Main,DES,56,SHA1,31,ECDSA-Sig,Tunnel,False,3600,85,Critical,Weak encryption DES; Weak hash SHA1; Perfect Forward Secrecy (PFS) is disabled
39296df7-8b36-4511-9930-c9663a949971,IKEv2,Main,AES-128-CBC,128,SHA512,21,RSA-Sig,Tunnel,False,86400,19,Low,Perfect Forward Secrecy (PFS) is disabled
23c0ace4-1417-4c4f-9b25-d513cf4e99d3,IKEv2,Main,AES-256-GCM,256,MD5,20,ECDSA-Sig,Tunnel,True,86400,28,Strong,Weak hash MD5
6aaecedd-2025-4b8b-b9ca-1f6204690d9f,IKEv2,Main,AES-128-CBC,128,SHA256,19,PSK,Tunnel,True,86400,3,Low,None
71c39f25-0879-4462-a1b2-a571d1a40372,IKEv2,Main,AES-128-CBC,128,SHA256,14,ECDSA-Sig,Tunnel,False,28800,19,Low,Perfect Forward Secrecy (PFS) is disabled
69e9c75d-12da-4e87-825e-f0273f8841f8,IKEv2,Main,AES-256-GCM,256,SHA384,14,ECDSA-Sig,Transport,True,28800,0,Low,None
431ab2e0-0276-421d-bd16-1efca182505f,IKEv2,Main,3DES,112,SHA384,19,PSK,Transport,True,86400,42,Moderate,Weak encryption 3DES
86c678e0-9651-499f-b2e7-54ab4de2d9cb,IKEv2,Main,AES-256-CBC,256,MD5,19,PSK,Tunnel,False,86400,54,Moderate,Weak hash MD5; Perfect Forward Secrecy (PFS) is disabled
bcf2c802-d3d5-4c21-8117-7cadcbbd20e3,IKEv2,Main,3DES,112,SHA1,5,PSK,Transport,True,3600,100,Critical,Weak encryption 3DES; Weak hash SHA1; Weak DH group 5
7c4c0483-56fc-44ad-a4a4-7cbebc65b0f7,IKEv2,Main,AES-256-GCM,256,SHA512,20,RSA-Sig,Tunnel,True,3600,3,Low,None
5b424c99-5da4-4a2b-839c-ad800be9af32,IKEv2,Main,ChaCha20-Poly1305,256,SHA512,20,ECDSA-Sig,Tunnel,False,3600,23,Strong,Perfect Forward Secrecy (PFS) is disabled
89155b4f-7207-46bc-89e7-4d0df5488734,IKEv1,Main,AES-128-CBC,128,SHA512,1,RSA-Sig,Transport,True,86400,46,Moderate,Legacy IKEv1 used; Weak DH group 1
b6a8b326-a20b-4b35-a4c6-15c3f3522eef,IKEv2,Main,AES-128-CBC,128,SHA1,2,PSK,Transport,False,28800,84,Critical,Weak hash SHA1; Weak DH group 2; Perfect Forward Secrecy (PFS) is disabled
ab4ed782-4285-481d-a698-fa966995095d,IKEv2,Main,ChaCha20-Poly1305,256,SHA512,1,RSA-Sig,Transport,False,86400,46,Moderate,Weak DH group 1; Perfect Forward Secrecy (PFS) is disabled
5284ed60-9d5e-4607-9dea-6737a9ff7bca,IKEv2,Main,DES,56,SHA384,14,PSK,Tunnel,True,86400,39,Strong,Weak encryption DES
94ef6222-50f3-4e6f-b5f1-3f0c3e34bcb8,IKEv1,Main,3DES,112,SHA256,1,RSA-Sig,Transport,False,3600,100,Critical,Legacy IKEv1 used; Weak encryption 3DES; Weak DH group 1; Perfect Forward Secrecy (PFS) is disabled
78ab041b-88f5-462b-afdc-1162f05ba7fd,IKEv2,Main,ChaCha20-Poly1305,256,SHA384,14,ECDSA-Sig,Tunnel,False,28800,20,Strong,Perfect Forward Secrecy (PFS) is disabled
7a9b1afe-d0e5-4d8c-858b-3f91d02ffb53,IKEv2,Main,AES-256-GCM,256,SHA256,1,RSA-Sig,Transport,False,3600,53,Moderate,Weak DH group 1; Perfect Forward Secrecy (PFS) is disabled
a42fb6f0-17c9-4548-9262-f48070943730,IKEv1,Main,3DES,112,SHA256,1,RSA-Sig,Tunnel,True,3600,85,Critical,Legacy IKEv1 used; Weak encryption 3DES; Weak DH group 1
fa1bf3ad-3959-4171-a5c3-bfe63158c5fa,IKEv2,Main,DES,56,MD5,5,PSK,Tunnel,False,28800,100,Critical,Weak encryption DES; Weak hash MD5; Weak DH group 5; Perfect Forward Secrecy (PFS) is disabled
59e4a1f9-af4d-4cf0-8bea-20db011e351f,IKEv2,Main,AES-256-CBC,256,SHA256,20,PSK,Tunnel,True,86400,3,Low,None
bdc9fdc2-95f7-4d94-8f75-2e619e1694fe,IKEv2,Main,AES-256-CBC,256,SHA1,21,PSK,Tunnel,True,3600,28,Strong,Weak hash SHA1
ccd093e5-39d9-47b1-b949-5625bffb41fe,IKEv1,Quick,3DES,112,SHA256,31,PSK,Transport,True,28800,61,Weak,Legacy IKEv1 used; Weak encryption 3DES
883ba968-74bf-4415-8003-242a33d69656,IKEv2,Main,3DES,112,SHA384,5,PSK,Transport,True,28800,66,Weak,Weak encryption 3DES; Weak DH group 5
fa391ce2-00eb-4c1f-bdf8-0f2af02c9e95,IKEv1,Aggressive,DES,56,SHA1,2,PSK,Transport,False,28800,100,Critical,Legacy IKEv1 used; IKEv1 Aggressive mode vulnerable to offline dictionary attacks; Weak encryption DES; Weak hash SHA1; Weak DH group 2; PSK with Aggressive Mode is highly risky; Perfect Forward Secrecy (PFS) is disabled
badd84cd-6804-475e-8717-e1fcd1bb8601,IKEv2,Main,3DES,112,SHA256,20,RSA-Sig,Tunnel,False,86400,58,Moderate,Weak encryption 3DES; Perfect Forward Secrecy (PFS) is disabled
2a889127-27d7-4570-972b-dcc69f4415b6,IKEv2,Main,AES-128-CBC,128,SHA256,19,RSA-Sig,Transport,False,3600,19,Low,Perfect Forward Secrecy (PFS) is disabled
a406c637-8529-4f82-91a1-b7aa542c38ab,IKEv2,Main,AES-256-CBC,256,SHA256,20,PSK,Transport,True,28800,0,Low,None
add50c9b-3b5f-4923-bb47-cfd097e436bd,IKEv1,Main,3DES,112,SHA384,31,PSK,Transport,True,86400,62,Weak,Legacy IKEv1 used; Weak encryption 3DES
a10a2879-3513-419b-ae2c-b7662ce4c808,IKEv1,Quick,AES-256-GCM,256,MD5,1,RSA-Sig,Tunnel,True,28800,79,Weak,Legacy IKEv1 used; Weak hash MD5; Weak DH group 1
300c04db-250f-4cf0-9132-7cef04f13109,IKEv2,Main,AES-256-CBC,256,SHA384,19,RSA-Sig,Tunnel,True,3600,0,Low,None
9b1567fb-eb1b-495f-9b19-e1a024fdb8eb,IKEv2,Main,ChaCha20-Poly1305,256,MD5,31,PSK,Tunnel,False,86400,46,Moderate,Weak hash MD5; Perfect Forward Secrecy (PFS) is disabled
5a94710d-a5ed-4bed-8478-5c8be0bf66ae,IKEv1,Quick,ChaCha20-Poly1305,256,SHA512,21,PSK,Tunnel,True,3600,22,Strong,Legacy IKEv1 used
968448a5-0fa0-49bf-baf8-32567d29e6f9,IKEv2,Main,AES-128-CBC,128,SHA512,14,PSK,Tunnel,False,86400,16,Low,Perfect Forward Secrecy (PFS) is disabled
34c284bc-9506-4e03-acef-6cc7051cc6d6,IKEv2,Main,AES-128-CBC,128,MD5,2,ECDSA-Sig,Transport,True,86400,58,Moderate,Weak hash MD5; Weak DH group 2
5af7fecf-bb80-4412-88ca-374476c991af,IKEv1,Quick,AES-128-CBC,128,SHA384,2,ECDSA-Sig,Transport,True,3600,48,Moderate,Legacy IKEv1 used; Weak DH group 2
aa6361e4-5ab0-4cb9-8eb8-469578f489a9,IKEv2,Main,3DES,112,MD5,31,RSA-Sig,Tunnel,False,86400,94,Critical,Weak encryption 3DES; Weak hash MD5; Perfect Forward Secrecy (PFS) is disabled
8281e8b1-2cc9-49b8-a54b-bc916e8f1228,IKEv1,Quick,ChaCha20-Poly1305,256,SHA1,21,PSK,Transport,False,86400,70,Weak,Legacy IKEv1 used; Weak hash SHA1; Perfect Forward Secrecy (PFS) is disabled
5b73de09-b152-4f94-b9fe-69aceb9b0360,IKEv2,Main,DES,56,SHA256,2,RSA-Sig,Transport,False,28800,94,Critical,Weak encryption DES; Weak DH group 2; Perfect Forward Secrecy (PFS) is disabled
7e45fb02-f1d1-45a2-ac94-88d4155acf87,IKEv1,Quick,ChaCha20-Poly1305,256,SHA512,2,ECDSA-Sig,Transport,False,28800,75,Weak,Legacy IKEv1 used; Weak DH group 2; Perfect Forward Secrecy (PFS) is disabled
90606816-ce41-40e2-94eb-38078818c0a4,IKEv2,Main,ChaCha20-Poly1305,256,MD5,20,RSA-Sig,Transport,False,28800,51,Moderate,Weak hash MD5; Perfect Forward Secrecy (PFS) is disabled
c9642f87-ecf0-443e-814e-0eb49ce1917b,IKEv2,Main,DES,56,SHA1,21,PSK,Tunnel,False,86400,87,Critical,Weak encryption DES; Weak hash SHA1; Perfect Forward Secrecy (PFS) is disabled
4068d5d7-37c5-4d91-8d72-333885891f8e,IKEv2,Main,AES-128-CBC,128,SHA384,21,RSA-Sig,Tunnel,False,86400,24,Strong,Perfect Forward Secrecy (PFS) is disabled
20986142-30f6-49a4-b616-86f0d939e194,IKEv2,Main,AES-256-GCM,256,SHA512,1,PSK,Transport,True,3600,27,Strong,Weak DH group 1
13fd0e7b-885c-4fff-a86a-7379bccd55f7,IKEv2,Main,AES-256-CBC,256,SHA1,20,PSK,Tunnel,False,28800,48,Moderate,Weak hash SHA1; Perfect Forward Secrecy (PFS) is disabled
919d3bca-3083-41a4-b307-71f1b174ea9b,IKEv2,Main,ChaCha20-Poly1305,256,SHA256,20,RSA-Sig,Tunnel,True,28800,0,Low,None
0d60be1a-386a-4231-b048-f4e13ad2fe1f,IKEv2,Main,3DES,112,SHA512,21,RSA-Sig,Tunnel,True,86400,35,Strong,Weak encryption 3DES
a1f27db8-9774-47aa-918a-3c95e75ca80c,IKEv2,Main,AES-128-CBC,128,MD5,20,RSA-Sig,Tunnel,True,86400,34,Strong,Weak hash MD5
94b75717-6fe6-424b-aef7-643f00cbe929,IKEv2,Main,DES,56,SHA1,21,ECDSA-Sig,Tunnel,True,3600,70,Weak,Weak encryption DES; Weak hash SHA1
94019f6e-e1fd-4d96-9298-ee8a458840cf,IKEv1,Main,AES-256-CBC,256,SHA1,5,PSK,Tunnel,True,28800,83,Critical,Legacy IKEv1 used; Weak hash SHA1; Weak DH group 5
f421959c-6078-4b8c-9244-04478e592d59,IKEv2,Main,AES-128-CBC,128,SHA384,5,RSA-Sig,Tunnel,False,28800,49,Moderate,Weak DH group 5; Perfect Forward Secrecy (PFS) is disabled
03d3f1b8-1077-44e6-9101-bd0f31d7f34a,IKEv1,Aggressive,DES,56,SHA384,20,ECDSA-Sig,Tunnel,False,86400,100,Critical,Legacy IKEv1 used; IKEv1 Aggressive mode vulnerable to offline dictionary attacks; Weak encryption DES; Perfect Forward Secrecy (PFS) is disabled
81c5626a-e38c-44b6-b67c-43de4bd96540,IKEv2,Main,ChaCha20-Poly1305,256,SHA1,2,RSA-Sig,Transport,True,3600,63,Weak,Weak hash SHA1; Weak DH group 2
3d05195c-41bd-408d-b6fb-5e34f6e6ba72,IKEv2,Main,AES-256-CBC,256,SHA1,14,PSK,Tunnel,True,28800,27,Strong,Weak hash SHA1
54e6a123-cffd-42b1-971c-54f8e3bbfefb,IKEv2,Main,AES-256-GCM,256,SHA256,31,ECDSA-Sig,Transport,True,3600,0,Low,None
360dcc33-de10-40e5-af4a-bef44f771495,IKEv1,Aggressive,AES-256-GCM,256,SHA512,20,ECDSA-Sig,Transport,True,3600,49,Moderate,Legacy IKEv1 used; IKEv1 Aggressive mode vulnerable to offline dictionary attacks
2e22eeb7-fb1b-4570-beb3-2d223f191bdc,IKEv2,Main,AES-256-CBC,256,SHA256,5,PSK,Transport,True,28800,29,Strong,Weak DH group 5
3a4e3783-9d79-4c60-bd1a-0ecbe47b6be7,IKEv2,Main,AES-128-CBC,128,SHA384,20,RSA-Sig,Transport,False,86400,24,Strong,Perfect Forward Secrecy (PFS) is disabled
45e835c9-33a0-4ec0-b938-97b77f14b12b,IKEv2,Main,3DES,112,SHA256,19,PSK,Tunnel,True,86400,39,Strong,Weak encryption 3DES
45e447ba-4d1e-4989-a606-05ffe2c66a49,IKEv1,Main,DES,56,SHA1,21,ECDSA-Sig,Tunnel,False,3600,100,Critical,Legacy IKEv1 used; Weak encryption DES; Weak hash SHA1; Perfect Forward Secrecy (PFS) is disabled
3138b3c1-d977-4c3b-9737-65c73cc0ef64,IKEv2,Main,ChaCha20-Poly1305,256,SHA512,21,PSK,Transport,False,86400,25,Strong,Perfect Forward Secrecy (PFS) is disabled
67bee9ba-0929-4815-83dd-8b7e19e344a0,IKEv2,Main,DES,56,SHA1,2,ECDSA-Sig,Tunnel,True,86400,96,Critical,Weak encryption DES; Weak hash SHA1; Weak DH group 2
0002230f-3041-47e9-9e41-3185805f1bb5,IKEv2,Main,AES-256-CBC,256,SHA384,19,PSK,Tunnel,True,86400,0,Low,None
d061442b-5024-44a8-a99c-4658e9587ca9,IKEv2,Main,DES,56,SHA1,14,ECDSA-Sig,Transport,True,28800,71,Weak,Weak encryption DES; Weak hash SHA1
b54c67bf-44a6-4c80-bab1-20e1794f6ce4,IKEv1,Aggressive,AES-128-CBC,128,SHA512,5,RSA-Sig,Tunnel,False,3600,95,Critical,Legacy IKEv1 used; IKEv1 Aggressive mode vulnerable to offline dictionary attacks; Weak DH group 5; Perfect Forward Secrecy (PFS) is disabled
cb93dbbc-351e-49e1-9da6-a2a2fc6a7a2e,IKEv2,Main,ChaCha20-Poly1305,256,SHA384,31,RSA-Sig,Transport,False,86400,19,Low,Perfect Forward Secrecy (PFS) is disabled
44a7cc43-7d35-409b-83d9-4ee3379163fb,IKEv1,Main,AES-128-CBC,128,MD5,14,RSA-Sig,Transport,True,86400,55,Moderate,Legacy IKEv1 used; Weak hash MD5
e808a798-9db8-4d74-9aa2-388963eb5eb5,IKEv2,Main,AES-256-CBC,256,SHA512,21,PSK,Transport,True,3600,0,Low,None
fb3e7ac3-b04d-4e99-8be5-5d01b7d5a3a8,IKEv1,Aggressive,AES-256-GCM,256,SHA512,5,ECDSA-Sig,Transport,False,86400,97,Critical,Legacy IKEv1 used; IKEv1 Aggressive mode vulnerable to offline dictionary attacks; Weak DH group 5; Perfect Forward Secrecy (PFS) is disabled
3632a627-8bfe-4aad-a85b-b922e396b8e3,IKEv2,Main,DES,56,SHA384,19,PSK,Transport,True,28800,38,Strong,Weak encryption DES
a94249a2-4233-4c82-a116-44f4ead049c6,IKEv1,Main,AES-256-GCM,256,SHA256,20,RSA-Sig,Transport,False,3600,37,Strong,Legacy IKEv1 used; Perfect Forward Secrecy (PFS) is disabled
11a63915-2527-4486-9b4f-f2a870709968,IKEv2,Main,AES-256-GCM,256,MD5,5,RSA-Sig,Tunnel,True,28800,60,Weak,Weak hash MD5; Weak DH group 5
982771af-da83-43c8-b450-20e9eab9c2fb,IKEv2,Main,AES-256-GCM,256,SHA384,14,RSA-Sig,Tunnel,True,28800,0,Low,None
ad9ebbb3-a924-4bc9-8e9f-8560677514c2,IKEv1,Quick,3DES,112,SHA256,31,PSK,Tunnel,False,86400,85,Critical,Legacy IKEv1 used; Weak encryption 3DES; Perfect Forward Secrecy (PFS) is disabled
62ea9e40-cb30-4f6a-b8ce-4506f13269fe,IKEv2,Main,AES-256-CBC,256,MD5,19,ECDSA-Sig,Transport,True,86400,31,Strong,Weak hash MD5
90d9cf4c-7c79-4775-a773-e3c351129c89,IKEv1,Aggressive,ChaCha20-Poly1305,256,SHA1,19,PSK,Transport,True,28800,100,Critical,Legacy IKEv1 used; IKEv1 Aggressive mode vulnerable to offline dictionary attacks; Weak hash SHA1; PSK with Aggressive Mode is highly risky
9940b749-0e21-4343-9885-b5d0c42ed4f9,IKEv2,Main,AES-256-CBC,256,SHA384,21,PSK,Tunnel,True,86400,0,Low,None
c5d04fce-9dec-4632-b66d-693aea4b3585,IKEv2,Main,DES,56,SHA1,31,PSK,Tunnel,False,86400,94,Critical,Weak encryption DES; Weak hash SHA1; Perfect Forward Secrecy (PFS) is disabled
a6bf4953-cadc-40c9-9c69-3590c60e98ee,IKEv1,Aggressive,ChaCha20-Poly1305,256,SHA384,31,PSK,Transport,False,86400,95,Critical,Legacy IKEv1 used; IKEv1 Aggressive mode vulnerable to offline dictionary attacks; PSK with Aggressive Mode is highly risky; Perfect Forward Secrecy (PFS) is disabled
9abcd1d9-26be-44ea-bfcb-130639f3d053,IKEv2,Main,ChaCha20-Poly1305,256,SHA1,19,RSA-Sig,Transport,False,86400,49,Moderate,Weak hash SHA1; Perfect Forward Secrecy (PFS) is disabled
df5b08bb-8673-4727-b8b7-918b4b4c798f,IKEv2,Main,AES-128-CBC,128,SHA512,5,ECDSA-Sig,Tunnel,True,28800,35,Strong,Weak DH group 5
846e3e8d-c4b2-45e2-91c2-6bd0e591b1e2,IKEv2,Main,3DES,112,SHA512,2,ECDSA-Sig,Tunnel,False,28800,91,Critical,Weak encryption 3DES; Weak DH group 2; Perfect Forward Secrecy (PFS) is disabled
97c7380a-c760-4ba4-8975-25bc2caf4a6d,IKEv1,Aggressive,ChaCha20-Poly1305,256,SHA1,19,PSK,Transport,False,86400,100,Critical,Legacy IKEv1 used; IKEv1 Aggressive mode vulnerable to offline dictionary attacks; Weak hash SHA1; PSK with Aggressive Mode is highly risky; Perfect Forward Secrecy (PFS) is disabled
722aa633-422c-450d-9a49-bdbcf51cf28b,IKEv2,Main,DES,56,SHA384,2,ECDSA-Sig,Tunnel,False,28800,92,Critical,Weak encryption DES; Weak DH group 2; Perfect Forward Secrecy (PFS) is disabled
4f491189-0be2-44ab-af2a-9b74b69c9fb1,IKEv1,Quick,AES-256-GCM,256,SHA1,19,ECDSA-Sig,Tunnel,True,86400,46,Moderate,Legacy IKEv1 used; Weak hash SHA1
edf42b1a-3cef-494f-ae5f-269a3b53f50d,IKEv2,Main,3DES,112,MD5,19,RSA-Sig,Transport,False,3600,95,Critical,Weak encryption 3DES; Weak hash MD5; Perfect Forward Secrecy (PFS) is disabled
8f88994a-39e3-4d01-9c7e-9bcf478315bb,IKEv2,Main,DES,56,SHA384,2,ECDSA-Sig,Tunnel,False,28800,86,Critical,Weak encryption DES; Weak DH group 2; Perfect Forward Secrecy (PFS) is disabled
b1b61cb4-1e42-4b7b-8292-a35191434352,IKEv2,Main,AES-256-GCM,256,SHA256,14,ECDSA-Sig,Tunnel,False,28800,21,Strong,Perfect Forward Secrecy (PFS) is disabled
dc19ae0b-2214-42ef-a2ed-190a70703263,IKEv2,Main,DES,56,SHA256,2,ECDSA-Sig,Transport,True,86400,73,Weak,Weak encryption DES; Weak DH group 2
f84a0e36-4f3f-4394-95f7-11365bc30a93,IKEv1,Main,3DES,112,MD5,20,ECDSA-Sig,Tunnel,True,28800,89,Critical,Legacy IKEv1 used; Weak encryption 3DES; Weak hash MD5
3ef57028-06ae-4dbd-b261-0b0955bf6a64,IKEv2,Main,AES-128-CBC,128,MD5,14,ECDSA-Sig,Transport,True,3600,30,Strong,Weak hash MD5
15c9d3ad-77f5-474e-9261-f9e0daf9a01d,IKEv2,Main,ChaCha20-Poly1305,256,SHA384,2,ECDSA-Sig,Transport,True,28800,32,Strong,Weak DH group 2
c5bb84c3-c2fd-44eb-8bcd-76a8915ad1e9,IKEv1,Main,AES-128-CBC,128,SHA384,14,PSK,Transport,False,86400,42,Moderate,Legacy IKEv1 used; Perfect Forward Secrecy (PFS) is disabled
0c8d052e-3d04-475e-a5db-40dcad3226b9,IKEv2,Main,3DES,112,MD5,20,RSA-Sig,Transport,False,3600,90,Critical,Weak encryption 3DES; Weak hash MD5; Perfect Forward Secrecy (PFS) is disabled
84b7c8e3-483e-4670-a9e9-ddbd09fd86aa,IKEv2,Main,AES-128-CBC,128,SHA1,19,ECDSA-Sig,Tunnel,False,3600,54,Moderate,Weak hash SHA1; Perfect Forward Secrecy (PFS) is disabled
60289213-3453-444e-a39c-80ac0bf66f40,IKEv2,Main,AES-256-GCM,256,SHA256,20,RSA-Sig,Tunnel,True,86400,0,Low,None
7229503e-4daa-412e-b04e-241a2f891033,IKEv2,Main,3DES,112,SHA256,5,PSK,Transport,False,86400,86,Critical,Weak encryption 3DES; Weak DH group 5; Perfect Forward Secrecy (PFS) is disabled
e403f300-4413-4179-b975-47a77e966495,IKEv1,Quick,AES-256-GCM,256,SHA384,20,ECDSA-Sig,Transport,True,28800,22,Strong,Legacy IKEv1 used
2774c87f-7964-48c8-b89c-f085dc7bafa1,IKEv1,Quick,AES-128-CBC,128,SHA384,21,ECDSA-Sig,Transport,False,3600,45,Moderate,Legacy IKEv1 used; Perfect Forward Secrecy (PFS) is disabled
27164e4e-8c90-494f-9d14-fef213966e88,IKEv2,Main,3DES,112,SHA256,5,PSK,Tunnel,False,28800,95,Critical,Weak encryption 3DES; Weak DH group 5; Perfect Forward Secrecy (PFS) is disabled
c093d713-c749-4cdf-8998-193bda570d72,IKEv2,Main,3DES,112,SHA512,5,PSK,Transport,True,28800,70,Weak,Weak encryption 3DES; Weak DH group 5
e76babfe-595b-4e3b-bf96-174829562be9,IKEv2,Main,DES,56,SHA384,14,PSK,Transport,True,3600,36,Strong,Weak encryption DES
c52a0d4e-8e28-447d-a19a-5281a0e62559,IKEv2,Main,3DES,112,SHA384,21,RSA-Sig,Tunnel,False,28800,63,Weak,Weak encryption 3DES; Perfect Forward Secrecy (PFS) is disabled
21dd5a66-b06d-4a25-bb1d-8ca1bb898c0a,IKEv2,Main,AES-256-GCM,256,SHA384,21,ECDSA-Sig,Tunnel,True,3600,1,Low,None
00fdc87a-1adf-44f0-bbbb-86d44c6aa197,IKEv2,Main,AES-128-CBC,128,SHA384,5,PSK,Transport,False,28800,48,Moderate,Weak DH group 5; Perfect Forward Secrecy (PFS) is disabled
c8a537eb-08ed-4b8d-97b9-eee10bf5b729,IKEv1,Aggressive,DES,56,SHA1,14,ECDSA-Sig,Transport,True,3600,100,Critical,Legacy IKEv1 used; IKEv1 Aggressive mode vulnerable to offline dictionary attacks; Weak encryption DES; Weak hash SHA1
bd301034-fcc7-458a-976e-e45af68fd08c,IKEv2,Main,AES-256-GCM,256,MD5,31,ECDSA-Sig,Transport,True,28800,28,Strong,Weak hash MD5
5cee2ec7-2b6d-4c86-b87f-5995b5904581,IKEv2,Main,3DES,112,MD5,19,ECDSA-Sig,Tunnel,True,86400,72,Weak,Weak encryption 3DES; Weak hash MD5
5f00a4c4-6615-41e7-908c-836f7a900861,IKEv1,Quick,DES,56,SHA512,21,ECDSA-Sig,Transport,True,3600,59,Moderate,Legacy IKEv1 used; Weak encryption DES
4935a5b1-6dff-4506-a3b6-52b75002ae5c,IKEv1,Aggressive,AES-128-CBC,128,SHA384,19,ECDSA-Sig,Tunnel,True,28800,50,Moderate,Legacy IKEv1 used; IKEv1 Aggressive mode vulnerable to offline dictionary attacks
be655e88-9f39-48f2-89e2-0134bc3f3ad9,IKEv1,Main,ChaCha20-Poly1305,256,SHA512,21,PSK,Tunnel,False,28800,39,Strong,Legacy IKEv1 used; Perfect Forward Secrecy (PFS) is disabled
02046ac2-4a47-4635-bee1-0d96cfcfee6e,IKEv2,Main,AES-128-CBC,128,SHA384,20,ECDSA-Sig,Tunnel,True,3600,0,Low,None
4c010ee9-6ec0-4132-9c91-ba2337429f90,IKEv2,Main,AES-256-CBC,256,SHA384,21,ECDSA-Sig,Tunnel,False,28800,23,Strong,Perfect Forward Secrecy (PFS) is disabled
c7f017c7-255e-4c39-b165-631138e652a2,IKEv1,Main,ChaCha20-Poly1305,256,SHA1,21,ECDSA-Sig,Tunnel,True,86400,54,Moderate,Legacy IKEv1 used; Weak hash SHA1
fe7a5bb5-a018-4902-8c34-43040f6aea1e,IKEv1,Quick,DES,56,SHA256,5,RSA-Sig,Tunnel,True,28800,87,Critical,Legacy IKEv1 used; Weak encryption DES; Weak DH group 5
e2fb1bd3-461b-4eb1-b9af-b17b27d10256,IKEv2,Main,DES,56,SHA1,21,ECDSA-Sig,Tunnel,False,86400,94,Critical,Weak encryption DES; Weak hash SHA1; Perfect Forward Secrecy (PFS) is disabled
ee14396e-0f0b-47ed-b4f9-cd3433b689c8,IKEv2,Main,3DES,112,SHA512,5,PSK,Transport,False,3600,92,Critical,Weak encryption 3DES; Weak DH group 5; Perfect Forward Secrecy (PFS) is disabled
8c5ac959-8524-4cad-a350-69f492c5d223,IKEv2,Main,DES,56,SHA256,1,ECDSA-Sig,Transport,False,86400,90,Critical,Weak encryption DES; Weak DH group 1; Perfect Forward Secrecy (PFS) is disabled
fb1771ec-cbef-4f14-89d4-21883d146e7d,IKEv2,Main,3DES,112,SHA384,2,ECDSA-Sig,Transport,False,28800,95,Critical,Weak encryption 3DES; Weak DH group 2; Perfect Forward Secrecy (PFS) is disabled
d85cb7b4-8676-4eb7-8bc8-a59b59773785,IKEv2,Main,AES-256-CBC,256,SHA256,21,PSK,Transport,True,3600,0,Low,None
f599c121-7195-4c06-8493-ababeb97c461,IKEv1,Main,DES,56,SHA512,21,PSK,Tunnel,False,3600,75,Weak,Legacy IKEv1 used; Weak encryption DES; Perfect Forward Secrecy (PFS) is disabled
88b124c8-94f6-49eb-9470-632f0e3bceb6,IKEv2,Main,AES-256-CBC,256,MD5,21,RSA-Sig,Tunnel,True,28800,26,Strong,Weak hash MD5
607ae2a7-26a8-467d-8d79-999e8814d8fb,IKEv2,Main,DES,56,SHA256,19,RSA-Sig,Tunnel,True,3600,45,Moderate,Weak encryption DES
878ab36c-dece-4a16-b076-23f4c0b7223a,IKEv2,Main,3DES,112,SHA384,5,RSA-Sig,Transport,False,3600,92,Critical,Weak encryption 3DES; Weak DH group 5; Perfect Forward Secrecy (PFS) is disabled
a1623864-1623-4ca4-882f-513b1f01f819,IKEv1,Quick,AES-256-GCM,256,MD5,19,ECDSA-Sig,Tunnel,False,86400,65,Weak,Legacy IKEv1 used; Weak hash MD5; Perfect Forward Secrecy (PFS) is disabled
113cdb0b-e845-4bc1-a22f-acee48567d7e,IKEv2,Main,AES-256-CBC,256,SHA512,20,PSK,Tunnel,False,86400,16,Low,Perfect Forward Secrecy (PFS) is disabled
09d5ea2a-7019-48e8-a5d8-7438ab0a2614,IKEv1,Quick,AES-256-GCM,256,MD5,2,RSA-Sig,Transport,False,86400,97,Critical,Legacy IKEv1 used; Weak hash MD5; Weak DH group 2; Perfect Forward Secrecy (PFS) is disabled
707b3602-8f2c-4d70-88ee-08c3fc4c88f0,IKEv2,Main,DES,56,SHA384,19,RSA-Sig,Tunnel,True,86400,42,Moderate,Weak encryption DES
d5f0aac4-af5f-42d9-8f2e-d71516948198,IKEv2,Main,AES-256-CBC,256,MD5,31,ECDSA-Sig,Tunnel,False,28800,52,Moderate,Weak hash MD5; Perfect Forward Secrecy (PFS) is disabled
3222bed8-4577-413d-9137-682fe477a05b,IKEv2,Main,AES-256-GCM,256,SHA512,1,PSK,Transport,False,28800,45,Moderate,Weak DH group 1; Perfect Forward Secrecy (PFS) is disabled
fc666b9d-3fbe-4f27-8d64-8d0d62e91344,IKEv1,Quick,ChaCha20-Poly1305,256,SHA384,2,PSK,Transport,False,28800,71,Weak,Legacy IKEv1 used; Weak DH group 2; Perfect Forward Secrecy (PFS) is disabled
c8c633fb-688a-485a-b88d-ec93da52d098,IKEv2,Main,AES-256-GCM,256,SHA384,2,PSK,Tunnel,False,86400,48,Moderate,Weak DH group 2; Perfect Forward Secrecy (PFS) is disabled
620b31b5-c4e4-4f44-b3bb-f488617e1877,IKEv2,Main,DES,56,SHA1,31,PSK,Transport,False,86400,87,Critical,Weak encryption DES; Weak hash SHA1; Perfect Forward Secrecy (PFS) is disabled
e8427a5a-f299-4fda-8a4b-54d7682af008,IKEv1,Main,3DES,112,SHA384,5,RSA-Sig,Tunnel,True,28800,95,Critical,Legacy IKEv1 used; Weak encryption 3DES; Weak DH group 5
f2f8e1ed-8241-43ac-8964-39170000ced7,IKEv2,Main,AES-256-GCM,256,SHA384,1,PSK,Tunnel,False,86400,49,Moderate,Weak DH group 1; Perfect Forward Secrecy (PFS) is disabled
afaddb93-639c-4fe7-b56b-d9ed2582555b,IKEv1,Quick,AES-128-CBC,128,SHA1,2,RSA-Sig,Transport,False,3600,97,Critical,Legacy IKEv1 used; Weak hash SHA1; Weak DH group 2; Perfect Forward Secrecy (PFS) is disabled
880c68c7-b77c-4cce-813a-8c5a8d91e449,IKEv1,Quick,ChaCha20-Poly1305,256,SHA512,5,PSK,Transport,False,28800,69,Weak,Legacy IKEv1 used; Weak DH group 5; Perfect Forward Secrecy (PFS) is disabled
4f3ee5d7-34dc-4220-8b16-cd9d2fdf6eaa,IKEv1,Main,DES,56,SHA384,19,ECDSA-Sig,Tunnel,False,28800,76,Weak,Legacy IKEv1 used; Weak encryption DES; Perfect Forward Secrecy (PFS) is disabled
94df6054-149f-499b-8126-0cf7c059610c,IKEv1,Main,AES-256-CBC,256,SHA1,5,PSK,Tunnel,False,86400,100,Critical,Legacy IKEv1 used; Weak hash SHA1; Weak DH group 5; Perfect Forward Secrecy (PFS) is disabled
5bd9d010-82ac-4b15-aaac-b13fa1f18434,IKEv2,Main,3DES,112,SHA256,31,PSK,Tunnel,True,86400,40,Moderate,Weak encryption 3DES
7ffdf0fa-f4f1-4d3b-85c4-e799c21617aa,IKEv2,Main,AES-128-CBC,128,SHA384,2,PSK,Tunnel,True,86400,29,Strong,Weak DH group 2
59dc371c-50c2-4146-a057-85d48449f9e6,IKEv1,Main,AES-256-GCM,256,SHA384,1,RSA-Sig,Transport,False,28800,66,Weak,Legacy IKEv1 used; Weak DH group 1; Perfect Forward Secrecy (PFS) is disabled
e6b05520-ac29-453a-be58-20c2f9dead1d,IKEv1,Quick,AES-256-CBC,256,SHA256,5,ECDSA-Sig,Transport,True,28800,50,Moderate,Legacy IKEv1 used; Weak DH group 5
2aa295d8-b842-44e8-a3e2-8e795996e6f0,IKEv2,Main,DES,56,SHA256,20,RSA-Sig,Tunnel,True,86400,45,Moderate,Weak encryption DES
e16315c5-e965-4f00-b92b-c68e8e03e091,IKEv1,Main,AES-256-GCM,256,SHA384,5,ECDSA-Sig,Transport,False,28800,75,Weak,Legacy IKEv1 used; Weak DH group 5; Perfect Forward Secrecy (PFS) is disabled
454d490e-de89-42a4-874c-08e62ba4e403,IKEv2,Main,AES-256-CBC,256,SHA1,1,PSK,Tunnel,True,3600,57,Moderate,Weak hash SHA1; Weak DH group 1
2036efcc-0fba-4c83-ba30-7ad01baad5df,IKEv1,Main,DES,56,SHA512,21,PSK,Transport,True,86400,55,Moderate,Legacy IKEv1 used; Weak encryption DES
39261dc0-ac60-44cd-84c0-994b912011c3,IKEv1,Quick,DES,56,SHA512,19,PSK,Transport,False,86400,81,Critical,Legacy IKEv1 used; Weak encryption DES; Perfect Forward Secrecy (PFS) is disabled
8e0017af-25cc-422a-9672-03a73cc7f056,IKEv2,Main,3DES,112,SHA256,5,ECDSA-Sig,Tunnel,True,3600,75,Weak,Weak encryption 3DES; Weak DH group 5
50fd810c-cde1-489e-a588-32cd593a9a33,IKEv2,Main,AES-256-CBC,256,SHA256,31,RSA-Sig,Tunnel,False,3600,19,Low,Perfect Forward Secrecy (PFS) is disabled
0ff72497-08e4-4032-a907-9e4fbf2fb08c,IKEv1,Quick,3DES,112,MD5,2,PSK,Transport,False,3600,100,Critical,Legacy IKEv1 used; Weak encryption 3DES; Weak hash MD5; Weak DH group 2; Perfect Forward Secrecy (PFS) is disabled
db256475-5f57-40a8-9be1-af64e2ea0535,IKEv1,Main,3DES,112,SHA1,19,RSA-Sig,Tunnel,True,86400,91,Critical,Legacy IKEv1 used; Weak encryption 3DES; Weak hash SHA1
3db7059a-4bcb-4459-a74f-a72035cb0180,IKEv2,Main,3DES,112,SHA384,21,RSA-Sig,Transport,False,3600,65,Weak,Weak encryption 3DES; Perfect Forward Secrecy (PFS) is disabled
4c8234f4-dd0d-4369-a5e4-5de71e2a7438,IKEv2,Main,AES-256-GCM,256,SHA1,1,RSA-Sig,Transport,False,86400,76,Weak,Weak hash SHA1; Weak DH group 1; Perfect Forward Secrecy (PFS) is disabled
351a6fda-e35b-4799-8cd4-88ab668b3222,IKEv2,Main,ChaCha20-Poly1305,256,SHA1,21,PSK,Transport,False,3600,46,Moderate,Weak hash SHA1; Perfect Forward Secrecy (PFS) is disabled
9447d720-ce7e-4d42-9684-0762b7b05dec,IKEv1,Main,AES-256-CBC,256,SHA512,2,ECDSA-Sig,Tunnel,False,86400,65,Weak,Legacy IKEv1 used; Weak DH group 2; Perfect Forward Secrecy (PFS) is disabled
aacb0fda-397d-4a65-9e49-215eeb81cc79,IKEv2,Main,AES-256-CBC,256,SHA512,14,PSK,Tunnel,True,86400,0,Low,None
3cffb585-cf72-4693-a471-740ae0d24715,IKEv2,Main,AES-128-CBC,128,SHA384,31,RSA-Sig,Transport,True,86400,2,Low,None
8c08528e-9e50-41be-b067-2002da620291,IKEv1,Quick,ChaCha20-Poly1305,256,SHA256,1,RSA-Sig,Tunnel,True,3600,46,Moderate,Legacy IKEv1 used; Weak DH group 1
c551a038-87be-4c50-95a7-a49fe1dbdb7f,IKEv1,Aggressive,AES-128-CBC,128,SHA256,5,ECDSA-Sig,Transport,False,3600,97,Critical,Legacy IKEv1 used; IKEv1 Aggressive mode vulnerable to offline dictionary attacks; Weak DH group 5; Perfect Forward Secrecy (PFS) is disabled
62f8abca-1c05-44c9-8c7e-8cac14d47997,IKEv1,Quick,3DES,112,SHA1,14,ECDSA-Sig,Transport,True,28800,94,Critical,Legacy IKEv1 used; Weak encryption 3DES; Weak hash SHA1
d936072d-c9af-476b-81df-296f669d9e18,IKEv1,Quick,AES-256-GCM,256,SHA384,19,RSA-Sig,Tunnel,False,86400,38,Strong,Legacy IKEv1 used; Perfect Forward Secrecy (PFS) is disabled
720715fe-3b37-41ec-b365-f22872e9ec5c,IKEv2,Main,AES-128-CBC,128,SHA256,14,ECDSA-Sig,Transport,True,3600,3,Low,None
e3438b17-2117-4eeb-a026-83545df7fc52,IKEv1,Aggressive,AES-256-GCM,256,MD5,5,RSA-Sig,Tunnel,False,28800,100,Critical,Legacy IKEv1 used; IKEv1 Aggressive mode vulnerable to offline dictionary attacks; Weak hash MD5; Weak DH group 5; Perfect Forward Secrecy (PFS) is disabled
de04f11e-780f-4c3d-b177-bc485d96596d,IKEv2,Main,3DES,112,SHA512,19,RSA-Sig,Tunnel,False,3600,62,Weak,Weak encryption 3DES; Perfect Forward Secrecy (PFS) is disabled
f79f9656-cc06-4a8c-bdd6-58d68c7c734f,IKEv1,Aggressive,AES-256-CBC,256,SHA384,20,ECDSA-Sig,Transport,False,28800,65,Weak,Legacy IKEv1 used; IKEv1 Aggressive mode vulnerable to offline dictionary attacks; Perfect Forward Secrecy (PFS) is disabled
147a0eb6-2898-4ff4-8b2c-029e0d3723f3,IKEv1,Main,AES-256-CBC,256,SHA1,31,PSK,Tunnel,False,28800,65,Weak,Legacy IKEv1 used; Weak hash SHA1; Perfect Forward Secrecy (PFS) is disabled
bb2acad4-9427-4c8d-869f-43244ad6876a,IKEv2,Main,ChaCha20-Poly1305,256,SHA256,21,RSA-Sig,Tunnel,True,28800,0,Low,None
82204024-8961-485b-bfc4-5c0de4e8eccc,IKEv2,Main,3DES,112,SHA256,20,PSK,Transport,True,86400,36,Strong,Weak encryption 3DES
09e1787e-21a1-4363-bc82-7288a9013357,IKEv1,Quick,DES,56,SHA512,2,ECDSA-Sig,Transport,True,86400,91,Critical,Legacy IKEv1 used; Weak encryption DES; Weak DH group 2
dc2fb72c-cb50-4ab1-87c4-ec4e199bc90e,IKEv2,Main,AES-256-CBC,256,SHA512,31,PSK,Tunnel,True,3600,0,Low,None
df5969d5-665a-4f8c-9738-f5304f0bd0c7,IKEv2,Main,AES-256-CBC,256,SHA384,21,ECDSA-Sig,Tunnel,False,86400,22,Strong,Perfect Forward Secrecy (PFS) is disabled
5747397d-64e6-425c-a5d3-73ce709941b6,IKEv1,Aggressive,ChaCha20-Poly1305,256,MD5,19,RSA-Sig,Transport,False,3600,96,Critical,Legacy IKEv1 used; IKEv1 Aggressive mode vulnerable to offline dictionary attacks; Weak hash MD5; Perfect Forward Secrecy (PFS) is disabled
57fcb22b-5633-48d7-834e-475a6186fc00,IKEv2,Main,DES,56,SHA384,31,PSK,Transport,False,28800,58,Moderate,Weak encryption DES; Perfect Forward Secrecy (PFS) is disabled
433d9ccc-44f8-4a55-b5e7-b777aa9a3364,IKEv2,Main,AES-256-CBC,256,SHA256,31,PSK,Transport,False,3600,21,Strong,Perfect Forward Secrecy (PFS) is disabled
58c8dea8-835d-4d55-af29-1acf79a9605f,IKEv2,Main,ChaCha20-Poly1305,256,MD5,21,ECDSA-Sig,Tunnel,True,3600,26,Strong,Weak hash MD5
b1122a96-6a25-4985-8b4f-e3c7619ac7ad,IKEv2,Main,AES-256-GCM,256,SHA1,20,RSA-Sig,Tunnel,True,28800,26,Strong,Weak hash SHA1
e55aa884-1cbc-4214-855d-197c9ec41ddc,IKEv2,Main,AES-256-GCM,256,SHA1,21,ECDSA-Sig,Tunnel,False,3600,46,Moderate,Weak hash SHA1; Perfect Forward Secrecy (PFS) is disabled
5a8eeda4-9370-464d-baba-2ea8525584c8,IKEv2,Main,AES-256-CBC,256,SHA1,14,RSA-Sig,Tunnel,True,28800,30,Strong,Weak hash SHA1
feae7dd8-3e87-4734-b0b0-f97b892d5b1f,IKEv2,Main,AES-128-CBC,128,SHA1,21,PSK,Transport,False,28800,50,Moderate,Weak hash SHA1; Perfect Forward Secrecy (PFS) is disabled
fffc8dc7-cad6-41de-8f3d-4a0101f774ed,IKEv1,Quick,AES-128-CBC,128,SHA1,19,PSK,Transport,True,86400,49,Moderate,Legacy IKEv1 used; Weak hash SHA1
984c215e-f071-460d-987a-17104fe40a87,IKEv2,Main,AES-256-CBC,256,MD5,20,PSK,Transport,False,28800,47,Moderate,Weak hash MD5; Perfect Forward Secrecy (PFS) is disabled
fde61fb4-b4f2-47b9-a80d-7144a4fb1c53,IKEv1,Aggressive,AES-128-CBC,128,SHA1,14,RSA-Sig,Tunnel,False,86400,100,Critical,Legacy IKEv1 used; IKEv1 Aggressive mode vulnerable to offline dictionary attacks; Weak hash SHA1; Perfect Forward Secrecy (PFS) is disabled
afdfa9a4-2531-4968-987d-c7744f523360,IKEv1,Main,AES-256-GCM,256,SHA1,31,PSK,Transport,False,3600,67,Weak,Legacy IKEv1 used; Weak hash SHA1; Perfect Forward Secrecy (PFS) is disabled
627a7cf7-a334-4600-a766-a2a9338c5489,IKEv2,Main,DES,56,SHA1,20,RSA-Sig,Transport,True,86400,75,Weak,Weak encryption DES; Weak hash SHA1
e6b72316-0806-4798-b3ce-a0471477803b,IKEv2,Main,AES-128-CBC,128,SHA384,19,ECDSA-Sig,Transport,True,28800,5,Low,None
93f698eb-2afc-4b08-ad8c-17817d57e20d,IKEv2,Main,ChaCha20-Poly1305,256,MD5,14,ECDSA-Sig,Tunnel,False,86400,47,Moderate,Weak hash MD5; Perfect Forward Secrecy (PFS) is disabled
3e566bd3-23a6-4cee-b3b1-80f51ba9064f,IKEv1,Aggressive,ChaCha20-Poly1305,256,SHA256,20,RSA-Sig,Tunnel,False,28800,66,Weak,Legacy IKEv1 used; IKEv1 Aggressive mode vulnerable to offline dictionary attacks; Perfect Forward Secrecy (PFS) is disabled
3914fc2d-3206-4abc-afa3-ab5881c67a75,IKEv2,Main,3DES,112,MD5,20,ECDSA-Sig,Tunnel,False,28800,93,Critical,Weak encryption 3DES; Weak hash MD5; Perfect Forward Secrecy (PFS) is disabled
0ee2497a-0ece-44ff-b014-7402f4f18184,IKEv2,Main,ChaCha20-Poly1305,256,SHA384,5,RSA-Sig,Transport,True,3600,34,Strong,Weak DH group 5
c7b03709-031a-4d22-8449-61cb7dfcd661,IKEv2,Main,AES-256-GCM,256,SHA384,21,PSK,Tunnel,True,86400,0,Low,None
ed816200-0b8e-4c22-a20a-5cad2965b7ff,IKEv2,Main,3DES,112,SHA1,31,PSK,Transport,False,86400,94,Critical,Weak encryption 3DES; Weak hash SHA1; Perfect Forward Secrecy (PFS) is disabled
0f5013cd-72cd-412a-a732-4c7e4b05a41c,IKEv2,Main,AES-256-GCM,256,SHA384,2,PSK,Tunnel,False,28800,55,Moderate,Weak DH group 2; Perfect Forward Secrecy (PFS) is disabled
fb0cd259-ec2d-4169-a75f-a148e42a5aab,IKEv2,Main,AES-128-CBC,128,MD5,1,PSK,Transport,True,3600,57,Moderate,Weak hash MD5; Weak DH group 1
a14349f6-0757-4e6f-8e43-87c99cb137b7,IKEv1,Main,DES,56,SHA384,1,PSK,Tunnel,True,3600,92,Critical,Legacy IKEv1 used; Weak encryption DES; Weak DH group 1
89486d57-371f-40fc-8899-923bc0da90f5,IKEv2,Main,AES-256-CBC,256,SHA512,21,RSA-Sig,Tunnel,False,3600,20,Strong,Perfect Forward Secrecy (PFS) is disabled
cda6af0d-fc92-4e76-adfe-b45c671409fa,IKEv2,Main,AES-128-CBC,128,MD5,19,ECDSA-Sig,Tunnel,False,28800,48,Moderate,Weak hash MD5; Perfect Forward Secrecy (PFS) is disabled
2866a1e5-d1dd-4bb6-a120-2caffe0f7820,IKEv2,Main,DES,56,MD5,14,RSA-Sig,Tunnel,False,3600,95,Critical,Weak encryption DES; Weak hash MD5; Perfect Forward Secrecy (PFS) is disabled
dcbc3f1b-e053-4d92-bb8d-d6dc8ffa57a5,IKEv2,Main,3DES,112,SHA512,1,PSK,Tunnel,True,28800,67,Weak,Weak encryption 3DES; Weak DH group 1
8056e58d-485e-41a6-94bb-5be7dc68dbfa,IKEv2,Main,ChaCha20-Poly1305,256,SHA1,19,RSA-Sig,Tunnel,True,86400,31,Strong,Weak hash SHA1
2a774cec-728f-42db-a961-9b9bf5879e0c,IKEv2,Main,ChaCha20-Poly1305,256,SHA512,1,ECDSA-Sig,Transport,False,86400,54,Moderate,Weak DH group 1; Perfect Forward Secrecy (PFS) is disabled
513ee046-b159-49a3-903f-82aedc3c5d2b,IKEv2,Main,AES-128-CBC,128,SHA512,21,RSA-Sig,Tunnel,True,3600,5,Low,None
8659972d-47a6-470a-a6c8-c9941d6251f4,IKEv2,Main,ChaCha20-Poly1305,256,SHA256,1,RSA-Sig,Transport,False,3600,52,Moderate,Weak DH group 1; Perfect Forward Secrecy (PFS) is disabled
470c9028-e6b5-419d-8972-360e0cfed5d5,IKEv2,Main,AES-128-CBC,128,SHA384,1,RSA-Sig,Transport,True,28800,28,Strong,Weak DH group 1
b668138f-5e6e-43fd-b210-39054f91c8d1,IKEv1,Quick,AES-128-CBC,128,SHA512,5,PSK,Tunnel,True,86400,46,Moderate,Legacy IKEv1 used; Weak DH group 5
b8ceb022-a182-423d-9d96-046e51a3eda3,IKEv1,Main,AES-256-CBC,256,MD5,1,RSA-Sig,Tunnel,True,28800,76,Weak,Legacy IKEv1 used; Weak hash MD5; Weak DH group 1
e4479c14-b110-41d4-b68d-d3f77ac0a541,IKEv1,Aggressive,AES-256-CBC,256,MD5,20,ECDSA-Sig,Tunnel,True,86400,77,Weak,Legacy IKEv1 used; IKEv1 Aggressive mode vulnerable to offline dictionary attacks; Weak hash MD5
b18e0f8e-caa1-4870-96c0-648326bbeb06,IKEv1,Main,3DES,112,SHA512,21,PSK,Transport,False,86400,76,Weak,Legacy IKEv1 used; Weak encryption 3DES; Perfect Forward Secrecy (PFS) is disabled
9433ebee-a1de-4183-ae22-f1ea912433bc,IKEv1,Quick,ChaCha20-Poly1305,256,SHA1,20,RSA-Sig,Transport,True,28800,54,Moderate,Legacy IKEv1 used; Weak hash SHA1
c6593252-05a3-459b-8ee4-48a1ccca0b25,IKEv1,Main,DES,56,SHA512,14,RSA-Sig,Transport,False,86400,81,Critical,Legacy IKEv1 used; Weak encryption DES; Perfect Forward Secrecy (PFS) is disabled
12f42224-a5e1-4732-9e78-5de9f576f748,IKEv2,Main,ChaCha20-Poly1305,256,SHA384,19,ECDSA-Sig,Transport,True,3600,0,Low,None
93ea7d16-fbd1-435d-b6ad-af82c6542cd7,IKEv2,Main,AES-128-CBC,128,SHA512,20,ECDSA-Sig,Transport,True,86400,1,Low,None
b4c6f2b7-d0a0-45ae-907a-463e1e8e5119,IKEv2,Main,AES-128-CBC,128,SHA256,2,PSK,Tunnel,True,86400,30,Strong,Weak DH group 2
54cfec0d-aae1-4a1f-8e76-d1baf4a07167,IKEv1,Aggressive,DES,56,SHA256,19,RSA-Sig,Tunnel,False,28800,100,Critical,Legacy IKEv1 used; IKEv1 Aggressive mode vulnerable to offline dictionary attacks; Weak encryption DES; Perfect Forward Secrecy (PFS) is disabled
f1090f31-b410-4a62-899b-d6ccd85e1d47,IKEv1,Quick,AES-128-CBC,128,SHA256,5,RSA-Sig,Tunnel,True,86400,48,Moderate,Legacy IKEv1 used; Weak DH group 5
78d51c2b-426f-4146-9031-07e48ba92bbc,IKEv2,Main,AES-256-CBC,256,SHA1,2,ECDSA-Sig,Transport,False,86400,79,Weak,Weak hash SHA1; Weak DH group 2; Perfect Forward Secrecy (PFS) is disabled
d649b4d1-24e5-4a72-88bc-2d99d782cf44,IKEv2,Main,AES-256-GCM,256,SHA512,5,RSA-Sig,Transport,False,3600,55,Moderate,Weak DH group 5; Perfect Forward Secrecy (PFS) is disabled
47811859-8f89-407e-bd9d-0382552c2846,IKEv2,Main,AES-256-CBC,256,SHA256,31,RSA-Sig,Tunnel,True,86400,0,Low,None
67273472-c662-43ae-ad1d-c0fbd41f3656,IKEv2,Main,ChaCha20-Poly1305,256,SHA256,1,ECDSA-Sig,Transport,False,28800,48,Moderate,Weak DH group 1; Perfect Forward Secrecy (PFS) is disabled
c506d51f-c0b0-4ce4-af01-b54ba9e73a5a,IKEv2,Main,ChaCha20-Poly1305,256,SHA1,19,ECDSA-Sig,Transport,True,86400,33,Strong,Weak hash SHA1
25216796-08bc-4b7e-b1e1-6e26ab46a0f8,IKEv2,Main,3DES,112,MD5,20,RSA-Sig,Tunnel,True,28800,74,Weak,Weak encryption 3DES; Weak hash MD5
e167bb53-0888-4a37-ad74-87cd276cfa69,IKEv2,Main,3DES,112,SHA256,2,ECDSA-Sig,Tunnel,True,86400,74,Weak,Weak encryption 3DES; Weak DH group 2
0da794f6-b56d-49d1-84bd-3cbd4d458bd0,IKEv1,Aggressive,AES-256-GCM,256,MD5,14,PSK,Tunnel,False,3600,100,Critical,Legacy IKEv1 used; IKEv1 Aggressive mode vulnerable to offline dictionary attacks; Weak hash MD5; PSK with Aggressive Mode is highly risky; Perfect Forward Secrecy (PFS) is disabled
b4fd6209-cc10-452c-b482-7c59ca457876,IKEv2,Main,AES-256-GCM,256,SHA384,5,RSA-Sig,Tunnel,True,86400,29,Strong,Weak DH group 5
ca61de34-bccb-4b1f-b9c6-d3ba7cb4362d,IKEv1,Main,AES-256-CBC,256,SHA1,2,ECDSA-Sig,Transport,True,86400,75,Weak,Legacy IKEv1 used; Weak hash SHA1; Weak DH group 2
dc1bb4a8-55bc-4ccb-a298-b925a911c601,IKEv1,Aggressive,AES-128-CBC,128,SHA256,19,ECDSA-Sig,Tunnel,True,86400,55,Moderate,Legacy IKEv1 used; IKEv1 Aggressive mode vulnerable to offline dictionary attacks
09595d53-17aa-487d-80ef-b6f77b96165d,IKEv1,Main,AES-256-GCM,256,SHA1,14,PSK,Transport,True,28800,49,Moderate,Legacy IKEv1 used; Weak hash SHA1
490446e5-6be4-4325-871c-f5f8a4f46621,IKEv2,Main,AES-256-CBC,256,MD5,1,RSA-Sig,Tunnel,True,28800,58,Moderate,Weak hash MD5; Weak DH group 1
68d23a8b-82a7-4814-960c-13f970227ac4,IKEv1,Quick,AES-256-CBC,256,SHA384,1,ECDSA-Sig,Tunnel,False,3600,73,Weak,Legacy IKEv1 used; Weak DH group 1; Perfect Forward Secrecy (PFS) is disabled
c07a0b42-be1d-4700-9f06-1b267fa825a6,IKEv1,Quick,DES,56,SHA256,2,ECDSA-Sig,Transport,False,86400,100,Critical,Legacy IKEv1 used; Weak encryption DES; Weak DH group 2; Perfect Forward Secrecy (PFS) is disabled
6bfd98f5-64e2-4f8e-a0ce-d87ba4e85052,IKEv2,Main,3DES,112,MD5,20,RSA-Sig,Transport,False,28800,93,Critical,Weak encryption 3DES; Weak hash MD5; Perfect Forward Secrecy (PFS) is disabled
1ab40fa9-b23e-4b0a-ae69-4b0cb4ca6664,IKEv1,Aggressive,AES-128-CBC,128,SHA256,14,ECDSA-Sig,Transport,False,3600,68,Weak,Legacy IKEv1 used; IKEv1 Aggressive mode vulnerable to offline dictionary attacks; Perfect Forward Secrecy (PFS) is disabled
4a70bf6d-186c-42a9-a987-3f20c18ba40c,IKEv1,Quick,AES-256-GCM,256,SHA384,2,ECDSA-Sig,Tunnel,True,3600,51,Moderate,Legacy IKEv1 used; Weak DH group 2
9df5f6bb-2eaa-4abb-b0a3-c8eb88e41582,IKEv1,Aggressive,DES,56,SHA256,1,PSK,Transport,True,3600,100,Critical,Legacy IKEv1 used; IKEv1 Aggressive mode vulnerable to offline dictionary attacks; Weak encryption DES; Weak DH group 1; PSK with Aggressive Mode is highly risky
98f10985-8439-4306-a89a-b1e6642f2bba,IKEv2,Main,AES-256-GCM,256,SHA512,20,RSA-Sig,Tunnel,True,28800,5,Low,None
247a347e-d31f-4817-a282-91d5cc4eb75f,IKEv2,Main,AES-256-GCM,256,SHA1,5,ECDSA-Sig,Transport,True,3600,55,Moderate,Weak hash SHA1; Weak DH group 5
9cc49b49-960d-4b08-9268-1cb568dcf7c9,IKEv1,Aggressive,AES-128-CBC,128,SHA384,2,ECDSA-Sig,Tunnel,False,86400,98,Critical,Legacy IKEv1 used; IKEv1 Aggressive mode vulnerable to offline dictionary attacks; Weak DH group 2; Perfect Forward Secrecy (PFS) is disabled
d3e8840f-f7b7-4b86-b127-2020d076a5ca,IKEv1,Main,AES-128-CBC,128,SHA384,31,RSA-Sig,Tunnel,True,3600,22,Strong,Legacy IKEv1 used
6c6f75da-140c-449a-bcea-f03d8060bcf7,IKEv2,Main,AES-256-CBC,256,SHA1,21,ECDSA-Sig,Transport,False,3600,51,Moderate,Weak hash SHA1; Perfect Forward Secrecy (PFS) is disabled
456679d5-b271-4791-a60f-8e40214d71cd,IKEv2,Main,AES-256-CBC,256,SHA384,5,RSA-Sig,Transport,True,3600,26,Strong,Weak DH group 5
66db8d22-b4b6-4b56-b4a4-e2271387adcf,IKEv2,Main,DES,56,SHA256,5,ECDSA-Sig,Tunnel,True,3600,68,Weak,Weak encryption DES; Weak DH group 5
2d94f001-b7e4-4cff-be00-8f4028f3acd6,IKEv2,Main,AES-128-CBC,128,SHA256,5,RSA-Sig,Transport,True,28800,32,Strong,Weak DH group 5
ccca81eb-f764-4bbf-8531-88eec28bfdf7,IKEv2,Main,3DES,112,SHA384,19,PSK,Tunnel,False,86400,65,Weak,Weak encryption 3DES; Perfect Forward Secrecy (PFS) is disabled
262855d4-9413-46cb-8d6d-89160a4b4797,IKEv2,Main,AES-128-CBC,128,MD5,20,ECDSA-Sig,Tunnel,False,3600,54,Moderate,Weak hash MD5; Perfect Forward Secrecy (PFS) is disabled
0a964539-b2f1-4df9-8a20-e5937549e6a1,IKEv1,Aggressive,AES-128-CBC,128,SHA256,21,PSK,Transport,True,3600,66,Weak,Legacy IKEv1 used; IKEv1 Aggressive mode vulnerable to offline dictionary attacks; PSK with Aggressive Mode is highly risky
a3180830-46a6-4931-bb6c-1e3230f7c588,IKEv2,Main,AES-128-CBC,128,SHA1,1,ECDSA-Sig,Tunnel,False,3600,83,Critical,Weak hash SHA1; Weak DH group 1; Perfect Forward Secrecy (PFS) is disabled
2f2883b4-afa5-498f-9a9e-f10ff0471be8,IKEv2,Main,ChaCha20-Poly1305,256,MD5,2,ECDSA-Sig,Tunnel,False,28800,75,Weak,Weak hash MD5; Weak DH group 2; Perfect Forward Secrecy (PFS) is disabled
cdf4377f-ed59-4a2c-b6b7-bb82bf879866,IKEv2,Main,DES,56,SHA1,1,ECDSA-Sig,Tunnel,False,86400,100,Critical,Weak encryption DES; Weak hash SHA1; Weak DH group 1; Perfect Forward Secrecy (PFS) is disabled
33418c6c-5db9-40a4-ae03-4b45d9615504,IKEv2,Main,ChaCha20-Poly1305,256,SHA1,19,PSK,Tunnel,True,3600,30,Strong,Weak hash SHA1
b0a17b4e-5fd4-4e66-8931-3763c73a7390,IKEv2,Main,ChaCha20-Poly1305,256,SHA256,31,RSA-Sig,Transport,False,3600,17,Low,Perfect Forward Secrecy (PFS) is disabled
17c5225d-1b0a-43cd-8621-e9858238fa6c,IKEv2,Main,3DES,112,MD5,21,RSA-Sig,Tunnel,False,86400,91,Critical,Weak encryption 3DES; Weak hash MD5; Perfect Forward Secrecy (PFS) is disabled
6e9ef91e-937d-49b5-9364-037040e6f8be,IKEv2,Main,AES-128-CBC,128,SHA384,21,PSK,Tunnel,False,28800,24,Strong,Perfect Forward Secrecy (PFS) is disabled
4bdfd6c2-85d8-4419-ae58-1f1648acb6b9,IKEv2,Main,DES,56,SHA384,21,PSK,Transport,True,86400,41,Moderate,Weak encryption DES
dfbdfda0-bdb7-4368-80a7-470dda3decd2,IKEv1,Quick,AES-256-GCM,256,SHA256,31,RSA-Sig,Tunnel,False,28800,40,Moderate,Legacy IKEv1 used; Perfect Forward Secrecy (PFS) is disabled
a1dd7e62-10de-4349-afe6-57a07b581938,IKEv2,Main,AES-256-GCM,256,SHA512,1,PSK,Tunnel,False,86400,53,Moderate,Weak DH group 1; Perfect Forward Secrecy (PFS) is disabled
8d97cc77-bb0b-42c1-8f51-a9c91a8a809a,IKEv1,Aggressive,AES-128-CBC,128,SHA512,5,RSA-Sig,Tunnel,False,3600,100,Critical,Legacy IKEv1 used; IKEv1 Aggressive mode vulnerable to offline dictionary attacks; Weak DH group 5; Perfect Forward Secrecy (PFS) is disabled
4750afba-c8ba-419d-9259-48cd97511b07,IKEv2,Main,DES,56,MD5,19,PSK,Tunnel,True,28800,67,Weak,Weak encryption DES; Weak hash MD5
56f0daaf-8c38-486e-a8ca-9beebc64ffae,IKEv1,Aggressive,ChaCha20-Poly1305,256,SHA512,31,PSK,Tunnel,False,86400,92,Critical,Legacy IKEv1 used; IKEv1 Aggressive mode vulnerable to offline dictionary attacks; PSK with Aggressive Mode is highly risky; Perfect Forward Secrecy (PFS) is disabled
c06fd6fd-c5ae-4753-9542-a783587e244d,IKEv2,Main,AES-256-CBC,256,SHA1,2,RSA-Sig,Transport,True,86400,56,Moderate,Weak hash SHA1; Weak DH group 2
c67953d3-1e9c-454d-9e68-5f589478c8d0,IKEv2,Main,DES,56,SHA256,1,PSK,Tunnel,False,28800,85,Critical,Weak encryption DES; Weak DH group 1; Perfect Forward Secrecy (PFS) is disabled
ea11459c-0ec5-4225-a59f-82ef20e704c5,IKEv2,Main,3DES,112,SHA384,2,PSK,Transport,False,28800,94,Critical,Weak encryption 3DES; Weak DH group 2; Perfect Forward Secrecy (PFS) is disabled
8f4bd3e2-14ac-442e-86d2-751f65f21432,IKEv2,Main,DES,56,SHA384,1,RSA-Sig,Transport,True,86400,66,Weak,Weak encryption DES; Weak DH group 1
417343a1-4635-42ba-88f2-4233cb0df899,IKEv2,Main,AES-128-CBC,128,SHA384,19,ECDSA-Sig,Transport,True,86400,0,Low,None
b486ba24-cce9-49d2-acb8-7521ddaa8395,IKEv1,Quick,3DES,112,SHA384,1,ECDSA-Sig,Transport,False,28800,100,Critical,Legacy IKEv1 used; Weak encryption 3DES; Weak DH group 1; Perfect Forward Secrecy (PFS) is disabled
d85a88c6-d7b7-4be6-b937-18da5900f5ee,IKEv2,Main,AES-256-CBC,256,SHA512,21,PSK,Tunnel,True,3600,0,Low,None
a7264b48-5cea-4175-be17-8fb076604024,IKEv1,Main,AES-256-GCM,256,SHA256,21,PSK,Transport,True,28800,15,Low,Legacy IKEv1 used
25554ed0-1363-4d41-b7f1-64e0b39a858f,IKEv2,Main,DES,56,MD5,20,PSK,Tunnel,True,86400,65,Weak,Weak encryption DES; Weak hash MD5
fe664eab-a100-44a8-8e1e-d354345d3210,IKEv2,Main,AES-256-CBC,256,MD5,1,RSA-Sig,Transport,False,86400,81,Critical,Weak hash MD5; Weak DH group 1; Perfect Forward Secrecy (PFS) is disabled
234a1d61-0e69-4e6d-bf1f-5d7c70dc20f7,IKEv2,Main,3DES,112,SHA1,21,ECDSA-Sig,Transport,True,86400,73,Weak,Weak encryption 3DES; Weak hash SHA1
c86dc2d4-5f5b-47d0-91bd-661495ef895e,IKEv2,Main,DES,56,SHA256,19,ECDSA-Sig,Transport,True,3600,39,Strong,Weak encryption DES
8665d045-1d0e-4062-bfaf-24450429db42,IKEv1,Quick,ChaCha20-Poly1305,256,SHA512,5,RSA-Sig,Transport,False,28800,75,Weak,Legacy IKEv1 used; Weak DH group 5; Perfect Forward Secrecy (PFS) is disabled
b8e77dd8-2db6-41d4-923c-f69e87f30b04,IKEv2,Main,AES-128-CBC,128,SHA512,21,PSK,Tunnel,True,86400,3,Low,None
730bea3f-7611-4701-b463-190e1924d335,IKEv2,Main,3DES,112,MD5,5,PSK,Tunnel,False,86400,100,Critical,Weak encryption 3DES; Weak hash MD5; Weak DH group 5; Perfect Forward Secrecy (PFS) is disabled
4286e236-b443-49f3-b662-271d2cfc8b92,IKEv2,Main,AES-256-GCM,256,MD5,21,RSA-Sig,Transport,False,86400,51,Moderate,Weak hash MD5; Perfect Forward Secrecy (PFS) is disabled
8969365e-fc29-410d-a61a-20c13adb0538,IKEv1,Quick,3DES,112,SHA256,31,RSA-Sig,Transport,False,3600,81,Critical,Legacy IKEv1 used; Weak encryption 3DES; Perfect Forward Secrecy (PFS) is disabled
a5a7d71c-3ba2-410e-a302-85ea737f2dfb,IKEv2,Main,AES-256-CBC,256,SHA512,2,RSA-Sig,Tunnel,True,28800,26,Strong,Weak DH group 2
5c56d877-fa43-4299-a9ff-a56e195ed8dc,IKEv1,Main,AES-256-GCM,256,SHA512,19,ECDSA-Sig,Tunnel,True,86400,25,Strong,Legacy IKEv1 used
6786c552-474b-4465-87b1-bbc15d74d5f6,IKEv2,Main,AES-128-CBC,128,SHA1,20,RSA-Sig,Transport,True,86400,33,Strong,Weak hash SHA1
2cb842bc-dbdb-4232-867e-135904351b62,IKEv2,Main,AES-128-CBC,128,SHA256,31,ECDSA-Sig,Transport,False,86400,23,Strong,Perfect Forward Secrecy (PFS) is disabled
34c8bbeb-4cec-48ab-ad44-304ff3b1636e,IKEv2,Main,AES-128-CBC,128,MD5,1,ECDSA-Sig,Tunnel,False,86400,84,Critical,Weak hash MD5; Weak DH group 1; Perfect Forward Secrecy (PFS) is disabled
486d2370-7fab-47f3-a8da-19714db7407b,IKEv1,Quick,AES-256-GCM,256,SHA384,2,ECDSA-Sig,Tunnel,True,28800,47,Moderate,Legacy IKEv1 used; Weak DH group 2
beada558-fd07-4886-b78d-49cc69b1cc84,IKEv2,Main,AES-128-CBC,128,SHA1,21,RSA-Sig,Transport,False,86400,49,Moderate,Weak hash SHA1; Perfect Forward Secrecy (PFS) is disabled
bdf09f5d-6f1a-46ff-a2b1-241b6649bf7b,IKEv1,Main,AES-128-CBC,128,SHA1,20,RSA-Sig,Tunnel,False,3600,66,Weak,Legacy IKEv1 used; Weak hash SHA1; Perfect Forward Secrecy (PFS) is disabled
7d2df460-22d6-4591-9d62-a88d446928b8,IKEv1,Quick,DES,56,SHA384,14,PSK,Tunnel,True,86400,59,Moderate,Legacy IKEv1 used; Weak encryption DES
5165eb08-257e-42e4-ad7e-d926a9568bdd,IKEv2,Main,ChaCha20-Poly1305,256,SHA256,2,RSA-Sig,Transport,True,28800,26,Strong,Weak DH group 2
d6c60393-78bc-42a1-8ea4-c831b48ecb8c,IKEv2,Main,AES-256-CBC,256,SHA384,1,RSA-Sig,Transport,False,86400,53,Moderate,Weak DH group 1; Perfect Forward Secrecy (PFS) is disabled
daa2ca74-75f5-4349-9776-76a6b8c2075c,IKEv2,Main,AES-256-GCM,256,SHA512,21,PSK,Tunnel,True,28800,0,Low,None
41381066-4131-41cf-8559-f7cc7e54161b,IKEv1,Main,DES,56,SHA384,14,RSA-Sig,Tunnel,False,3600,77,Weak,Legacy IKEv1 used; Weak encryption DES; Perfect Forward Secrecy (PFS) is disabled
708ae0f1-1cd8-4942-bc85-3859e2a518eb,IKEv2,Main,DES,56,SHA512,19,RSA-Sig,Tunnel,False,3600,63,Weak,Weak encryption DES; Perfect Forward Secrecy (PFS) is disabled
1be0f244-4a5f-49fa-adc4-074a6cd279ed,IKEv2,Main,ChaCha20-Poly1305,256,SHA1,2,RSA-Sig,Tunnel,True,86400,60,Weak,Weak hash SHA1; Weak DH group 2
259e977d-79d1-4e4e-9f52-cdc1d859d855,IKEv2,Main,3DES,112,SHA256,19,RSA-Sig,Tunnel,True,28800,41,Moderate,Weak encryption 3DES
dfcbca9e-625c-41dd-bf0f-4c70d72bf350,IKEv1,Quick,AES-256-CBC,256,SHA512,2,RSA-Sig,Transport,False,86400,74,Weak,Legacy IKEv1 used; Weak DH group 2; Perfect Forward Secrecy (PFS) is disabled
794a44c4-cd12-4a48-9857-b1684bf18d72,IKEv1,Quick,AES-256-GCM,256,SHA256,21,RSA-Sig,Tunnel,True,28800,25,Strong,Legacy IKEv1 used
35d015ae-10a4-4f9d-94f7-4aa697d81f67,IKEv2,Main,AES-128-CBC,128,MD5,19,ECDSA-Sig,Transport,False,86400,55,Moderate,Weak hash MD5; Perfect Forward Secrecy (PFS) is disabled
223dfade-7222-4889-a3e0-d17d6920a231,IKEv1,Main,ChaCha20-Poly1305,256,SHA384,19,PSK,Tunnel,True,28800,25,Strong,Legacy IKEv1 used
4d49d4c6-7cb9-4b38-a274-8bdb6eb9d8bf,IKEv2,Main,DES,56,SHA512,20,ECDSA-Sig,Tunnel,False,86400,65,Weak,Weak encryption DES; Perfect Forward Secrecy (PFS) is disabled
edc585c9-1775-4e42-aecf-b38f1236b7e5,IKEv2,Main,AES-128-CBC,128,SHA512,20,PSK,Transport,False,28800,16,Low,Perfect Forward Secrecy (PFS) is disabled
20c9f27e-1721-4e7b-8d30-436dca0ab50e,IKEv2,Main,3DES,112,SHA384,21,PSK,Transport,False,28800,59,Moderate,Weak encryption 3DES; Perfect Forward Secrecy (PFS) is disabled
bbc5b6cf-9038-42b7-b7e1-ef0c64b6b112,IKEv2,Main,AES-256-CBC,256,SHA384,5,ECDSA-Sig,Tunnel,False,28800,51,Moderate,Weak DH group 5; Perfect Forward Secrecy (PFS) is disabled
cc034a9d-8797-4ba6-bd09-3cb56f807517,IKEv2,Main,DES,56,SHA256,20,ECDSA-Sig,Tunnel,False,28800,58,Moderate,Weak encryption DES; Perfect Forward Secrecy (PFS) is disabled
8f878cea-fdd7-44b9-8fa4-bbd9c3eac1b5,IKEv2,Main,AES-256-CBC,256,SHA256,19,PSK,Tunnel,False,3600,15,Low,Perfect Forward Secrecy (PFS) is disabled
740a96aa-cd27-4d02-9c22-171f4008c77b,IKEv1,Main,AES-256-GCM,256,SHA256,21,ECDSA-Sig,Tunnel,False,3600,38,Strong,Legacy IKEv1 used; Perfect Forward Secrecy (PFS) is disabled
1ff1b48f-79b6-4466-a30e-0dd83740a5d7,IKEv2,Main,3DES,112,MD5,19,PSK,Tunnel,True,86400,66,Weak,Weak encryption 3DES; Weak hash MD5
59bf51d5-f4cb-481e-a758-1ecb9f4faebe,IKEv2,Main,ChaCha20-Poly1305,256,SHA1,31,RSA-Sig,Transport,False,3600,51,Moderate,Weak hash SHA1; Perfect Forward Secrecy (PFS) is disabled
3126eb01-7a11-4a88-a1e6-7668112b4321,IKEv1,Quick,3DES,112,MD5,21,PSK,Transport,False,86400,100,Critical,Legacy IKEv1 used; Weak encryption 3DES; Weak hash MD5; Perfect Forward Secrecy (PFS) is disabled
0a030cc6-53a3-44bf-8778-6c7152abbc20,IKEv2,Main,3DES,112,SHA384,19,RSA-Sig,Tunnel,False,3600,62,Weak,Weak encryption 3DES; Perfect Forward Secrecy (PFS) is disabled
b27c76db-c106-42a6-828c-25bf40a7ddec,IKEv2,Main,3DES,112,MD5,19,ECDSA-Sig,Tunnel,False,28800,94,Critical,Weak encryption 3DES; Weak hash MD5; Perfect Forward Secrecy (PFS) is disabled
9ce5a61c-a991-49d8-aa5a-ddf63418b9ba,IKEv2,Main,AES-256-CBC,256,SHA256,19,RSA-Sig,Tunnel,True,86400,4,Low,None
497371a7-eb4e-4513-9709-c188fb8e90e4,IKEv2,Main,ChaCha20-Poly1305,256,SHA1,20,RSA-Sig,Transport,False,86400,45,Moderate,Weak hash SHA1; Perfect Forward Secrecy (PFS) is disabled
54b66ba3-940f-4c58-94c9-0de9319f63b7,IKEv2,Main,AES-128-CBC,128,MD5,14,RSA-Sig,Tunnel,False,28800,49,Moderate,Weak hash MD5; Perfect Forward Secrecy (PFS) is disabled
f0854e5d-6d60-44d1-b235-66ef45490d60,IKEv2,Main,AES-256-GCM,256,SHA384,20,PSK,Transport,True,28800,5,Low,None
8d6410cd-291a-4426-ad82-0ae811753bce,IKEv2,Main,AES-256-CBC,256,SHA256,14,RSA-Sig,Tunnel,True,28800,5,Low,None
5c165fd5-a0f0-4a65-a3ec-9788f6729668,IKEv1,Quick,AES-256-CBC,256,SHA256,1,ECDSA-Sig,Tunnel,True,86400,47,Moderate,Legacy IKEv1 used; Weak DH group 1
d250ef8e-d97b-4848-a9e0-5a85cb2a3dce,IKEv1,Aggressive,AES-256-CBC,256,SHA384,31,ECDSA-Sig,Transport,False,86400,66,Weak,Legacy IKEv1 used; IKEv1 Aggressive mode vulnerable to offline dictionary attacks; Perfect Forward Secrecy (PFS) is disabled
2298b041-0699-4f98-b65e-14e4ce11315e,IKEv2,Main,AES-256-GCM,256,SHA512,2,RSA-Sig,Tunnel,True,28800,25,Strong,Weak DH group 2
dac9931c-4b84-4445-9210-e2b3a6f46d1b,IKEv2,Main,AES-256-GCM,256,MD5,31,RSA-Sig,Tunnel,True,28800,27,Strong,Weak hash MD5
71d0c60b-7b1e-4805-a224-568aae857b0b,IKEv2,Main,ChaCha20-Poly1305,256,SHA512,14,RSA-Sig,Transport,True,86400,0,Low,None
2d5fad02-c9da-41ad-8fff-93b051a285d5,IKEv1,Aggressive,ChaCha20-Poly1305,256,SHA512,2,RSA-Sig,Tunnel,False,3600,97,Critical,Legacy IKEv1 used; IKEv1 Aggressive mode vulnerable to offline dictionary attacks; Weak DH group 2; Perfect Forward Secrecy (PFS) is disabled
e83ca276-f60a-483b-b9cc-eb7b00275e31,IKEv1,Quick,ChaCha20-Poly1305,256,SHA256,1,PSK,Transport,False,28800,72,Weak,Legacy IKEv1 used; Weak DH group 1; Perfect Forward Secrecy (PFS) is disabled
938017ab-767a-4cc7-9ce8-e6ffe0414532,IKEv1,Main,AES-256-GCM,256,SHA512,19,RSA-Sig,Transport,False,86400,40,Moderate,Legacy IKEv1 used; Perfect Forward Secrecy (PFS) is disabled
deab9d41-2ace-4587-97c9-cf0e584517aa,IKEv2,Main,3DES,112,SHA384,2,PSK,Transport,True,86400,73,Weak,Weak encryption 3DES; Weak DH group 2
80be93eb-c7a9-49bc-8fa0-12b4dd13a4e7,IKEv1,Aggressive,AES-128-CBC,128,SHA1,14,PSK,Tunnel,False,28800,100,Critical,Legacy IKEv1 used; IKEv1 Aggressive mode vulnerable to offline dictionary attacks; Weak hash SHA1; PSK with Aggressive Mode is highly risky; Perfect Forward Secrecy (PFS) is disabled
997b8047-5d52-4590-8740-a555a7642367,IKEv1,Quick,3DES,112,MD5,31,RSA-Sig,Transport,True,86400,89,Critical,Legacy IKEv1 used; Weak encryption 3DES; Weak hash MD5
7c7f5e7e-ee1a-45e0-b847-849b7d041832,IKEv1,Quick,DES,56,SHA1,19,PSK,Tunnel,False,3600,100,Critical,Legacy IKEv1 used; Weak encryption DES; Weak hash SHA1; Perfect Forward Secrecy (PFS) is disabled
8b884257-8910-43b8-a1d6-4aefb8d9b58e,IKEv2,Main,ChaCha20-Poly1305,256,MD5,31,RSA-Sig,Transport,True,3600,30,Strong,Weak hash MD5
7ae8fd94-c449-477f-96d9-5deebb152352,IKEv1,Quick,AES-256-GCM,256,MD5,31,RSA-Sig,Transport,True,3600,47,Moderate,Legacy IKEv1 used; Weak hash MD5
70c8fdfb-af31-40e4-8dc8-c5febf07f2ea,IKEv1,Aggressive,ChaCha20-Poly1305,256,MD5,14,RSA-Sig,Transport,False,3600,99,Critical,Legacy IKEv1 used; IKEv1 Aggressive mode vulnerable to offline dictionary attacks; Weak hash MD5; Perfect Forward Secrecy (PFS) is disabled
84405a68-b3f7-465d-be96-595f12afc71a,IKEv2,Main,AES-128-CBC,128,SHA256,21,RSA-Sig,Tunnel,False,3600,16,Low,Perfect Forward Secrecy (PFS) is disabled
9aa6f702-04f6-4e18-8ac3-320fb5c78ad3,IKEv2,Main,AES-256-CBC,256,SHA384,21,RSA-Sig,Transport,False,28800,15,Low,Perfect Forward Secrecy (PFS) is disabled
a7f2ba34-5b08-4ed2-b6f7-d3f7836ce158,IKEv2,Main,AES-256-GCM,256,SHA384,2,ECDSA-Sig,Transport,True,28800,30,Strong,Weak DH group 2
e5a69475-2bb2-462b-ac4d-c934dfc71e10,IKEv2,Main,ChaCha20-Poly1305,256,SHA512,14,PSK,Tunnel,True,28800,1,Low,None
65c1c3bd-29e6-4b2d-a615-6bd2c36e9bfa,IKEv1,Aggressive,DES,56,SHA384,1,RSA-Sig,Tunnel,True,28800,100,Critical,Legacy IKEv1 used; IKEv1 Aggressive mode vulnerable to offline dictionary attacks; Weak encryption DES; Weak DH group 1
9d6933c9-e18e-4080-a09a-1ed9a76389c5,IKEv2,Main,3DES,112,SHA512,20,PSK,Transport,True,3600,43,Moderate,Weak encryption 3DES
a6836765-eca2-417a-a34e-1cf9aec548ed,IKEv2,Main,AES-256-CBC,256,SHA1,20,RSA-Sig,Transport,True,28800,26,Strong,Weak hash SHA1
d6fc6e7c-1f62-491f-ba6c-785e849d0d6d,IKEv1,Main,AES-128-CBC,128,SHA256,5,ECDSA-Sig,Transport,True,3600,49,Moderate,Legacy IKEv1 used; Weak DH group 5
b9ddd7af-ccb5-4a71-9ad7-555a6d20cb48,IKEv2,Main,ChaCha20-Poly1305,256,SHA256,21,ECDSA-Sig,Tunnel,False,28800,24,Strong,Perfect Forward Secrecy (PFS) is disabled
922c1d9a-73e5-479b-a135-76b44f5781b4,IKEv1,Aggressive,AES-256-GCM,256,SHA256,19,RSA-Sig,Transport,False,28800,75,Weak,Legacy IKEv1 used; IKEv1 Aggressive mode vulnerable to offline dictionary attacks; Perfect Forward Secrecy (PFS) is disabled
8a067f26-d030-428a-ab4e-d00c8c5e018b,IKEv1,Quick,DES,56,SHA384,31,RSA-Sig,Transport,False,3600,76,Weak,Legacy IKEv1 used; Weak encryption DES; Perfect Forward Secrecy (PFS) is disabled
a382b7c0-84a1-496a-bc1e-ed2cdc1f3b61,IKEv2,Main,AES-256-GCM,256,SHA256,20,PSK,Tunnel,False,86400,22,Strong,Perfect Forward Secrecy (PFS) is disabled
1558d58b-4d8f-4272-9681-02956354eee2,IKEv2,Main,3DES,112,SHA256,5,ECDSA-Sig,Transport,True,86400,72,Weak,Weak encryption 3DES; Weak DH group 5
bb1089cf-1f23-479b-90bb-d263ef6ec1b7,IKEv2,Main,ChaCha20-Poly1305,256,MD5,2,ECDSA-Sig,Transport,False,28800,83,Critical,Weak hash MD5; Weak DH group 2; Perfect Forward Secrecy (PFS) is disabled
d289968e-bb81-43e2-a00c-be9244b374e5,IKEv1,Main,AES-256-CBC,256,SHA256,14,PSK,Transport,False,3600,40,Moderate,Legacy IKEv1 used; Perfect Forward Secrecy (PFS) is disabled
fc93c77f-00a1-45a8-8966-fd9ef636d5d3,IKEv2,Main,3DES,112,SHA384,31,RSA-Sig,Tunnel,True,86400,35,Strong,Weak encryption 3DES
d66c1267-bec3-426c-845c-026f3648f75a,IKEv2,Main,AES-256-CBC,256,MD5,19,ECDSA-Sig,Transport,False,3600,52,Moderate,Weak hash MD5; Perfect Forward Secrecy (PFS) is disabled
bfd1451e-a787-4fc5-b38c-cfe39385e60f,IKEv1,Main,ChaCha20-Poly1305,256,SHA256,14,PSK,Tunnel,True,86400,24,Strong,Legacy IKEv1 used
8b2d3d0f-53ca-4086-8e6f-6df69d5f8c76,IKEv1,Aggressive,ChaCha20-Poly1305,256,MD5,21,PSK,Transport,True,86400,97,Critical,Legacy IKEv1 used; IKEv1 Aggressive mode vulnerable to offline dictionary attacks; Weak hash MD5; PSK with Aggressive Mode is highly risky
bdaffb98-7a37-4f5e-a2dd-f1c4134cd449,IKEv2,Main,ChaCha20-Poly1305,256,SHA256,31,ECDSA-Sig,Transport,True,3600,0,Low,None
b93a162a-57d0-4192-9273-0346aa7b9efc,IKEv1,Quick,AES-256-GCM,256,MD5,21,ECDSA-Sig,Transport,True,28800,47,Moderate,Legacy IKEv1 used; Weak hash MD5
27997d5a-04dc-46e2-a128-c788bbc867e2,IKEv2,Main,AES-256-GCM,256,SHA512,21,ECDSA-Sig,Tunnel,True,86400,0,Low,None
d72943d1-cc2a-45d6-947b-badbdc565470,IKEv2,Main,AES-256-CBC,256,MD5,1,PSK,Transport,False,3600,76,Weak,Weak hash MD5; Weak DH group 1; Perfect Forward Secrecy (PFS) is disabled
097c0421-2e81-4dcf-aefb-2e8bb40597fa,IKEv2,Main,AES-128-CBC,128,SHA512,5,RSA-Sig,Transport,False,28800,54,Moderate,Weak DH group 5; Perfect Forward Secrecy (PFS) is disabled
7121be80-e549-4597-9cd8-b1b7fe39f700,IKEv2,Main,ChaCha20-Poly1305,256,SHA1,20,RSA-Sig,Tunnel,False,3600,55,Moderate,Weak hash SHA1; Perfect Forward Secrecy (PFS) is disabled
d3f79278-e5ae-492a-b85c-e3528219d0a2,IKEv1,Main,AES-256-GCM,256,SHA384,19,RSA-Sig,Transport,True,86400,16,Low,Legacy IKEv1 used
bf38ac15-b536-4945-8503-46bd73265b9d,IKEv2,Main,AES-256-CBC,256,SHA256,2,PSK,Transport,False,28800,48,Moderate,Weak DH group 2; Perfect Forward Secrecy (PFS) is disabled
ba4d8505-be75-45d3-bd37-1f221aae568b,IKEv2,Main,AES-256-GCM,256,MD5,31,ECDSA-Sig,Tunnel,True,3600,33,Strong,Weak hash MD5
db49e1cd-99c0-4ac4-a812-28df16935b39,IKEv2,Main,AES-256-GCM,256,SHA512,5,ECDSA-Sig,Tunnel,True,28800,25,Strong,Weak DH group 5
a4a53b85-6261-4c0d-b85b-b8d79a05861c,IKEv1,Main,AES-256-CBC,256,SHA384,1,RSA-Sig,Transport,True,3600,45,Moderate,Legacy IKEv1 used; Weak DH group 1
ebee6d01-a727-43c8-b0f5-0ad35b136116,IKEv2,Main,AES-256-GCM,256,SHA512,20,PSK,Transport,False,86400,15,Low,Perfect Forward Secrecy (PFS) is disabled
02ea3897-1b1f-4eba-b653-423d04690470,IKEv2,Main,AES-256-GCM,256,SHA256,20,RSA-Sig,Transport,False,3600,18,Low,Perfect Forward Secrecy (PFS) is disabled
445ae08b-b806-4a2f-bdbd-dbdf85a7c3d5,IKEv2,Main,AES-256-CBC,256,SHA1,1,ECDSA-Sig,Transport,True,28800,55,Moderate,Weak hash SHA1; Weak DH group 1
83283012-7102-4102-a049-ab44cd5570e7,IKEv1,Aggressive,DES,56,MD5,5,ECDSA-Sig,Tunnel,True,28800,100,Critical,Legacy IKEv1 used; IKEv1 Aggressive mode vulnerable to offline dictionary attacks; Weak encryption DES; Weak hash MD5; Weak DH group 5
dcb9f639-6a45-4047-8591-36e556b972f8,IKEv1,Main,AES-128-CBC,128,SHA512,21,ECDSA-Sig,Tunnel,True,28800,20,Strong,Legacy IKEv1 used
4efdb768-cef0-43a0-8333-b784530a861b,IKEv2,Main,AES-256-CBC,256,SHA1,14,ECDSA-Sig,Transport,True,28800,31,Strong,Weak hash SHA1
d2690d8c-1e3d-42e6-9609-599efe69dca9,IKEv2,Main,AES-256-CBC,256,MD5,2,PSK,Tunnel,True,28800,57,Moderate,Weak hash MD5; Weak DH group 2
3f3d4e09-3a10-4cc1-9f82-3bf45398e236,IKEv1,Main,3DES,112,MD5,14,RSA-Sig,Tunnel,True,3600,87,Critical,Legacy IKEv1 used; Weak encryption 3DES; Weak hash MD5
5cbee4d2-3bb6-4d09-a138-a20024d42e69,IKEv2,Main,AES-256-GCM,256,SHA384,19,RSA-Sig,Tunnel,False,3600,15,Low,Perfect Forward Secrecy (PFS) is disabled
9f8a940e-7f30-498e-b772-59d694e09668,IKEv2,Main,ChaCha20-Poly1305,256,SHA384,14,ECDSA-Sig,Transport,True,28800,3,Low,None
61309944-c144-4593-838b-78530d7a373f,IKEv1,Aggressive,ChaCha20-Poly1305,256,SHA512,1,ECDSA-Sig,Tunnel,False,86400,100,Critical,Legacy IKEv1 used; IKEv1 Aggressive mode vulnerable to offline dictionary attacks; Weak DH group 1; Perfect Forward Secrecy (PFS) is disabled
0988a85c-e49d-4cb9-9180-37b0b268d5f3,IKEv2,Main,3DES,112,SHA512,31,RSA-Sig,Transport,False,3600,61,Weak,Weak encryption 3DES; Perfect Forward Secrecy (PFS) is disabled
ccde560d-d030-42da-8c92-7e9244e99624,IKEv2,Main,AES-128-CBC,128,MD5,5,RSA-Sig,Tunnel,True,3600,58,Moderate,Weak hash MD5; Weak DH group 5
c5eb2b85-fbef-43bc-be43-65bd2a12c5e9,IKEv2,Main,AES-256-GCM,256,SHA1,19,RSA-Sig,Tunnel,True,3600,30,Strong,Weak hash SHA1
3aa6df53-9cca-4784-a645-562363ed81ba,IKEv2,Main,AES-256-CBC,256,SHA1,31,RSA-Sig,Tunnel,False,28800,48,Moderate,Weak hash SHA1; Perfect Forward Secrecy (PFS) is disabled
296c423f-4c89-493c-b7ed-f751f3c106b0,IKEv2,Main,AES-256-GCM,256,SHA256,20,RSA-Sig,Transport,False,28800,21,Strong,Perfect Forward Secrecy (PFS) is disabled
e2e53617-e72d-4912-b393-05d1900467da,IKEv2,Main,3DES,112,SHA384,21,PSK,Tunnel,False,86400,60,Weak,Weak encryption 3DES; Perfect Forward Secrecy (PFS) is disabled
b1815a3b-b1df-44c2-a56d-2249380077bb,IKEv2,Main,AES-256-CBC,256,SHA384,20,PSK,Transport,True,86400,0,Low,None
b4184994-418e-42b9-8b81-cfcb95c24659,IKEv1,Aggressive,ChaCha20-Poly1305,256,SHA512,20,PSK,Transport,False,86400,86,Critical,Legacy IKEv1 used; IKEv1 Aggressive mode vulnerable to offline dictionary attacks; PSK with Aggressive Mode is highly risky; Perfect Forward Secrecy (PFS) is disabled
6b6fd624-f882-4a6d-8230-9059b1b8d234,IKEv2,Main,ChaCha20-Poly1305,256,MD5,21,RSA-Sig,Tunnel,True,28800,34,Strong,Weak hash MD5
60caeb15-f7ae-481b-a403-c61ef03d6c04,IKEv2,Main,AES-256-GCM,256,MD5,5,PSK,Tunnel,True,3600,60,Weak,Weak hash MD5; Weak DH group 5
6e909f0e-9bd2-46ea-88e7-72fbbae31a59,IKEv1,Aggressive,AES-256-CBC,256,MD5,21,PSK,Tunnel,False,28800,100,Critical,Legacy IKEv1 used; IKEv1 Aggressive mode vulnerable to offline dictionary attacks; Weak hash MD5; PSK with Aggressive Mode is highly risky; Perfect Forward Secrecy (PFS) is disabled
a5075ad6-1b90-47d3-aeb3-37c34bd61ee8,IKEv2,Main,AES-128-CBC,128,SHA1,20,PSK,Transport,True,3600,33,Strong,Weak hash SHA1
86b16e34-91ed-4f53-ba7c-ed4e6da30211,IKEv2,Main,AES-256-CBC,256,SHA1,5,ECDSA-Sig,Tunnel,False,28800,85,Critical,Weak hash SHA1; Weak DH group 5; Perfect Forward Secrecy (PFS) is disabled
5889698a-a585-43e6-a9f5-25e779d882a8,IKEv2,Main,AES-256-CBC,256,SHA1,31,PSK,Transport,True,3600,25,Strong,Weak hash SHA1
155144af-db9c-44bd-a602-0b0398564068,IKEv1,Quick,AES-256-GCM,256,SHA384,1,RSA-Sig,Tunnel,True,28800,47,Moderate,Legacy IKEv1 used; Weak DH group 1
364aafb6-1a42-401b-a5c4-18befa57e4da,IKEv1,Main,DES,56,SHA512,19,PSK,Tunnel,True,86400,58,Moderate,Legacy IKEv1 used; Weak encryption DES
8dadf1aa-3b24-43f9-aa2b-ccc329046252,IKEv1,Aggressive,AES-256-GCM,256,SHA384,19,PSK,Transport,True,86400,73,Weak,Legacy IKEv1 used; IKEv1 Aggressive mode vulnerable to offline dictionary attacks; PSK with Aggressive Mode is highly risky
d2c63777-2dcd-451c-9613-50357704afff,IKEv2,Main,AES-256-CBC,256,SHA1,5,PSK,Transport,False,86400,75,Weak,Weak hash SHA1; Weak DH group 5; Perfect Forward Secrecy (PFS) is disabled
80f1e3c9-a673-4d90-9c45-5a3672d12817,IKEv2,Main,3DES,112,SHA256,21,RSA-Sig,Transport,True,3600,41,Moderate,Weak encryption 3DES
c62cfb5b-c821-4de6-ba71-565bb0b991f6,IKEv2,Main,AES-256-CBC,256,MD5,2,PSK,Transport,True,28800,56,Moderate,Weak hash MD5; Weak DH group 2
233ddba9-bd07-4c74-8e90-db4fbd5509fb,IKEv1,Aggressive,ChaCha20-Poly1305,256,SHA384,31,RSA-Sig,Transport,True,28800,52,Moderate,Legacy IKEv1 used; IKEv1 Aggressive mode vulnerable to offline dictionary attacks
cbf75ac1-a16a-4b04-8cb8-3cdae6e51d0c,IKEv1,Main,AES-128-CBC,128,SHA1,14,ECDSA-Sig,Transport,True,28800,49,Moderate,Legacy IKEv1 used; Weak hash SHA1
d365d424-6ea2-4d28-919d-2bcb505b7267,IKEv2,Main,3DES,112,SHA384,20,RSA-Sig,Transport,True,86400,39,Strong,Weak encryption 3DES
6096bd36-4b9a-486b-932f-127ed9aead4c,IKEv2,Main,AES-128-CBC,128,MD5,2,ECDSA-Sig,Transport,True,86400,60,Weak,Weak hash MD5; Weak DH group 2
d9639bcd-e8a1-41c7-b17c-7e642462d29a,IKEv2,Main,DES,56,SHA256,2,ECDSA-Sig,Transport,True,3600,66,Weak,Weak encryption DES; Weak DH group 2
ce7f6414-fc6e-4c09-ac82-f7065241e828,IKEv2,Main,DES,56,SHA1,2,ECDSA-Sig,Tunnel,True,28800,100,Critical,Weak encryption DES; Weak hash SHA1; Weak DH group 2
143e5831-7bc8-4a4d-804c-e94fa22c61a9,IKEv2,Main,AES-256-GCM,256,SHA384,21,PSK,Tunnel,False,3600,22,Strong,Perfect Forward Secrecy (PFS) is disabled
2674d414-1a94-4f9a-8f5e-2fe8949d85ce,IKEv2,Main,AES-256-CBC,256,MD5,14,ECDSA-Sig,Tunnel,True,28800,25,Strong,Weak hash MD5
1f87f43d-733e-4e67-8901-6a632c0c9c7f,IKEv2,Main,AES-256-CBC,256,MD5,31,PSK,Transport,False,28800,50,Moderate,Weak hash MD5; Perfect Forward Secrecy (PFS) is disabled
acae9ac2-1d0d-40fb-969c-cba97b1d6baa,IKEv2,Main,AES-256-CBC,256,SHA384,31,PSK,Transport,False,3600,18,Low,Perfect Forward Secrecy (PFS) is disabled
cd26976c-12b4-421c-be4e-e09edd3f8f8f,IKEv2,Main,DES,56,SHA256,20,PSK,Tunnel,True,86400,39,Strong,Weak encryption DES
72422fd5-1e65-4b10-8da0-0c306b71641a,IKEv1,Aggressive,AES-256-CBC,256,SHA512,31,RSA-Sig,Tunnel,True,3600,54,Moderate,Legacy IKEv1 used; IKEv1 Aggressive mode vulnerable to offline dictionary attacks
fae6d7e2-2f61-4856-b4eb-d220391e9646,IKEv2,Main,AES-256-GCM,256,SHA256,31,PSK,Transport,False,3600,19,Low,Perfect Forward Secrecy (PFS) is disabled
3438deed-49b6-449c-8a36-630188ff5ee3,IKEv1,Aggressive,ChaCha20-Poly1305,256,MD5,14,ECDSA-Sig,Transport,False,3600,100,Critical,Legacy IKEv1 used; IKEv1 Aggressive mode vulnerable to offline dictionary attacks; Weak hash MD5; Perfect Forward Secrecy (PFS) is disabled
f2792b6a-fef4-4edd-9cb1-36593540f89b,IKEv1,Quick,AES-128-CBC,128,SHA384,31,RSA-Sig,Transport,False,86400,38,Strong,Legacy IKEv1 used; Perfect Forward Secrecy (PFS) is disabled
7a8e8618-c9c5-4336-9ac5-b9cd820d70d2,IKEv1,Aggressive,AES-256-CBC,256,SHA384,20,RSA-Sig,Tunnel,True,3600,52,Moderate,Legacy IKEv1 used; IKEv1 Aggressive mode vulnerable to offline dictionary attacks
67d14d6b-0f97-44a5-9475-9c35b36606dd,IKEv2,Main,AES-256-GCM,256,MD5,21,ECDSA-Sig,Transport,True,28800,30,Strong,Weak hash MD5
a5f8ecf0-89b2-452c-b7bc-64ea96ff656f,IKEv2,Main,ChaCha20-Poly1305,256,SHA384,5,ECDSA-Sig,Transport,True,86400,34,Strong,Weak DH group 5
8715a1c7-89dd-4980-9946-c4760090c54a,IKEv2,Main,AES-256-GCM,256,SHA384,2,ECDSA-Sig,Tunnel,False,3600,52,Moderate,Weak DH group 2; Perfect Forward Secrecy (PFS) is disabled
7018f4aa-fa5a-4716-8322-543622ce4250,IKEv2,Main,AES-128-CBC,128,SHA384,2,PSK,Transport,False,28800,48,Moderate,Weak DH group 2; Perfect Forward Secrecy (PFS) is disabled
4f8ee08e-dd62-48ec-9da1-6fe497f5a49d,IKEv1,Quick,AES-128-CBC,128,SHA384,2,ECDSA-Sig,Tunnel,True,28800,53,Moderate,Legacy IKEv1 used; Weak DH group 2
28b91217-c6bf-4930-aabe-e8fbe1563132,IKEv1,Main,DES,56,SHA512,20,RSA-Sig,Tunnel,False,3600,78,Weak,Legacy IKEv1 used; Weak encryption DES; Perfect Forward Secrecy (PFS) is disabled
83036d69-7f0d-4f05-9824-3d14e86bb7d6,IKEv1,Aggressive,AES-128-CBC,128,SHA384,1,ECDSA-Sig,Tunnel,True,3600,77,Weak,Legacy IKEv1 used; IKEv1 Aggressive mode vulnerable to offline dictionary attacks; Weak DH group 1
02caec24-a7a1-4986-9455-bfb520524ed6,IKEv2,Main,AES-256-GCM,256,SHA512,20,ECDSA-Sig,Transport,True,28800,0,Low,None
91ba5c0c-ca33-4aee-a15f-78086c8d3a67,IKEv1,Aggressive,ChaCha20-Poly1305,256,SHA512,20,PSK,Tunnel,True,28800,71,Weak,Legacy IKEv1 used; IKEv1 Aggressive mode vulnerable to offline dictionary attacks; PSK with Aggressive Mode is highly risky
77bdac75-7d75-4ab1-ae86-0e57ee52846e,IKEv2,Main,AES-256-CBC,256,SHA1,1,ECDSA-Sig,Transport,False,28800,75,Weak,Weak hash SHA1; Weak DH group 1; Perfect Forward Secrecy (PFS) is disabled
eb1d538d-522c-4db2-83ac-4d867dd427dc,IKEv2,Main,DES,56,SHA512,1,RSA-Sig,Transport,True,3600,68,Weak,Weak encryption DES; Weak DH group 1
7022b57a-296f-4efd-b3bd-5d308447b509,IKEv1,Aggressive,DES,56,SHA1,20,RSA-Sig,Tunnel,True,86400,100,Critical,Legacy IKEv1 used; IKEv1 Aggressive mode vulnerable to offline dictionary attacks; Weak encryption DES; Weak hash SHA1
a2ace045-f82c-4c99-b1bb-633462840f4a,IKEv1,Quick,AES-128-CBC,128,MD5,5,PSK,Transport,False,28800,100,Critical,Legacy IKEv1 used; Weak hash MD5; Weak DH group 5; Perfect Forward Secrecy (PFS) is disabled
8249e790-99e7-4b67-a8da-58e921367543,IKEv2,Main,ChaCha20-Poly1305,256,SHA384,31,ECDSA-Sig,Tunnel,False,28800,25,Strong,Perfect Forward Secrecy (PFS) is disabled
56b9b0d5-ec0b-4929-a5ec-c77136f0510e,IKEv1,Main,DES,56,SHA512,21,PSK,Tunnel,True,3600,55,Moderate,Legacy IKEv1 used; Weak encryption DES
dd49bf49-2f5e-4a26-b076-700473811f74,IKEv1,Aggressive,ChaCha20-Poly1305,256,SHA384,31,RSA-Sig,Transport,True,3600,50,Moderate,Legacy IKEv1 used; IKEv1 Aggressive mode vulnerable to offline dictionary attacks
84e4892f-b224-438b-bbd6-414a74398a78,IKEv2,Main,3DES,112,MD5,20,RSA-Sig,Transport,False,3600,85,Critical,Weak encryption 3DES; Weak hash MD5; Perfect Forward Secrecy (PFS) is disabled
20a35e49-03c7-4858-842f-3491fd0082c4,IKEv2,Main,3DES,112,MD5,14,ECDSA-Sig,Transport,True,86400,75,Weak,Weak encryption 3DES; Weak hash MD5
e892220c-c5fa-40fd-a240-0b8e08605e41,IKEv2,Main,ChaCha20-Poly1305,256,SHA1,21,RSA-Sig,Tunnel,True,86400,31,Strong,Weak hash SHA1
bd4f245b-f507-4a37-9359-69ec1a2c4689,IKEv2,Main,AES-256-GCM,256,SHA512,31,ECDSA-Sig,Transport,True,3600,0,Low,None
0a5a5eb9-f7af-47cc-bde6-8a2ae5713fba,IKEv2,Main,3DES,112,MD5,2,RSA-Sig,Transport,True,28800,96,Critical,Weak encryption 3DES; Weak hash MD5; Weak DH group 2
5d3f3ab3-4690-48a9-a8bc-16666d1c5d1b,IKEv2,Main,AES-256-GCM,256,SHA384,31,PSK,Tunnel,False,28800,18,Low,Perfect Forward Secrecy (PFS) is disabled
79fb757c-4752-4539-9f13-a9b1b6a09ef4,IKEv2,Main,AES-128-CBC,128,SHA384,1,PSK,Tunnel,False,3600,53,Moderate,Weak DH group 1; Perfect Forward Secrecy (PFS) is disabled
44e9199f-d00f-4603-98a4-8b6609427976,IKEv2,Main,DES,56,SHA512,21,PSK,Transport,False,3600,58,Moderate,Weak encryption DES; Perfect Forward Secrecy (PFS) is disabled
2649e15c-b396-4bdc-803a-60cb9b5f9bb8,IKEv2,Main,AES-256-CBC,256,MD5,21,RSA-Sig,Transport,True,3600,31,Strong,Weak hash MD5
82377f16-bcbe-445b-a847-99afe3368566,IKEv2,Main,DES,56,MD5,2,ECDSA-Sig,Tunnel,True,86400,100,Critical,Weak encryption DES; Weak hash MD5; Weak DH group 2
95d9dae3-ada3-4156-863e-893f2972ec6d,IKEv2,Main,3DES,112,SHA512,31,ECDSA-Sig,Tunnel,True,3600,35,Strong,Weak encryption 3DES
89d69410-7f91-4a0d-91a7-465ef7b70ef3,IKEv1,Quick,DES,56,SHA1,19,ECDSA-Sig,Transport,False,86400,100,Critical,Legacy IKEv1 used; Weak encryption DES; Weak hash SHA1; Perfect Forward Secrecy (PFS) is disabled
c5540289-2633-4b28-9348-a2427c751363,IKEv1,Main,3DES,112,SHA512,19,RSA-Sig,Transport,True,3600,59,Moderate,Legacy IKEv1 used; Weak encryption 3DES
e66eba74-b06a-41f9-bc53-4593b8c63b6e,IKEv2,Main,AES-256-GCM,256,MD5,31,ECDSA-Sig,Tunnel,True,3600,26,Strong,Weak hash MD5
ffe75457-9cbb-4284-9ac0-3495b0824437,IKEv1,Main,AES-256-CBC,256,SHA1,19,PSK,Tunnel,True,3600,45,Moderate,Legacy IKEv1 used; Weak hash SHA1
7ca9eb46-831e-4b4e-825d-5cf93b81ac34,IKEv1,Aggressive,AES-128-CBC,128,SHA1,19,ECDSA-Sig,Tunnel,False,3600,98,Critical,Legacy IKEv1 used; IKEv1 Aggressive mode vulnerable to offline dictionary attacks; Weak hash SHA1; Perfect Forward Secrecy (PFS) is disabled
3c1c2c53-c997-49ed-89fb-29754ce88604,IKEv1,Quick,AES-128-CBC,128,SHA512,31,PSK,Tunnel,False,86400,43,Moderate,Legacy IKEv1 used; Perfect Forward Secrecy (PFS) is disabled
46c204ea-39ea-4ff7-8883-c79d9d90f98b,IKEv2,Main,AES-256-GCM,256,SHA1,2,PSK,Transport,False,86400,81,Critical,Weak hash SHA1; Weak DH group 2; Perfect Forward Secrecy (PFS) is disabled
31cebb1d-920d-43ba-b39c-f1dc290a6f19,IKEv2,Main,AES-128-CBC,128,SHA256,14,ECDSA-Sig,Tunnel,False,28800,20,Strong,Perfect Forward Secrecy (PFS) is disabled
4d1a7191-063f-47c2-a68a-167de66e4cbc,IKEv2,Main,AES-256-CBC,256,SHA512,21,RSA-Sig,Transport,False,28800,22,Strong,Perfect Forward Secrecy (PFS) is disabled
c0c98710-0051-4662-bfc7-2f6a8698acb8,IKEv2,Main,AES-256-CBC,256,SHA512,19,ECDSA-Sig,Transport,False,3600,16,Low,Perfect Forward Secrecy (PFS) is disabled
572aa95e-964d-48ae-a3d2-71653f01df09,IKEv1,Quick,AES-256-GCM,256,MD5,31,RSA-Sig,Tunnel,True,3600,54,Moderate,Legacy IKEv1 used; Weak hash MD5
b01c6962-06f4-4c9b-8cf7-c20de9fcae4f,IKEv2,Main,AES-256-GCM,256,SHA384,14,ECDSA-Sig,Tunnel,False,28800,16,Low,Perfect Forward Secrecy (PFS) is disabled
e91fbb60-52a7-47e9-9696-aa467e7eece3,IKEv2,Main,ChaCha20-Poly1305,256,MD5,21,RSA-Sig,Tunnel,False,86400,53,Moderate,Weak hash MD5; Perfect Forward Secrecy (PFS) is disabled
5a14f4a2-a3dc-490e-ae55-f82ad307d17d,IKEv2,Main,AES-128-CBC,128,SHA512,2,RSA-Sig,Tunnel,False,86400,47,Moderate,Weak DH group 2; Perfect Forward Secrecy (PFS) is disabled
3ee93fec-cd44-4679-819f-1f86b853efc5,IKEv2,Main,ChaCha20-Poly1305,256,SHA256,1,ECDSA-Sig,Tunnel,False,86400,55,Moderate,Weak DH group 1; Perfect Forward Secrecy (PFS) is disabled
65c88414-5fb8-480b-babf-bb510c1632d0,IKEv1,Quick,3DES,112,SHA384,14,ECDSA-Sig,Transport,False,86400,81,Critical,Legacy IKEv1 used; Weak encryption 3DES; Perfect Forward Secrecy (PFS) is disabled
3aa9c2c0-4db0-421f-8a4c-6c1dbc8aeb13,IKEv1,Aggressive,AES-128-CBC,128,MD5,1,RSA-Sig,Transport,True,3600,100,Critical,Legacy IKEv1 used; IKEv1 Aggressive mode vulnerable to offline dictionary attacks; Weak hash MD5; Weak DH group 1
bd90eff1-e718-41d7-ae57-61b9add06568,IKEv2,Main,AES-256-CBC,256,SHA256,5,ECDSA-Sig,Tunnel,True,86400,34,Strong,Weak DH group 5
afb7829a-3312-4551-bc8e-d8f248ddb1de,IKEv2,Main,AES-256-CBC,256,SHA512,14,PSK,Tunnel,False,86400,24,Strong,Perfect Forward Secrecy (PFS) is disabled
f8d65bce-1202-4a1d-945b-23d671767980,IKEv2,Main,DES,56,MD5,20,PSK,Transport,False,86400,85,Critical,Weak encryption DES; Weak hash MD5; Perfect Forward Secrecy (PFS) is disabled
6de5c3ab-2034-4e24-a373-33316fea484b,IKEv1,Main,DES,56,SHA512,19,RSA-Sig,Transport,False,28800,81,Critical,Legacy IKEv1 used; Weak encryption DES; Perfect Forward Secrecy (PFS) is disabled
58c882e5-2621-4889-b24b-bc4762e6cb70,IKEv2,Main,3DES,112,SHA1,1,PSK,Transport,False,28800,100,Critical,Weak encryption 3DES; Weak hash SHA1; Weak DH group 1; Perfect Forward Secrecy (PFS) is disabled
ab1bd52a-f32c-4a43-83e4-65d65d2b14ec,IKEv1,Main,ChaCha20-Poly1305,256,SHA384,31,RSA-Sig,Transport,False,3600,37,Strong,Legacy IKEv1 used; Perfect Forward Secrecy (PFS) is disabled
6c612da4-392c-45cc-838b-e146c65bcea8,IKEv2,Main,AES-256-CBC,256,MD5,14,ECDSA-Sig,Transport,True,3600,28,Strong,Weak hash MD5
1ea58d1b-2881-478e-bbc2-0299103b564a,IKEv1,Aggressive,AES-128-CBC,128,SHA384,5,PSK,Transport,True,86400,99,Critical,Legacy IKEv1 used; IKEv1 Aggressive mode vulnerable to offline dictionary attacks; Weak DH group 5; PSK with Aggressive Mode is highly risky
facd7375-0103-4744-b4b6-95a44fc5d520,IKEv2,Main,AES-256-GCM,256,MD5,5,RSA-Sig,Tunnel,False,86400,79,Weak,Weak hash MD5; Weak DH group 5; Perfect Forward Secrecy (PFS) is disabled
ce82a409-4303-4b80-9f7d-9686bbde0e2b,IKEv1,Quick,DES,56,SHA384,5,ECDSA-Sig,Transport,True,86400,90,Critical,Legacy IKEv1 used; Weak encryption DES; Weak DH group 5
59e26d8d-61c8-40d0-8af5-72c20ada07f1,IKEv1,Quick,DES,56,SHA512,2,PSK,Tunnel,True,3600,91,Critical,Legacy IKEv1 used; Weak encryption DES; Weak DH group 2
b346bd44-8240-4466-a280-50e26e2cbf7f,IKEv1,Main,DES,56,SHA384,5,ECDSA-Sig,Transport,False,3600,100,Critical,Legacy IKEv1 used; Weak encryption DES; Weak DH group 5; Perfect Forward Secrecy (PFS) is disabled
b8123189-f31f-42d9-a5fd-b23e9f4f0751,IKEv2,Main,3DES,112,SHA256,1,ECDSA-Sig,Tunnel,False,86400,90,Critical,Weak encryption 3DES; Weak DH group 1; Perfect Forward Secrecy (PFS) is disabled
41ce2c2b-791c-4d7a-81fd-00d615f35c25,IKEv2,Main,3DES,112,SHA384,2,PSK,Tunnel,False,3600,92,Critical,Weak encryption 3DES; Weak DH group 2; Perfect Forward Secrecy (PFS) is disabled
56200a9c-5e3d-48e0-8f0b-4aaee7745deb,IKEv2,Main,ChaCha20-Poly1305,256,SHA512,1,PSK,Transport,False,86400,49,Moderate,Weak DH group 1; Perfect Forward Secrecy (PFS) is disabled
a4ae4e2e-b41f-4d40-939b-570f1792c7c4,IKEv1,Quick,AES-256-CBC,256,SHA1,2,RSA-Sig,Transport,False,3600,98,Critical,Legacy IKEv1 used; Weak hash SHA1; Weak DH group 2; Perfect Forward Secrecy (PFS) is disabled
528de203-77ca-41d5-88d6-f83258877788,IKEv1,Aggressive,AES-256-CBC,256,SHA1,19,RSA-Sig,Tunnel,True,3600,76,Weak,Legacy IKEv1 used; IKEv1 Aggressive mode vulnerable to offline dictionary attacks; Weak hash SHA1
6e78d5ae-e5ff-4382-aaca-5af7e8eeebb7,IKEv2,Main,DES,56,SHA1,21,PSK,Tunnel,False,28800,88,Critical,Weak encryption DES; Weak hash SHA1; Perfect Forward Secrecy (PFS) is disabled
f2b60c5d-f3f6-48b8-b825-2d923cfa0072,IKEv2,Main,3DES,112,SHA384,20,RSA-Sig,Tunnel,True,3600,37,Strong,Weak encryption 3DES
56839437-e832-416f-838f-2f49fd699fc2,IKEv2,Main,3DES,112,MD5,5,PSK,Transport,True,3600,100,Critical,Weak encryption 3DES; Weak hash MD5; Weak DH group 5
5d61d418-18f9-4ed0-aa10-aa0c0377f715,IKEv2,Main,AES-256-CBC,256,SHA384,19,ECDSA-Sig,Transport,True,28800,0,Low,None
ead83a83-5291-4d65-ab88-1ee20a51cff4,IKEv2,Main,DES,56,SHA256,14,PSK,Tunnel,True,3600,37,Strong,Weak encryption DES
2c1a6000-6ef5-42aa-9afc-ce504f9dfbd8,IKEv1,Quick,3DES,112,SHA256,19,PSK,Tunnel,False,3600,76,Weak,Legacy IKEv1 used; Weak encryption 3DES; Perfect Forward Secrecy (PFS) is disabled
51559b6f-e85a-4a5d-b7c6-e98f51d166b1,IKEv2,Main,ChaCha20-Poly1305,256,SHA1,2,ECDSA-Sig,Tunnel,True,3600,57,Moderate,Weak hash SHA1; Weak DH group 2
5ccb4534-55df-4f1b-b98c-f3d2f5e8f021,IKEv1,Aggressive,AES-256-GCM,256,SHA512,5,PSK,Tunnel,False,28800,100,Critical,Legacy IKEv1 used; IKEv1 Aggressive mode vulnerable to offline dictionary attacks; Weak DH group 5; PSK with Aggressive Mode is highly risky; Perfect Forward Secrecy (PFS) is disabled
62ee8e0d-e386-4adc-b423-c25b4f72acd2,IKEv2,Main,AES-256-CBC,256,SHA256,21,PSK,Transport,True,86400,2,Low,None
fd452acb-bcd0-4454-a495-c97b101ceff5,IKEv2,Main,AES-128-CBC,128,MD5,14,PSK,Transport,True,28800,30,Strong,Weak hash MD5
7eadbfa7-985d-443f-b0d1-3e813568cdd2,IKEv2,Main,AES-128-CBC,128,MD5,31,ECDSA-Sig,Tunnel,True,28800,31,Strong,Weak hash MD5
9ac84b83-4e19-49ce-92a9-de79c308c386,IKEv1,Main,AES-256-CBC,256,SHA256,19,ECDSA-Sig,Transport,True,3600,16,Low,Legacy IKEv1 used
08883af6-151c-4736-a161-f9a66f4c16c8,IKEv1,Main,AES-256-CBC,256,MD5,31,RSA-Sig,Transport,True,28800,53,Moderate,Legacy IKEv1 used; Weak hash MD5
029c83b7-a785-4560-bd85-5e59227307d1,IKEv2,Main,3DES,112,SHA256,19,RSA-Sig,Transport,False,28800,60,Weak,Weak encryption 3DES; Perfect Forward Secrecy (PFS) is disabled
83991189-5851-45d3-888f-4bc8ca0b00d3,IKEv2,Main,DES,56,SHA384,5,RSA-Sig,Transport,True,3600,68,Weak,Weak encryption DES; Weak DH group 5
b0a0e649-f5aa-42dc-b90f-91efcc88ad5e,IKEv2,Main,AES-256-GCM,256,SHA512,21,PSK,Tunnel,True,3600,2,Low,None
190eb218-b68d-4722-8d80-88503e20b1e7,IKEv2,Main,AES-256-CBC,256,SHA384,31,RSA-Sig,Tunnel,True,28800,0,Low,None
d5c1bd71-69a6-4816-84d1-25869956bd4f,IKEv1,Quick,ChaCha20-Poly1305,256,SHA512,1,RSA-Sig,Transport,True,86400,52,Moderate,Legacy IKEv1 used; Weak DH group 1
ca1256fc-1f87-4c84-bd2f-398fa55ace8c,IKEv1,Quick,AES-256-GCM,256,SHA384,20,PSK,Tunnel,False,28800,39,Strong,Legacy IKEv1 used; Perfect Forward Secrecy (PFS) is disabled
b86df44b-cebd-4f9f-a6fd-52d8c27b692c,IKEv2,Main,AES-256-CBC,256,SHA1,21,RSA-Sig,Transport,False,28800,46,Moderate,Weak hash SHA1; Perfect Forward Secrecy (PFS) is disabled
a7392442-c64a-4c4e-acf4-c7683900ff30,IKEv2,Main,DES,56,SHA384,21,ECDSA-Sig,Transport,True,3600,36,Strong,Weak encryption DES
650f53c5-3095-4c7b-8c28-fb9c5b7bff58,IKEv1,Quick,3DES,112,SHA256,31,PSK,Transport,False,86400,77,Weak,Legacy IKEv1 used; Weak encryption 3DES; Perfect Forward Secrecy (PFS) is disabled
ecc7c1f6-d0b3-494f-9112-5c1a6befeec8,IKEv2,Main,AES-256-CBC,256,MD5,2,RSA-Sig,Transport,False,28800,85,Critical,Weak hash MD5; Weak DH group 2; Perfect Forward Secrecy (PFS) is disabled
de557c60-493d-480b-b45d-dbf5c2bc7ea0,IKEv2,Main,AES-256-CBC,256,MD5,1,PSK,Tunnel,False,86400,79,Weak,Weak hash MD5; Weak DH group 1; Perfect Forward Secrecy (PFS) is disabled
e71c22b7-627f-4513-a201-e8f7603841f8,IKEv2,Main,AES-128-CBC,128,SHA1,5,PSK,Transport,True,3600,64,Weak,Weak hash SHA1; Weak DH group 5
f2854d0b-38a4-4f99-adc9-02c1499e7d6e,IKEv2,Main,ChaCha20-Poly1305,256,SHA384,2,ECDSA-Sig,Transport,True,28800,25,Strong,Weak DH group 2
ed128360-11c6-47b6-94e8-236aeec81e80,IKEv1,Aggressive,AES-128-CBC,128,SHA512,19,PSK,Transport,True,3600,68,Weak,Legacy IKEv1 used; IKEv1 Aggressive mode vulnerable to offline dictionary attacks; PSK with Aggressive Mode is highly risky
b5fb4249-84ae-4e24-bff9-3f28dbe7c5f4,IKEv1,Main,DES,56,SHA256,2,PSK,Transport,False,3600,100,Critical,Legacy IKEv1 used; Weak encryption DES; Weak DH group 2; Perfect Forward Secrecy (PFS) is disabled
59aed838-bfe3-42fa-8ba2-f7401463a39d,IKEv2,Main,DES,56,SHA512,14,ECDSA-Sig,Transport,True,3600,37,Strong,Weak encryption DES
dfc17449-d278-440b-b733-18cce38279b7,IKEv2,Main,AES-256-CBC,256,SHA512,31,RSA-Sig,Tunnel,True,3600,0,Low,None
577d5d16-ca9d-4f58-8d27-8c3d90cf839b,IKEv1,Main,DES,56,SHA256,2,ECDSA-Sig,Transport,True,28800,88,Critical,Legacy IKEv1 used; Weak encryption DES; Weak DH group 2
26e88431-8245-45e9-81d1-72947d135ed3,IKEv2,Main,AES-128-CBC,128,MD5,1,RSA-Sig,Transport,True,28800,60,Weak,Weak hash MD5; Weak DH group 1
118bea6d-a1e5-4eb4-a056-799a61f22492,IKEv2,Main,DES,56,SHA384,1,PSK,Tunnel,False,3600,91,Critical,Weak encryption DES; Weak DH group 1; Perfect Forward Secrecy (PFS) is disabled
45f8fb64-fd17-4328-8919-f6dfb205a626,IKEv2,Main,AES-256-GCM,256,MD5,19,ECDSA-Sig,Transport,False,3600,53,Moderate,Weak hash MD5; Perfect Forward Secrecy (PFS) is disabled
56772048-ddc4-46e4-8fda-585b7659d1df,IKEv2,Main,AES-256-GCM,256,SHA512,1,ECDSA-Sig,Tunnel,False,86400,45,Moderate,Weak DH group 1; Perfect Forward Secrecy (PFS) is disabled
c355df59-6452-4151-8d7e-0d016dd2df54,IKEv2,Main,AES-128-CBC,128,SHA1,20,ECDSA-Sig,Tunnel,False,86400,55,Moderate,Weak hash SHA1; Perfect Forward Secrecy (PFS) is disabled
35c53d8e-5cd6-4e60-9d0f-fbf4f4412054,IKEv2,Main,AES-256-CBC,256,SHA384,20,RSA-Sig,Transport,True,3600,0,Low,None
5bc0490c-cf78-415d-bf4d-06cfe8243b2c,IKEv2,Main,AES-256-GCM,256,MD5,19,RSA-Sig,Transport,True,28800,29,Strong,Weak hash MD5
4ec36f79-027c-4cf9-a916-0b0f4fb431f4,IKEv2,Main,3DES,112,MD5,20,PSK,Transport,True,86400,67,Weak,Weak encryption 3DES; Weak hash MD5
1e9cf6e0-7ab4-4e77-a5a7-e00557874ac0,IKEv1,Quick,AES-256-CBC,256,SHA512,20,ECDSA-Sig,Tunnel,True,86400,15,Low,Legacy IKEv1 used
e97e228c-e0ee-4242-8e23-1e5c03acae13,IKEv2,Main,3DES,112,MD5,21,PSK,Tunnel,True,28800,71,Weak,Weak encryption 3DES; Weak hash MD5
ca540af3-2d35-443d-b572-579871a457b9,IKEv2,Main,AES-256-GCM,256,SHA512,2,PSK,Transport,True,86400,32,Strong,Weak DH group 2
d23e56fd-ca5b-4981-9d0e-926e06906468,IKEv1,Aggressive,AES-256-CBC,256,SHA512,14,PSK,Transport,True,3600,73,Weak,Legacy IKEv1 used; IKEv1 Aggressive mode vulnerable to offline dictionary attacks; PSK with Aggressive Mode is highly risky
1abd0cca-51b2-45a5-915d-597c348bd4aa,IKEv2,Main,ChaCha20-Poly1305,256,SHA512,5,RSA-Sig,Transport,False,3600,53,Moderate,Weak DH group 5; Perfect Forward Secrecy (PFS) is disabled
67ffd26a-bfe6-4608-9f04-6fbd979c21ce,IKEv1,Main,DES,56,SHA384,19,RSA-Sig,Tunnel,True,86400,58,Moderate,Legacy IKEv1 used; Weak encryption DES
16620540-9c36-4652-bd97-098d6a383236,IKEv2,Main,AES-256-CBC,256,SHA1,19,PSK,Tunnel,False,28800,46,Moderate,Weak hash SHA1; Perfect Forward Secrecy (PFS) is disabled
fba92eaf-cab9-4352-ac39-70b3e70b4151,IKEv2,Main,ChaCha20-Poly1305,256,SHA256,21,RSA-Sig,Transport,False,3600,22,Strong,Perfect Forward Secrecy (PFS) is disabled
770e16d9-f8e7-45c2-8a9a-084c3b919f50,IKEv1,Quick,AES-256-GCM,256,SHA1,19,PSK,Tunnel,True,86400,46,Moderate,Legacy IKEv1 used; Weak hash SHA1
29dbdfc8-29bf-4037-910a-2519d230efcd,IKEv1,Main,AES-256-GCM,256,MD5,1,RSA-Sig,Transport,False,28800,97,Critical,Legacy IKEv1 used; Weak hash MD5; Weak DH group 1; Perfect Forward Secrecy (PFS) is disabled
c0690027-5a41-4917-92a9-700cc9676864,IKEv2,Main,AES-256-CBC,256,MD5,2,ECDSA-Sig,Tunnel,False,3600,76,Weak,Weak hash MD5; Weak DH group 2; Perfect Forward Secrecy (PFS) is disabled
b95fbbea-5924-458d-b7ae-234d55b78351,IKEv1,Aggressive,AES-128-CBC,128,SHA384,1,PSK,Transport,True,86400,95,Critical,Legacy IKEv1 used; IKEv1 Aggressive mode vulnerable to offline dictionary attacks; Weak DH group 1; PSK with Aggressive Mode is highly risky
2669a5d4-49f7-4690-8160-27d790b4e199,IKEv1,Quick,AES-256-CBC,256,SHA512,19,PSK,Transport,True,28800,15,Low,Legacy IKEv1 used
c938e0bc-974f-494c-8b49-6aef9b5aacee,IKEv1,Aggressive,AES-128-CBC,128,SHA384,5,RSA-Sig,Transport,True,28800,78,Weak,Legacy IKEv1 used; IKEv1 Aggressive mode vulnerable to offline dictionary attacks; Weak DH group 5
3783db77-8acb-4ed2-a14c-2e55e6238f90,IKEv1,Quick,3DES,112,SHA512,14,RSA-Sig,Tunnel,True,3600,57,Moderate,Legacy IKEv1 used; Weak encryption 3DES
54f9d23b-33cd-40b3-8124-14e4c8e78db9,IKEv2,Main,3DES,112,SHA512,21,ECDSA-Sig,Transport,True,3600,38,Strong,Weak encryption 3DES
87651df9-128a-4116-8d29-da681692f48b,IKEv2,Main,3DES,112,SHA256,31,PSK,Transport,True,3600,41,Moderate,Weak encryption 3DES
c727d1f1-fb98-4e49-a72d-b03de6a8d24f,IKEv2,Main,ChaCha20-Poly1305,256,SHA1,21,PSK,Tunnel,True,3600,30,Strong,Weak hash SHA1
f4b5d12e-2a94-4513-b7ed-e5531610139b,IKEv2,Main,AES-256-GCM,256,SHA1,31,ECDSA-Sig,Transport,True,3600,35,Strong,Weak hash SHA1
fa8e76f5-1481-4e23-978d-d71196f94b1e,IKEv2,Main,AES-128-CBC,128,SHA384,21,PSK,Transport,False,3600,25,Strong,Perfect Forward Secrecy (PFS) is disabled
78e7cd23-ba1c-46bd-85db-4df65697fedd,IKEv2,Main,AES-128-CBC,128,SHA256,1,ECDSA-Sig,Tunnel,True,86400,35,Strong,Weak DH group 1
adcc3f21-b2ae-4692-93b5-e1c074bf5a7d,IKEv1,Aggressive,AES-256-GCM,256,SHA1,21,RSA-Sig,Transport,False,86400,96,Critical,Legacy IKEv1 used; IKEv1 Aggressive mode vulnerable to offline dictionary attacks; Weak hash SHA1; Perfect Forward Secrecy (PFS) is disabled
5d0d2f5e-c675-487f-86ca-ff8f36bed679,IKEv2,Main,AES-256-GCM,256,SHA384,21,ECDSA-Sig,Tunnel,False,3600,24,Strong,Perfect Forward Secrecy (PFS) is disabled
20bed1ec-5acf-43df-9b43-7a3bf0ddf307,IKEv1,Aggressive,DES,56,SHA1,2,ECDSA-Sig,Transport,True,28800,100,Critical,Legacy IKEv1 used; IKEv1 Aggressive mode vulnerable to offline dictionary attacks; Weak encryption DES; Weak hash SHA1; Weak DH group 2
35030391-ffdc-476b-905d-e9b511ab4b2f,IKEv2,Main,ChaCha20-Poly1305,256,SHA384,5,PSK,Transport,False,28800,49,Moderate,Weak DH group 5; Perfect Forward Secrecy (PFS) is disabled
b03f124c-47e9-4897-9c9b-cf795b2b7834,IKEv2,Main,AES-256-CBC,256,SHA1,5,RSA-Sig,Transport,False,3600,76,Weak,Weak hash SHA1; Weak DH group 5; Perfect Forward Secrecy (PFS) is disabled
739968d7-da6c-49d0-a510-6eb6d196aa1f,IKEv2,Main,AES-128-CBC,128,SHA1,21,RSA-Sig,Tunnel,True,28800,25,Strong,Weak hash SHA1
025a5b99-0d6b-49fb-9c2c-4aadcceced78,IKEv1,Aggressive,AES-256-CBC,256,SHA1,20,RSA-Sig,Transport,False,3600,96,Critical,Legacy IKEv1 used; IKEv1 Aggressive mode vulnerable to offline dictionary attacks; Weak hash SHA1; Perfect Forward Secrecy (PFS) is disabled
d125cda2-8eb3-4cab-a46e-2d24ae6faf9c,IKEv2,Main,AES-256-GCM,256,SHA512,21,PSK,Transport,True,3600,0,Low,None
4b636104-dd54-4e85-be59-0c727770ffff,IKEv1,Quick,AES-256-CBC,256,SHA256,21,ECDSA-Sig,Transport,False,28800,45,Moderate,Legacy IKEv1 used; Perfect Forward Secrecy (PFS) is disabled
4f154d8f-24f6-4e76-8729-ce595518c39a,IKEv2,Main,AES-128-CBC,128,MD5,20,RSA-Sig,Tunnel,False,3600,52,Moderate,Weak hash MD5; Perfect Forward Secrecy (PFS) is disabled
2291e1df-c0f0-4eb3-8c3a-1c9fe7783dbe,IKEv1,Main,DES,56,MD5,5,PSK,Tunnel,False,28800,100,Critical,Legacy IKEv1 used; Weak encryption DES; Weak hash MD5; Weak DH group 5; Perfect Forward Secrecy (PFS) is disabled
5cd92e08-6aa3-4bd0-be4d-04f78cf557cf,IKEv2,Main,AES-128-CBC,128,SHA512,20,PSK,Transport,True,28800,0,Low,None
94324d72-7d8c-4c95-8f4b-65168ca8a16f,IKEv2,Main,DES,56,SHA1,1,ECDSA-Sig,Transport,False,28800,100,Critical,Weak encryption DES; Weak hash SHA1; Weak DH group 1; Perfect Forward Secrecy (PFS) is disabled
455dcf71-59c1-4aba-91f3-5342ee52fd85,IKEv1,Aggressive,3DES,112,MD5,21,PSK,Tunnel,False,3600,100,Critical,Legacy IKEv1 used; IKEv1 Aggressive mode vulnerable to offline dictionary attacks; Weak encryption 3DES; Weak hash MD5; PSK with Aggressive Mode is highly risky; Perfect Forward Secrecy (PFS) is disabled
468449cc-cc6c-4b8d-82bb-1914998e1fd0,IKEv2,Main,AES-128-CBC,128,SHA384,19,ECDSA-Sig,Tunnel,False,28800,15,Low,Perfect Forward Secrecy (PFS) is disabled
3452d7dd-1649-452d-86b7-51b69b765e23,IKEv2,Main,AES-256-CBC,256,MD5,14,RSA-Sig,Tunnel,True,28800,32,Strong,Weak hash MD5
16d5e1e4-fb41-4269-8389-c3fdf67b5ed3,IKEv2,Main,3DES,112,SHA256,1,ECDSA-Sig,Transport,True,86400,65,Weak,Weak encryption 3DES; Weak DH group 1
39b683ab-5b15-4489-98d1-c9613ee11466,IKEv2,Main,AES-256-GCM,256,MD5,20,ECDSA-Sig,Transport,False,3600,47,Moderate,Weak hash MD5; Perfect Forward Secrecy (PFS) is disabled
1806353a-f71b-4af1-9843-dcc6a7c8ebb8,IKEv2,Main,AES-256-CBC,256,SHA384,20,RSA-Sig,Transport,True,3600,4,Low,None
01538744-75ae-4771-aa30-ffc9afdce389,IKEv2,Main,3DES,112,SHA384,14,PSK,Tunnel,True,3600,41,Moderate,Weak encryption 3DES
5d071574-de92-4a39-af46-c34e1b9ec1e2,IKEv2,Main,AES-256-CBC,256,SHA512,31,RSA-Sig,Transport,False,28800,21,Strong,Perfect Forward Secrecy (PFS) is disabled
b90bb13c-7d74-4f8f-96c7-2fe819df4315,IKEv1,Main,3DES,112,MD5,21,PSK,Transport,True,86400,92,Critical,Legacy IKEv1 used; Weak encryption 3DES; Weak hash MD5
26ab9d24-2806-48f3-bb97-0055c873230a,IKEv2,Main,DES,56,MD5,20,PSK,Tunnel,True,28800,65,Weak,Weak encryption DES; Weak hash MD5
bba5beb0-29f6-42ca-969c-fa23396a6860,IKEv2,Main,AES-128-CBC,128,SHA1,1,RSA-Sig,Tunnel,False,28800,81,Critical,Weak hash SHA1; Weak DH group 1; Perfect Forward Secrecy (PFS) is disabled
1ca4fb11-4515-462b-ba5d-afdfae440b84,IKEv2,Main,AES-128-CBC,128,SHA1,19,PSK,Transport,False,3600,55,Moderate,Weak hash SHA1; Perfect Forward Secrecy (PFS) is disabled
c820a17d-eac4-44bf-b142-3c223130a66a,IKEv1,Main,AES-256-GCM,256,SHA256,14,RSA-Sig,Tunnel,True,28800,21,Strong,Legacy IKEv1 used
df960b04-48f9-4c5c-9289-ca692bd864cd,IKEv1,Aggressive,AES-256-GCM,256,SHA256,14,PSK,Tunnel,True,3600,67,Weak,Legacy IKEv1 used; IKEv1 Aggressive mode vulnerable to offline dictionary attacks; PSK with Aggressive Mode is highly risky
833f0e2a-f348-4616-980e-1f8e6b23ef7d,IKEv1,Quick,AES-256-GCM,256,SHA512,31,PSK,Tunnel,True,3600,20,Strong,Legacy IKEv1 used
e12657ff-56ea-450e-b1de-4cec74f98680,IKEv2,Main,AES-256-GCM,256,SHA384,14,PSK,Transport,False,28800,18,Low,Perfect Forward Secrecy (PFS) is disabled
9cdb485c-bba2-4b41-952c-ffb4febde87f,IKEv2,Main,AES-256-GCM,256,SHA256,14,PSK,Transport,True,86400,0,Low,None
bae3be88-1b1a-4e47-b944-653a2bcd9f20,IKEv1,Quick,AES-256-GCM,256,SHA384,20,PSK,Transport,False,28800,39,Strong,Legacy IKEv1 used; Perfect Forward Secrecy (PFS) is disabled
b71da7a8-757d-4788-866b-d936c40f55ee,IKEv1,Aggressive,ChaCha20-Poly1305,256,SHA512,21,RSA-Sig,Tunnel,False,3600,69,Weak,Legacy IKEv1 used; IKEv1 Aggressive mode vulnerable to offline dictionary attacks; Perfect Forward Secrecy (PFS) is disabled
bbb79050-eff1-457e-81e3-caea723e388a,IKEv1,Aggressive,3DES,112,SHA256,21,PSK,Transport,True,28800,100,Critical,Legacy IKEv1 used; IKEv1 Aggressive mode vulnerable to offline dictionary attacks; Weak encryption 3DES; PSK with Aggressive Mode is highly risky
6b0048f9-8326-4661-a403-6e00b47b3885,IKEv2,Main,AES-256-GCM,256,MD5,20,RSA-Sig,Tunnel,True,3600,27,Strong,Weak hash MD5
80f7dcbe-6c12-4254-917f-310a87b47012,IKEv2,Main,AES-256-GCM,256,MD5,19,PSK,Tunnel,True,86400,25,Strong,Weak hash MD5
2814b3bb-c485-431d-b7d1-31f21dde4737,IKEv2,Main,DES,56,MD5,19,ECDSA-Sig,Transport,False,28800,94,Critical,Weak encryption DES; Weak hash MD5; Perfect Forward Secrecy (PFS) is disabled
2f0d327c-7826-469b-9f29-dbcd0c7a1533,IKEv2,Main,AES-256-CBC,256,SHA384,21,RSA-Sig,Transport,False,3600,24,Strong,Perfect Forward Secrecy (PFS) is disabled
c7ed2d70-2cf6-4b48-a21a-a380d3595062,IKEv2,Main,AES-128-CBC,128,SHA512,14,RSA-Sig,Tunnel,True,3600,4,Low,None
ecaa9130-6f64-4a60-9ce5-a534975b95ae,IKEv2,Main,DES,56,SHA1,14,PSK,Transport,True,86400,68,Weak,Weak encryption DES; Weak hash SHA1
a16cc8be-368e-4cd8-8683-4d5a75ef2902,IKEv2,Main,3DES,112,SHA384,20,ECDSA-Sig,Tunnel,True,3600,45,Moderate,Weak encryption 3DES
c0ec05d9-0404-418b-a755-612a8d56d785,IKEv2,Main,ChaCha20-Poly1305,256,SHA384,21,ECDSA-Sig,Transport,False,86400,19,Low,Perfect Forward Secrecy (PFS) is disabled
87487f2e-feef-4363-8520-94a327d13e55,IKEv2,Main,AES-128-CBC,128,SHA384,5,RSA-Sig,Tunnel,False,86400,52,Moderate,Weak DH group 5; Perfect Forward Secrecy (PFS) is disabled
6400be9b-2f60-4ae1-8799-22190a667838,IKEv1,Main,ChaCha20-Poly1305,256,SHA1,2,RSA-Sig,Transport,True,3600,81,Critical,Legacy IKEv1 used; Weak hash SHA1; Weak DH group 2
df3f238d-845a-4bfe-97b6-81ef5b1ffef7,IKEv1,Main,AES-256-GCM,256,SHA384,14,RSA-Sig,Tunnel,False,3600,43,Moderate,Legacy IKEv1 used; Perfect Forward Secrecy (PFS) is disabled
34f71fd6-0884-4554-a66f-ade9a85cc085,IKEv1,Aggressive,3DES,112,SHA384,5,ECDSA-Sig,Tunnel,True,28800,100,Critical,Legacy IKEv1 used; IKEv1 Aggressive mode vulnerable to offline dictionary attacks; Weak encryption 3DES; Weak DH group 5
1582536f-bbcb-461e-bc9d-04f35fa68033,IKEv1,Quick,AES-128-CBC,128,SHA1,19,PSK,Transport,False,86400,65,Weak,Legacy IKEv1 used; Weak hash SHA1; Perfect Forward Secrecy (PFS) is disabled
d6ef0b16-37de-4d6f-a19f-b9e92dce7aaf,IKEv2,Main,3DES,112,SHA384,31,RSA-Sig,Tunnel,False,28800,56,Moderate,Weak encryption 3DES; Perfect Forward Secrecy (PFS) is disabled
732283c9-c80d-45a3-9474-b11caa54c9fd,IKEv2,Main,AES-256-CBC,256,SHA1,19,ECDSA-Sig,Transport,True,86400,29,Strong,Weak hash SHA1
e9cd0d64-7c04-459e-adba-46d2eee4f27d,IKEv2,Main,DES,56,SHA384,1,PSK,Transport,True,28800,71,Weak,Weak encryption DES; Weak DH group 1
a34c6a01-a806-450f-985e-511e66e71471,IKEv2,Main,ChaCha20-Poly1305,256,SHA256,21,ECDSA-Sig,Transport,False,28800,17,Low,Perfect Forward Secrecy (PFS) is disabled
08636bb6-4e8c-43c3-bb72-e51536285f80,IKEv2,Main,AES-256-CBC,256,SHA256,1,RSA-Sig,Tunnel,True,28800,31,Strong,Weak DH group 1
7cc0a571-c2fd-4d41-96ea-ea66f194cbd7,IKEv1,Main,AES-256-GCM,256,SHA512,14,ECDSA-Sig,Transport,False,3600,38,Strong,Legacy IKEv1 used; Perfect Forward Secrecy (PFS) is disabled
d584b48c-4894-496f-93dc-2a551a977ca7,IKEv2,Main,ChaCha20-Poly1305,256,SHA512,31,ECDSA-Sig,Transport,False,3600,25,Strong,Perfect Forward Secrecy (PFS) is disabled
ce3827c3-626d-4b5d-8416-095c362c7ecf,IKEv2,Main,AES-256-CBC,256,SHA256,5,RSA-Sig,Transport,True,3600,33,Strong,Weak DH group 5
c6c7c5d0-6e26-41b3-8f55-129858f7120e,IKEv2,Main,AES-256-CBC,256,SHA1,20,PSK,Tunnel,True,28800,28,Strong,Weak hash SHA1
124de7c4-36e2-42cc-a4bf-137368fef13b,IKEv2,Main,3DES,112,SHA512,14,PSK,Tunnel,False,86400,65,Weak,Weak encryption 3DES; Perfect Forward Secrecy (PFS) is disabled
98b84789-2c7e-4fc4-a79e-7b13af806399,IKEv2,Main,AES-256-GCM,256,SHA384,20,PSK,Tunnel,True,86400,3,Low,None
74e025a4-1e09-4c88-83e5-4be60df83026,IKEv1,Main,DES,56,SHA384,1,RSA-Sig,Tunnel,False,86400,100,Critical,Legacy IKEv1 used; Weak encryption DES; Weak DH group 1; Perfect Forward Secrecy (PFS) is disabled
49447826-a254-4d64-8031-265c9eb2c0a9,IKEv2,Main,AES-256-CBC,256,SHA256,5,PSK,Transport,False,3600,51,Moderate,Weak DH group 5; Perfect Forward Secrecy (PFS) is disabled
49d5e3ba-6343-44ab-9f7b-6e71ea70755f,IKEv2,Main,AES-128-CBC,128,SHA512,21,PSK,Tunnel,True,28800,0,Low,None
6867b40a-1fe5-4691-8902-d586d0441a86,IKEv2,Main,DES,56,SHA384,21,PSK,Tunnel,False,28800,62,Weak,Weak encryption DES; Perfect Forward Secrecy (PFS) is disabled
965bcbe8-5182-45d9-970f-bf080c4d97fd,IKEv2,Main,DES,56,SHA512,1,PSK,Tunnel,False,86400,93,Critical,Weak encryption DES; Weak DH group 1; Perfect Forward Secrecy (PFS) is disabled
be603ba9-a334-480d-a527-769a7356a70e,IKEv2,Main,3DES,112,SHA256,31,RSA-Sig,Transport,True,86400,42,Moderate,Weak encryption 3DES
1bdee270-550a-41ee-a23d-c29706473ead,IKEv2,Main,DES,56,SHA512,21,PSK,Tunnel,True,86400,40,Moderate,Weak encryption DES
66082adc-c080-4d5a-ae0c-0d4b5e242464,IKEv1,Main,AES-128-CBC,128,MD5,14,RSA-Sig,Tunnel,True,86400,54,Moderate,Legacy IKEv1 used; Weak hash MD5
694ff6db-44bb-4e85-87cb-ca0baa3e2c4d,IKEv2,Main,AES-256-GCM,256,SHA512,31,ECDSA-Sig,Tunnel,False,3600,23,Strong,Perfect Forward Secrecy (PFS) is disabled
825fba5e-35c4-4444-975d-d9eaa90048b4,IKEv2,Main,AES-128-CBC,128,SHA1,2,RSA-Sig,Tunnel,True,86400,60,Weak,Weak hash SHA1; Weak DH group 2
8501d504-93dc-44a5-b4c0-444360720815,IKEv1,Quick,DES,56,SHA256,19,ECDSA-Sig,Tunnel,True,28800,61,Weak,Legacy IKEv1 used; Weak encryption DES
bbfc5bd0-986d-487f-ac56-e0f7b89c0483,IKEv1,Main,AES-256-GCM,256,SHA256,31,PSK,Transport,False,3600,39,Strong,Legacy IKEv1 used; Perfect Forward Secrecy (PFS) is disabled
df282984-1942-42a7-af6e-d527c1efcc7c,IKEv1,Main,3DES,112,SHA384,1,ECDSA-Sig,Transport,True,3600,87,Critical,Legacy IKEv1 used; Weak encryption 3DES; Weak DH group 1
113e784b-128e-4fb3-b60f-d8cd93c9cfd0,IKEv2,Main,3DES,112,MD5,31,PSK,Tunnel,True,28800,65,Weak,Weak encryption 3DES; Weak hash MD5
2c502099-7fbe-4b0e-b411-cf460aad1d1d,IKEv2,Main,ChaCha20-Poly1305,256,MD5,2,RSA-Sig,Transport,False,28800,80,Critical,Weak hash MD5; Weak DH group 2; Perfect Forward Secrecy (PFS) is disabled
2ae9cdac-a817-48aa-a3ff-5f6d97aee8ae,IKEv2,Main,DES,56,SHA1,2,ECDSA-Sig,Transport,True,86400,100,Critical,Weak encryption DES; Weak hash SHA1; Weak DH group 2
5def325e-1c66-4ab0-832a-09144e923b5a,IKEv2,Main,AES-128-CBC,128,SHA384,20,PSK,Tunnel,False,3600,18,Low,Perfect Forward Secrecy (PFS) is disabled
29f005bb-a915-4412-bf6d-f8acffdddd3d,IKEv1,Quick,AES-256-GCM,256,SHA1,5,RSA-Sig,Tunnel,False,28800,95,Critical,Legacy IKEv1 used; Weak hash SHA1; Weak DH group 5; Perfect Forward Secrecy (PFS) is disabled
75231a6a-dcc0-4c6e-8a51-32632ac72228,IKEv2,Main,DES,56,SHA512,5,ECDSA-Sig,Transport,False,86400,89,Critical,Weak encryption DES; Weak DH group 5; Perfect Forward Secrecy (PFS) is disabled
af7a83f9-60b1-40b2-9a7a-cf06d2cb3fb3,IKEv1,Quick,ChaCha20-Poly1305,256,SHA384,1,ECDSA-Sig,Tunnel,False,86400,65,Weak,Legacy IKEv1 used; Weak DH group 1; Perfect Forward Secrecy (PFS) is disabled
e0ca0df1-6abc-4455-83bc-8839cd36b0c4,IKEv2,Main,AES-256-GCM,256,SHA512,31,ECDSA-Sig,Tunnel,True,86400,2,Low,None
e211358e-8ec9-4d05-b98e-ddad840f236a,IKEv2,Main,AES-128-CBC,128,SHA384,14,ECDSA-Sig,Transport,False,28800,23,Strong,Perfect Forward Secrecy (PFS) is disabled
b8680610-fff7-4f45-b55f-7d6b5cc72f6d,IKEv2,Main,AES-256-GCM,256,SHA384,21,RSA-Sig,Tunnel,False,86400,20,Strong,Perfect Forward Secrecy (PFS) is disabled
1d1568c4-406b-4f72-a4e9-e9195e9f0095,IKEv1,Main,DES,56,SHA384,5,RSA-Sig,Tunnel,True,86400,94,Critical,Legacy IKEv1 used; Weak encryption DES; Weak DH group 5
4137a521-92c6-4703-a0df-e1c746ed5482,IKEv2,Main,AES-256-CBC,256,SHA384,19,ECDSA-Sig,Transport,True,86400,0,Low,None
8d96686b-4a3f-4adb-9bed-2dc633e88930,IKEv2,Main,AES-256-GCM,256,SHA384,31,ECDSA-Sig,Tunnel,True,28800,0,Low,None
0b84ac9d-a7f4-4d3a-b771-3977a78a75e7,IKEv1,Aggressive,DES,56,SHA256,1,ECDSA-Sig,Tunnel,True,3600,100,Critical,Legacy IKEv1 used; IKEv1 Aggressive mode vulnerable to offline dictionary attacks; Weak encryption DES; Weak DH group 1
e4452c56-d70b-4a62-87b4-d3637701d57f,IKEv2,Main,AES-128-CBC,128,MD5,5,RSA-Sig,Transport,True,3600,58,Moderate,Weak hash MD5; Weak DH group 5
b62a3672-4839-4d12-a5ca-cba1f119dd5f,IKEv2,Main,AES-256-CBC,256,SHA1,31,PSK,Tunnel,True,3600,35,Strong,Weak hash SHA1
b734170d-86fb-4c16-9300-a70fe7b7ed08,IKEv2,Main,ChaCha20-Poly1305,256,SHA1,21,PSK,Tunnel,True,3600,28,Strong,Weak hash SHA1
845c2414-927c-4516-be3e-e264f4022527,IKEv2,Main,3DES,112,SHA512,20,ECDSA-Sig,Tunnel,False,28800,59,Moderate,Weak encryption 3DES; Perfect Forward Secrecy (PFS) is disabled
0e946817-a05d-4a3b-b599-09725b3f6198,IKEv1,Aggressive,AES-256-CBC,256,SHA256,2,PSK,Tunnel,False,3600,100,Critical,Legacy IKEv1 used; IKEv1 Aggressive mode vulnerable to offline dictionary attacks; Weak DH group 2; PSK with Aggressive Mode is highly risky; Perfect Forward Secrecy (PFS) is disabled
286164f4-d535-4069-a9c8-62156d38b65d,IKEv1,Quick,AES-256-CBC,256,SHA1,19,PSK,Transport,False,28800,65,Weak,Legacy IKEv1 used; Weak hash SHA1; Perfect Forward Secrecy (PFS) is disabled
e019b698-85a5-43fe-ac87-64cb0631b9ce,IKEv2,Main,AES-256-GCM,256,SHA384,1,ECDSA-Sig,Tunnel,False,3600,48,Moderate,Weak DH group 1; Perfect Forward Secrecy (PFS) is disabled
0a0765b9-1d6c-454d-a049-58aca6b2aed5,IKEv2,Main,AES-128-CBC,128,SHA512,21,ECDSA-Sig,Tunnel,False,86400,24,Strong,Perfect Forward Secrecy (PFS) is disabled
a43ae46f-f009-4f1b-83bd-5b66842880cd,IKEv2,Main,AES-128-CBC,128,MD5,14,RSA-Sig,Transport,True,28800,31,Strong,Weak hash MD5
ce5c263c-37f2-47f4-ac24-48f9287ae331,IKEv1,Aggressive,AES-256-GCM,256,SHA384,31,ECDSA-Sig,Tunnel,False,86400,70,Weak,Legacy IKEv1 used; IKEv1 Aggressive mode vulnerable to offline dictionary attacks; Perfect Forward Secrecy (PFS) is disabled
5997d2f8-3daa-437a-8ecd-b8f37c9ce584,IKEv2,Main,DES,56,SHA1,14,ECDSA-Sig,Transport,True,28800,67,Weak,Weak encryption DES; Weak hash SHA1
8ee0ce52-b1ec-471b-ae7d-29fa96dec2c5,IKEv1,Main,AES-256-GCM,256,SHA256,1,ECDSA-Sig,Tunnel,True,86400,47,Moderate,Legacy IKEv1 used; Weak DH group 1
2f08378a-89a1-454e-badc-85caec8388e1,IKEv2,Main,AES-256-GCM,256,SHA1,31,PSK,Transport,True,28800,28,Strong,Weak hash SHA1
d45e7166-b25c-4973-a2f8-1fd03edbae9f,IKEv2,Main,3DES,112,MD5,31,PSK,Tunnel,True,28800,74,Weak,Weak encryption 3DES; Weak hash MD5
13ecb8fc-1cdd-4b0e-8c8f-c7eb9deb2fed,IKEv2,Main,AES-256-CBC,256,SHA512,31,ECDSA-Sig,Tunnel,True,86400,0,Low,None
83e0ef03-4ebe-4ba7-9c6c-c20faa94677d,IKEv1,Main,ChaCha20-Poly1305,256,SHA256,5,PSK,Tunnel,True,28800,50,Moderate,Legacy IKEv1 used; Weak DH group 5
b92d180e-f8bd-43f9-84a5-70c216e819bb,IKEv2,Main,AES-256-CBC,256,SHA384,31,RSA-Sig,Tunnel,False,28800,24,Strong,Perfect Forward Secrecy (PFS) is disabled
b70fd134-2364-452c-9572-43e7b7ab7dd7,IKEv2,Main,3DES,112,SHA384,1,RSA-Sig,Tunnel,False,28800,85,Critical,Weak encryption 3DES; Weak DH group 1; Perfect Forward Secrecy (PFS) is disabled
a6792b47-dd3e-4496-9fdd-20859ccf686f,IKEv2,Main,DES,56,SHA512,21,PSK,Transport,True,3600,40,Moderate,Weak encryption DES
2717f936-d4db-43b6-80a7-4340487e7f32,IKEv1,Quick,AES-256-CBC,256,SHA256,31,PSK,Tunnel,False,28800,44,Moderate,Legacy IKEv1 used; Perfect Forward Secrecy (PFS) is disabled
0f2785fb-7bf3-43f7-b4d0-491b74cf7bac,IKEv2,Main,ChaCha20-Poly1305,256,SHA256,20,ECDSA-Sig,Transport,False,86400,24,Strong,Perfect Forward Secrecy (PFS) is disabled
eec71f6a-19a9-4591-9ada-e5641684eda6,IKEv1,Aggressive,AES-128-CBC,128,SHA1,31,ECDSA-Sig,Tunnel,False,3600,97,Critical,Legacy IKEv1 used; IKEv1 Aggressive mode vulnerable to offline dictionary attacks; Weak hash SHA1; Perfect Forward Secrecy (PFS) is disabled
7030de25-8713-4778-8e2f-e19400a42bb5,IKEv2,Main,AES-128-CBC,128,SHA256,21,ECDSA-Sig,Tunnel,True,86400,4,Low,None
102f8290-e994-49ef-81ac-475ea8c914b0,IKEv1,Aggressive,AES-256-GCM,256,SHA1,14,PSK,Tunnel,True,3600,98,Critical,Legacy IKEv1 used; IKEv1 Aggressive mode vulnerable to offline dictionary attacks; Weak hash SHA1; PSK with Aggressive Mode is highly risky
6b4cd53d-ae8c-49df-bb34-f5535c854908,IKEv2,Main,AES-256-CBC,256,SHA512,31,ECDSA-Sig,Transport,False,3600,22,Strong,Perfect Forward Secrecy (PFS) is disabled
3381b1c6-930a-462e-bab8-64443f429952,IKEv2,Main,3DES,112,SHA256,21,RSA-Sig,Transport,True,3600,43,Moderate,Weak encryption 3DES
c6e43fe4-2b3c-4390-bfb3-8b1a1719a276,IKEv2,Main,AES-256-CBC,256,SHA512,2,ECDSA-Sig,Tunnel,True,28800,29,Strong,Weak DH group 2
097f20ba-afa8-49f5-8da1-1d80215ff441,IKEv2,Main,AES-256-GCM,256,SHA256,31,RSA-Sig,Tunnel,True,3600,0,Low,None
372d8895-6805-4020-9edd-710e1fc1478a,IKEv1,Main,AES-128-CBC,128,SHA1,14,RSA-Sig,Transport,False,3600,72,Weak,Legacy IKEv1 used; Weak hash SHA1; Perfect Forward Secrecy (PFS) is disabled
8dba14af-1211-427f-83e5-9f6a3b5558be,IKEv2,Main,DES,56,SHA384,19,RSA-Sig,Tunnel,False,3600,55,Moderate,Weak encryption DES; Perfect Forward Secrecy (PFS) is disabled
c3865b31-77c4-4e0c-9b99-dee7128add23,IKEv2,Main,3DES,112,SHA512,1,ECDSA-Sig,Transport,False,3600,86,Critical,Weak encryption 3DES; Weak DH group 1; Perfect Forward Secrecy (PFS) is disabled
fd63c033-6fae-40ed-ad2a-843ee97bc85d,IKEv2,Main,3DES,112,MD5,14,PSK,Transport,False,3600,85,Critical,Weak encryption 3DES; Weak hash MD5; Perfect Forward Secrecy (PFS) is disabled
4dd1591d-6d4b-480b-9684-daeee010e649,IKEv2,Main,3DES,112,SHA1,1,PSK,Tunnel,True,86400,98,Critical,Weak encryption 3DES; Weak hash SHA1; Weak DH group 1
8b8f4c9d-05d0-42be-b35d-68c4258c2714,IKEv2,Main,DES,56,MD5,20,ECDSA-Sig,Tunnel,True,3600,74,Weak,Weak encryption DES; Weak hash MD5
d0c9cabf-6733-40e9-951d-5bd15868d646,IKEv1,Aggressive,3DES,112,SHA1,1,RSA-Sig,Tunnel,True,86400,100,Critical,Legacy IKEv1 used; IKEv1 Aggressive mode vulnerable to offline dictionary attacks; Weak encryption 3DES; Weak hash SHA1; Weak DH group 1
061683aa-fccc-4437-a94f-656cc1002ec4,IKEv2,Main,ChaCha20-Poly1305,256,SHA512,31,PSK,Tunnel,False,86400,15,Low,Perfect Forward Secrecy (PFS) is disabled
86c4dc5b-12fb-458f-a39d-28650aec397e,IKEv2,Main,AES-256-CBC,256,MD5,1,PSK,Tunnel,False,86400,83,Critical,Weak hash MD5; Weak DH group 1; Perfect Forward Secrecy (PFS) is disabled
33147059-283b-43ca-a9a6-d6d9774c8e8b,IKEv2,Main,3DES,112,SHA512,19,PSK,Transport,False,3600,62,Weak,Weak encryption 3DES; Perfect Forward Secrecy (PFS) is disabled
5beefa17-a40c-43f7-96bf-c1def608cef5,IKEv2,Main,ChaCha20-Poly1305,256,SHA256,19,RSA-Sig,Transport,False,3600,15,Low,Perfect Forward Secrecy (PFS) is disabled
9cbde5ff-7bfc-4641-a06d-65222d9b8c9f,IKEv1,Quick,AES-128-CBC,128,SHA512,21,PSK,Tunnel,False,3600,40,Moderate,Legacy IKEv1 used; Perfect Forward Secrecy (PFS) is disabled
62a7e450-9f39-4a11-877e-3a77140a0ee5,IKEv2,Main,AES-256-CBC,256,MD5,31,PSK,Transport,False,86400,54,Moderate,Weak hash MD5; Perfect Forward Secrecy (PFS) is disabled
41c5834f-4e7d-4089-875c-7129695bf376,IKEv2,Main,3DES,112,MD5,20,PSK,Transport,True,86400,68,Weak,Weak encryption 3DES; Weak hash MD5
3d048d53-c8bf-44b3-a93e-560882e382ab,IKEv2,Main,AES-256-GCM,256,MD5,5,PSK,Tunnel,True,3600,57,Moderate,Weak hash MD5; Weak DH group 5
f20b2208-e3a0-4ce3-9ded-69af2d4f1ab9,IKEv2,Main,AES-256-GCM,256,SHA512,19,ECDSA-Sig,Transport,False,3600,20,Strong,Perfect Forward Secrecy (PFS) is disabled
db95aba6-3739-448c-b9f3-97d71ce657a4,IKEv1,Main,ChaCha20-Poly1305,256,SHA512,21,ECDSA-Sig,Transport,False,3600,37,Strong,Legacy IKEv1 used; Perfect Forward Secrecy (PFS) is disabled
36887820-f56f-41b0-82af-3b59513dca52,IKEv1,Aggressive,DES,56,MD5,1,PSK,Transport,True,28800,100,Critical,Legacy IKEv1 used; IKEv1 Aggressive mode vulnerable to offline dictionary attacks; Weak encryption DES; Weak hash MD5; Weak DH group 1; PSK with Aggressive Mode is highly risky
4619c513-fdf6-4295-845b-6ba16afb66f9,IKEv2,Main,AES-128-CBC,128,SHA512,31,RSA-Sig,Tunnel,False,28800,15,Low,Perfect Forward Secrecy (PFS) is disabled
4ee3255b-10ab-4d8c-ba8f-d41d487c4ab6,IKEv2,Main,DES,56,MD5,1,PSK,Transport,True,86400,95,Critical,Weak encryption DES; Weak hash MD5; Weak DH group 1
43664813-260b-40eb-bebb-31abc51c7d9c,IKEv2,Main,DES,56,SHA1,20,PSK,Tunnel,False,28800,87,Critical,Weak encryption DES; Weak hash SHA1; Perfect Forward Secrecy (PFS) is disabled
cb51809c-e768-47d5-9c86-d6f8d4b512ac,IKEv2,Main,AES-256-CBC,256,SHA1,2,PSK,Transport,False,86400,84,Critical,Weak hash SHA1; Weak DH group 2; Perfect Forward Secrecy (PFS) is disabled
e1fef28f-542f-4402-9bb5-d888047205cf,IKEv2,Main,DES,56,SHA256,2,ECDSA-Sig,Tunnel,False,86400,87,Critical,Weak encryption DES; Weak DH group 2; Perfect Forward Secrecy (PFS) is disabled
75d1dc74-6cbf-4c9d-8aa8-ca2991afa7b3,IKEv2,Main,3DES,112,MD5,19,RSA-Sig,Tunnel,False,86400,86,Critical,Weak encryption 3DES; Weak hash MD5; Perfect Forward Secrecy (PFS) is disabled
86944233-1496-4fe8-bc14-8fd5b5e0cbf1,IKEv2,Main,AES-256-CBC,256,SHA384,20,ECDSA-Sig,Tunnel,True,86400,3,Low,None
fc5351b0-b243-4641-b582-01bf298492e6,IKEv1,Main,AES-256-GCM,256,MD5,19,PSK,Tunnel,True,86400,50,Moderate,Legacy IKEv1 used; Weak hash MD5
f57880d9-a2b3-4eb5-a2e3-7cda9289aadd,IKEv1,Aggressive,AES-256-GCM,256,SHA512,20,PSK,Tunnel,True,28800,66,Weak,Legacy IKEv1 used; IKEv1 Aggressive mode vulnerable to offline dictionary attacks; PSK with Aggressive Mode is highly risky
9e0e8f58-b114-403d-bd25-943018e5674f,IKEv2,Main,DES,56,SHA384,5,RSA-Sig,Transport,True,28800,70,Weak,Weak encryption DES; Weak DH group 5
3e9b95d9-5568-4be6-a3cf-a3edb2ba29a9,IKEv1,Quick,AES-256-CBC,256,SHA512,5,ECDSA-Sig,Transport,True,3600,55,Moderate,Legacy IKEv1 used; Weak DH group 5
d933d8e5-548c-4be0-93a4-09dfeeb6d0b6,IKEv1,Main,3DES,112,MD5,19,RSA-Sig,Tunnel,False,3600,100,Critical,Legacy IKEv1 used; Weak encryption 3DES; Weak hash MD5; Perfect Forward Secrecy (PFS) is disabled
8f3f97e5-7c94-4367-8558-d4f8191a941a,IKEv2,Main,3DES,112,SHA512,20,PSK,Transport,False,86400,64,Weak,Weak encryption 3DES; Perfect Forward Secrecy (PFS) is disabled
794c36ca-5513-4fb2-a9f0-3d966ad0a7c6,IKEv2,Main,ChaCha20-Poly1305,256,SHA384,1,ECDSA-Sig,Transport,True,28800,26,Strong,Weak DH group 1
3b3239d6-efbd-41df-93ba-8f0a95765680,IKEv1,Main,DES,56,SHA512,2,ECDSA-Sig,Tunnel,True,3600,90,Critical,Legacy IKEv1 used; Weak encryption DES; Weak DH group 2
e5107391-205d-402b-9d49-86c96be2e013,IKEv2,Main,ChaCha20-Poly1305,256,SHA1,19,ECDSA-Sig,Transport,False,28800,49,Moderate,Weak hash SHA1; Perfect Forward Secrecy (PFS) is disabled
b660b3db-399d-4c2f-97ae-3676f30932ec,IKEv2,Main,3DES,112,SHA512,5,PSK,Transport,True,3600,70,Weak,Weak encryption 3DES; Weak DH group 5
11f87539-c939-4a12-a5e3-4e8650076a8f,IKEv2,Main,AES-128-CBC,128,MD5,21,PSK,Transport,True,3600,27,Strong,Weak hash MD5
4c51115b-689b-499a-b3d5-eb5d12ac023f,IKEv1,Main,AES-256-GCM,256,SHA1,21,RSA-Sig,Transport,True,3600,47,Moderate,Legacy IKEv1 used; Weak hash SHA1
556c7b68-15d2-4863-8dce-89b51ffa28dd,IKEv1,Aggressive,AES-128-CBC,128,SHA512,1,PSK,Tunnel,True,86400,100,Critical,Legacy IKEv1 used; IKEv1 Aggressive mode vulnerable to offline dictionary attacks; Weak DH group 1; PSK with Aggressive Mode is highly risky
4a11b419-1cd4-4fa6-8909-ed91e5f7fdeb,IKEv1,Aggressive,AES-128-CBC,128,SHA512,31,RSA-Sig,Transport,False,86400,75,Weak,Legacy IKEv1 used; IKEv1 Aggressive mode vulnerable to offline dictionary attacks; Perfect Forward Secrecy (PFS) is disabled
165560a2-cb20-4751-80e6-41320f72fed6,IKEv2,Main,AES-256-CBC,256,MD5,20,ECDSA-Sig,Tunnel,True,3600,32,Strong,Weak hash MD5
59e1c1e1-dcdf-4c6b-8a03-b494a87717e3,IKEv2,Main,AES-256-CBC,256,SHA256,20,ECDSA-Sig,Tunnel,True,3600,5,Low,None
60644460-34ed-42ad-acef-5ae07a8831de,IKEv1,Aggressive,AES-128-CBC,128,SHA512,20,ECDSA-Sig,Transport,True,3600,50,Moderate,Legacy IKEv1 used; IKEv1 Aggressive mode vulnerable to offline dictionary attacks
e041a785-75ad-4d24-ab60-cf5c6d46297f,IKEv2,Main,AES-128-CBC,128,SHA512,19,ECDSA-Sig,Transport,True,86400,0,Low,None
a960cf00-0cb7-40be-95a3-4fd30121fa10,IKEv2,Main,AES-256-CBC,256,SHA384,2,PSK,Tunnel,True,3600,33,Strong,Weak DH group 2
497a0a1c-14da-4a5d-ae3b-460a2c42191d,IKEv1,Aggressive,ChaCha20-Poly1305,256,SHA384,2,ECDSA-Sig,Transport,True,3600,84,Critical,Legacy IKEv1 used; IKEv1 Aggressive mode vulnerable to offline dictionary attacks; Weak DH group 2
b2e63d30-5317-4c24-9359-d5912c8391be,IKEv2,Main,AES-256-CBC,256,SHA256,19,ECDSA-Sig,Tunnel,False,3600,20,Strong,Perfect Forward Secrecy (PFS) is disabled
eea817d0-7065-422e-bf3d-37a249896bb7,IKEv2,Main,ChaCha20-Poly1305,256,SHA512,1,PSK,Transport,False,28800,48,Moderate,Weak DH group 1; Perfect Forward Secrecy (PFS) is disabled
5414664c-66cf-4468-b9ed-f57ee86db29d,IKEv2,Main,AES-128-CBC,128,SHA1,20,RSA-Sig,Transport,False,3600,55,Moderate,Weak hash SHA1; Perfect Forward Secrecy (PFS) is disabled
f2c80a7d-14fe-49c9-8449-16075196ca3a,IKEv2,Main,AES-256-CBC,256,MD5,1,RSA-Sig,Transport,True,28800,64,Weak,Weak hash MD5; Weak DH group 1
1259e52b-1bda-4ab6-8c5c-29c4aac4f787,IKEv2,Main,AES-256-CBC,256,SHA512,21,PSK,Tunnel,True,86400,0,Low,None
21733da5-cec7-4416-94f2-9a4ec549a4d3,IKEv1,Quick,DES,56,SHA512,19,RSA-Sig,Tunnel,True,28800,61,Weak,Legacy IKEv1 used; Weak encryption DES
0c0dbb0b-584d-459d-8223-7e30f24b144f,IKEv2,Main,3DES,112,SHA256,21,RSA-Sig,Tunnel,False,28800,59,Moderate,Weak encryption 3DES; Perfect Forward Secrecy (PFS) is disabled
608c0ea7-14cf-4399-9926-2117b6c19693,IKEv1,Quick,DES,56,SHA384,1,ECDSA-Sig,Tunnel,True,28800,89,Critical,Legacy IKEv1 used; Weak encryption DES; Weak DH group 1
b64b9fcc-767d-400a-a890-872e3f3526f2,IKEv1,Aggressive,AES-256-GCM,256,SHA512,21,ECDSA-Sig,Transport,False,86400,67,Weak,Legacy IKEv1 used; IKEv1 Aggressive mode vulnerable to offline dictionary attacks; Perfect Forward Secrecy (PFS) is disabled
303e40fc-72c8-46ba-9315-201a859cd6e5,IKEv2,Main,AES-256-GCM,256,SHA384,5,PSK,Transport,True,86400,27,Strong,Weak DH group 5
638937a1-562d-41c4-b744-798262efb522,IKEv2,Main,DES,56,SHA384,14,RSA-Sig,Transport,True,86400,35,Strong,Weak encryption DES
0486ae0a-7adf-49df-8729-8f8562b01223,IKEv2,Main,AES-256-GCM,256,SHA512,20,ECDSA-Sig,Tunnel,False,86400,24,Strong,Perfect Forward Secrecy (PFS) is disabled
a7456dc4-b0ca-4b5b-93c6-57d670d13a72,IKEv2,Main,AES-128-CBC,128,MD5,2,RSA-Sig,Transport,True,86400,61,Weak,Weak hash MD5; Weak DH group 2
dc324149-07a7-410d-82c4-76f571c9b0c4,IKEv2,Main,ChaCha20-Poly1305,256,SHA512,20,RSA-Sig,Transport,True,86400,4,Low,None
093683b6-561e-4271-b4fa-ee51eeef7961,IKEv2,Main,AES-256-CBC,256,MD5,19,ECDSA-Sig,Transport,False,28800,45,Moderate,Weak hash MD5; Perfect Forward Secrecy (PFS) is disabled
d4fd565c-8e76-487d-9add-833b1cb7056b,IKEv2,Main,DES,56,SHA256,20,PSK,Transport,False,3600,57,Moderate,Weak encryption DES; Perfect Forward Secrecy (PFS) is disabled
80286fea-9a3b-4d7a-a281-ee77b0aff8a2,IKEv2,Main,DES,56,SHA384,1,RSA-Sig,Tunnel,False,28800,94,Critical,Weak encryption DES; Weak DH group 1; Perfect Forward Secrecy (PFS) is disabled
90cb296e-8265-4ae0-be0d-67fa9e5e27ba,IKEv2,Main,AES-256-GCM,256,MD5,5,ECDSA-Sig,Transport,False,28800,80,Critical,Weak hash MD5; Weak DH group 5; Perfect Forward Secrecy (PFS) is disabled
088776b1-79aa-4fc0-a560-4310012aa52b,IKEv2,Main,AES-128-CBC,128,SHA384,5,ECDSA-Sig,Transport,True,3600,34,Strong,Weak DH group 5
65289bdb-a1d4-4319-bb02-6a695d02b8c2,IKEv2,Main,DES,56,SHA256,19,RSA-Sig,Transport,True,28800,38,Strong,Weak encryption DES
1c4b6396-111e-420a-92c8-53b5c01ec0df,IKEv2,Main,AES-256-GCM,256,SHA384,31,RSA-Sig,Tunnel,False,28800,25,Strong,Perfect Forward Secrecy (PFS) is disabled
a5a44594-6115-4197-84d3-ec4e32f3d625,IKEv2,Main,3DES,112,SHA512,21,ECDSA-Sig,Transport,False,3600,64,Weak,Weak encryption 3DES; Perfect Forward Secrecy (PFS) is disabled
4eeaf9f1-5880-4c74-bda5-b53c708b7119,IKEv2,Main,ChaCha20-Poly1305,256,SHA256,20,ECDSA-Sig,Transport,False,86400,16,Low,Perfect Forward Secrecy (PFS) is disabled
4d5e5005-42c6-4189-8d4f-e04b32b3c1fc,IKEv2,Main,DES,56,MD5,19,PSK,Tunnel,True,3600,72,Weak,Weak encryption DES; Weak hash MD5
a6192f81-382a-4c20-badc-898f6b46a4b5,IKEv2,Main,AES-256-CBC,256,SHA512,5,ECDSA-Sig,Tunnel,False,3600,47,Moderate,Weak DH group 5; Perfect Forward Secrecy (PFS) is disabled
0cf05ae1-0dae-4716-89db-7344f256a142,IKEv2,Main,ChaCha20-Poly1305,256,SHA256,2,ECDSA-Sig,Transport,True,3600,30,Strong,Weak DH group 2
57051298-5546-4ce4-bc84-d73587e82688,IKEv2,Main,AES-256-CBC,256,SHA512,31,RSA-Sig,Transport,False,3600,16,Low,Perfect Forward Secrecy (PFS) is disabled
6147a16c-b3d1-4267-a93b-3d7459cb01d6,IKEv2,Main,AES-256-GCM,256,SHA512,19,RSA-Sig,Transport,False,86400,18,Low,Perfect Forward Secrecy (PFS) is disabled
de7d4fe6-9d40-46a4-88b2-743c859a81d7,IKEv2,Main,AES-128-CBC,128,SHA384,5,ECDSA-Sig,Tunnel,True,3600,30,Strong,Weak DH group 5
5eeb43bc-736c-4f9d-b774-f55c52f930dc,IKEv1,Quick,3DES,112,SHA512,5,ECDSA-Sig,Tunnel,True,86400,90,Critical,Legacy IKEv1 used; Weak encryption 3DES; Weak DH group 5
363c6fe0-fdc5-4d9b-b3ad-47e8042d485e,IKEv2,Main,AES-256-GCM,256,SHA1,14,PSK,Tunnel,True,3600,27,Strong,Weak hash SHA1
79e06b06-61cf-4807-a96a-4822408b3d30,IKEv2,Main,3DES,112,SHA256,20,ECDSA-Sig,Transport,False,28800,65,Weak,Weak encryption 3DES; Perfect Forward Secrecy (PFS) is disabled
2dea7739-4fdf-42b5-b6e9-7773535e6716,IKEv2,Main,AES-256-CBC,256,SHA1,19,ECDSA-Sig,Tunnel,True,3600,26,Strong,Weak hash SHA1
0929dbbf-7878-4c6d-95b9-6e8ea7330a10,IKEv2,Main,AES-128-CBC,128,SHA1,2,RSA-Sig,Tunnel,False,28800,85,Critical,Weak hash SHA1; Weak DH group 2; Perfect Forward Secrecy (PFS) is disabled
4486f6f7-1190-444f-9204-e11de64edd5b,IKEv2,Main,AES-256-CBC,256,SHA512,21,PSK,Tunnel,False,3600,25,Strong,Perfect Forward Secrecy (PFS) is disabled
11029273-749a-47d9-addc-63c82fe47b4f,IKEv2,Main,DES,56,SHA1,2,PSK,Transport,False,86400,100,Critical,Weak encryption DES; Weak hash SHA1; Weak DH group 2; Perfect Forward Secrecy (PFS) is disabled
b7fcd041-eae6-4f25-abd5-ca92ec39153a,IKEv2,Main,ChaCha20-Poly1305,256,SHA512,5,PSK,Transport,True,3600,32,Strong,Weak DH group 5
132f1dc9-9a13-4c43-810d-f8c654f2b810,IKEv2,Main,ChaCha20-Poly1305,256,SHA384,14,ECDSA-Sig,Transport,True,3600,0,Low,None
37a6c70c-5def-4857-9d47-5d9a62fb9f69,IKEv1,Aggressive,AES-128-CBC,128,SHA512,19,PSK,Transport,True,3600,69,Weak,Legacy IKEv1 used; IKEv1 Aggressive mode vulnerable to offline dictionary attacks; PSK with Aggressive Mode is highly risky
14196aad-349c-4d52-b4f5-287680b3c899,IKEv1,Quick,3DES,112,SHA256,31,PSK,Transport,True,86400,58,Moderate,Legacy IKEv1 used; Weak encryption 3DES
830e9067-28f4-462f-bc50-35357f8d6250,IKEv2,Main,ChaCha20-Poly1305,256,SHA256,31,ECDSA-Sig,Tunnel,False,3600,18,Low,Perfect Forward Secrecy (PFS) is disabled
aa32a1c6-9ecb-4e4f-a605-35b9610812b6,IKEv1,Quick,AES-128-CBC,128,SHA512,19,PSK,Tunnel,True,86400,16,Low,Legacy IKEv1 used
80c44d60-33e0-4cbd-9aa6-5ff21d886417,IKEv1,Aggressive,AES-256-GCM,256,SHA1,19,PSK,Tunnel,False,3600,100,Critical,Legacy IKEv1 used; IKEv1 Aggressive mode vulnerable to offline dictionary attacks; Weak hash SHA1; PSK with Aggressive Mode is highly risky; Perfect Forward Secrecy (PFS) is disabled
3aef900d-5b19-4514-b989-8647197b5066,IKEv2,Main,AES-128-CBC,128,SHA384,5,ECDSA-Sig,Transport,True,28800,29,Strong,Weak DH group 5
370bdde1-1d84-4c25-8e94-5e48993c0ae6,IKEv1,Main,3DES,112,SHA512,31,PSK,Transport,True,86400,56,Moderate,Legacy IKEv1 used; Weak encryption 3DES
3b3fe023-b164-4291-ab4c-5fbd3dc31d5e,IKEv2,Main,3DES,112,SHA512,14,RSA-Sig,Transport,False,28800,55,Moderate,Weak encryption 3DES; Perfect Forward Secrecy (PFS) is disabled
978a4ee4-af32-4678-affb-3ab095c319af,IKEv1,Quick,AES-128-CBC,128,SHA1,31,ECDSA-Sig,Tunnel,False,86400,65,Weak,Legacy IKEv1 used; Weak hash SHA1; Perfect Forward Secrecy (PFS) is disabled
2f88e09d-135c-4610-b09c-ed189f29526c,IKEv2,Main,ChaCha20-Poly1305,256,SHA256,5,PSK,Tunnel,False,86400,51,Moderate,Weak DH group 5; Perfect Forward Secrecy (PFS) is disabled
643ebca5-107e-4a67-85e0-d2cd7e2ce33d,IKEv2,Main,AES-256-CBC,256,MD5,31,ECDSA-Sig,Tunnel,True,86400,32,Strong,Weak hash MD5
86d78a62-ba39-4399-8d3c-7a9abc2b1e62,IKEv2,Main,3DES,112,SHA256,19,RSA-Sig,Transport,True,28800,41,Moderate,Weak encryption 3DES
56d4167d-b9b1-4edf-975f-60f6d77acd37,IKEv2,Main,DES,56,SHA256,21,RSA-Sig,Transport,True,3600,37,Strong,Weak encryption DES
83b07c46-7012-4d07-93cc-8ffe7529039c,IKEv2,Main,3DES,112,SHA256,21,ECDSA-Sig,Tunnel,False,3600,61,Weak,Weak encryption 3DES; Perfect Forward Secrecy (PFS) is disabled
accdda7a-0a32-4f90-90db-15cc85047db4,IKEv2,Main,AES-128-CBC,128,SHA512,20,RSA-Sig,Transport,True,86400,2,Low,None
e3425816-fa48-4301-b158-74b438f74309,IKEv2,Main,3DES,112,SHA384,21,PSK,Transport,False,86400,61,Weak,Weak encryption 3DES; Perfect Forward Secrecy (PFS) is disabled
6eeb9e3a-b5ab-4f03-ac45-1465cac3ecbe,IKEv2,Main,AES-128-CBC,128,MD5,21,RSA-Sig,Transport,False,28800,50,Moderate,Weak hash MD5; Perfect Forward Secrecy (PFS) is disabled
3b06bf14-5ad6-4406-bc0d-5ed13b3d5987,IKEv2,Main,ChaCha20-Poly1305,256,SHA512,20,ECDSA-Sig,Transport,False,3600,23,Strong,Perfect Forward Secrecy (PFS) is disabled
70a67c10-9b7e-43e9-889f-7f81d015dc2c,IKEv1,Aggressive,3DES,112,SHA512,2,PSK,Tunnel,True,28800,100,Critical,Legacy IKEv1 used; IKEv1 Aggressive mode vulnerable to offline dictionary attacks; Weak encryption 3DES; Weak DH group 2; PSK with Aggressive Mode is highly risky
f78b365a-009d-4cc4-88bb-051f3503a78f,IKEv2,Main,AES-128-CBC,128,SHA256,20,ECDSA-Sig,Transport,True,3600,0,Low,None
8e88fbe4-ccc5-4f09-9759-85836093e533,IKEv1,Main,AES-256-GCM,256,SHA1,19,PSK,Transport,True,28800,52,Moderate,Legacy IKEv1 used; Weak hash SHA1
e64aad2b-c901-4a09-a110-6a794bf10055,IKEv2,Main,AES-256-CBC,256,SHA1,21,RSA-Sig,Tunnel,True,3600,34,Strong,Weak hash SHA1
90decae8-954a-4418-8e53-336c8a589933,IKEv1,Aggressive,AES-256-GCM,256,SHA256,21,PSK,Tunnel,True,86400,75,Weak,Legacy IKEv1 used; IKEv1 Aggressive mode vulnerable to offline dictionary attacks; PSK with Aggressive Mode is highly risky
2f4b7309-61f7-4961-93da-6102ccbeb15c,IKEv2,Main,DES,56,SHA512,21,PSK,Transport,True,86400,45,Moderate,Weak encryption DES
4f0e1d25-89b4-4af1-8dbb-344984e9d965,IKEv1,Main,3DES,112,MD5,31,PSK,Transport,True,28800,88,Critical,Legacy IKEv1 used; Weak encryption 3DES; Weak hash MD5
16b5e4e4-a5ea-4643-acb0-b17b365319e4,IKEv2,Main,ChaCha20-Poly1305,256,SHA1,5,PSK,Transport,False,28800,77,Weak,Weak hash SHA1; Weak DH group 5; Perfect Forward Secrecy (PFS) is disabled
6b0bc3c1-79c5-4741-a76d-f3db203077d2,IKEv2,Main,ChaCha20-Poly1305,256,SHA1,20,PSK,Tunnel,True,28800,32,Strong,Weak hash SHA1
67595fa5-7e0b-412f-8a74-5453ce42662d,IKEv2,Main,AES-128-CBC,128,MD5,19,RSA-Sig,Transport,False,28800,46,Moderate,Weak hash MD5; Perfect Forward Secrecy (PFS) is disabled
ef1eccbe-7d21-4253-aac8-05b9ec8f4ed3,IKEv2,Main,ChaCha20-Poly1305,256,SHA1,31,RSA-Sig,Tunnel,True,3600,25,Strong,Weak hash SHA1
cadad47b-ec2b-4ed5-a7c7-5dfbda896f02,IKEv1,Aggressive,DES,56,MD5,14,RSA-Sig,Tunnel,True,86400,100,Critical,Legacy IKEv1 used; IKEv1 Aggressive mode vulnerable to offline dictionary attacks; Weak encryption DES; Weak hash MD5
b04617af-5009-4ad5-9ec4-aef65fee2cd5,IKEv2,Main,AES-256-CBC,256,SHA256,20,ECDSA-Sig,Transport,False,3600,15,Low,Perfect Forward Secrecy (PFS) is disabled
44db71f8-1ae2-4bb7-8df4-fd9ddc4f46e2,IKEv2,Main,DES,56,SHA256,21,PSK,Tunnel,False,3600,60,Weak,Weak encryption DES; Perfect Forward Secrecy (PFS) is disabled
4d554e8d-c795-4992-ae65-b58bc2e48820,IKEv2,Main,AES-256-CBC,256,SHA512,14,ECDSA-Sig,Tunnel,True,86400,0,Low,None
463f287b-55b6-468a-ac66-10f19f66c576,IKEv2,Main,AES-256-GCM,256,SHA256,19,PSK,Tunnel,False,3600,16,Low,Perfect Forward Secrecy (PFS) is disabled
fd7a111a-3a9d-440d-82e0-9dc8b32b1a39,IKEv2,Main,AES-128-CBC,128,SHA1,14,RSA-Sig,Tunnel,True,86400,26,Strong,Weak hash SHA1
73293f96-ef30-4cc5-8785-b4e93845ddf4,IKEv2,Main,DES,56,MD5,1,PSK,Tunnel,True,86400,100,Critical,Weak encryption DES; Weak hash MD5; Weak DH group 1
0778e922-9d22-486b-b35b-ec6e64e36d5d,IKEv1,Quick,DES,56,SHA384,1,RSA-Sig,Tunnel,False,3600,100,Critical,Legacy IKEv1 used; Weak encryption DES; Weak DH group 1; Perfect Forward Secrecy (PFS) is disabled
2661b1cd-f1fb-4585-8cda-931c81f42fdd,IKEv1,Main,DES,56,MD5,19,RSA-Sig,Tunnel,True,3600,91,Critical,Legacy IKEv1 used; Weak encryption DES; Weak hash MD5
425f8b2c-e71b-4c63-a111-9c85de57c43d,IKEv2,Main,DES,56,SHA1,2,PSK,Tunnel,False,86400,100,Critical,Weak encryption DES; Weak hash SHA1; Weak DH group 2; Perfect Forward Secrecy (PFS) is disabled
7f15dcfc-7055-4452-a662-0cb380603e0b,IKEv1,Aggressive,3DES,112,MD5,21,RSA-Sig,Transport,True,28800,100,Critical,Legacy IKEv1 used; IKEv1 Aggressive mode vulnerable to offline dictionary attacks; Weak encryption 3DES; Weak hash MD5
cb9d633f-e566-4e04-82fe-0e2800d826bd,IKEv1,Aggressive,AES-256-GCM,256,MD5,5,RSA-Sig,Tunnel,True,3600,100,Critical,Legacy IKEv1 used; IKEv1 Aggressive mode vulnerable to offline dictionary attacks; Weak hash MD5; Weak DH group 5
2c444a4f-2dba-41e6-9fe5-3f16a6c9bb88,IKEv2,Main,AES-128-CBC,128,SHA1,20,PSK,Tunnel,True,3600,26,Strong,Weak hash SHA1
8ead99e3-ea16-4311-b31e-a95282f727ff,IKEv1,Quick,AES-256-CBC,256,SHA384,21,ECDSA-Sig,Transport,False,28800,40,Moderate,Legacy IKEv1 used; Perfect Forward Secrecy (PFS) is disabled
220e284c-dc2c-433f-bc35-f2903f286f28,IKEv2,Main,AES-256-GCM,256,MD5,20,PSK,Transport,False,86400,54,Moderate,Weak hash MD5; Perfect Forward Secrecy (PFS) is disabled
1d3f5ef8-13a2-4c42-81ac-a8a8ffada53c,IKEv2,Main,AES-256-GCM,256,SHA1,21,PSK,Tunnel,True,86400,34,Strong,Weak hash SHA1
03d552a1-0b62-4431-8259-b83e518bd77c,IKEv2,Main,DES,56,SHA1,2,RSA-Sig,Tunnel,False,86400,100,Critical,Weak encryption DES; Weak hash SHA1; Weak DH group 2; Perfect Forward Secrecy (PFS) is disabled
4d9d573b-f493-4056-9b52-c833276ae498,IKEv2,Main,ChaCha20-Poly1305,256,SHA256,31,ECDSA-Sig,Tunnel,False,28800,15,Low,Perfect Forward Secrecy (PFS) is disabled
729f8df8-4540-4d34-8e86-5ddf5bf23111,IKEv2,Main,ChaCha20-Poly1305,256,SHA1,19,RSA-Sig,Transport,True,3600,31,Strong,Weak hash SHA1
ee8b005d-ee04-4adc-a596-e07e5a3b0b53,IKEv2,Main,AES-128-CBC,128,SHA256,31,ECDSA-Sig,Transport,False,28800,25,Strong,Perfect Forward Secrecy (PFS) is disabled
7e285759-ab80-4152-a3e1-a75764300e61,IKEv2,Main,DES,56,SHA1,1,PSK,Transport,True,3600,97,Critical,Weak encryption DES; Weak hash SHA1; Weak DH group 1
33fd6345-0725-4a2e-8eca-aee1122ceac9,IKEv2,Main,AES-256-CBC,256,SHA384,14,ECDSA-Sig,Tunnel,False,28800,24,Strong,Perfect Forward Secrecy (PFS) is disabled
ec8ed224-c441-474b-bf23-a1b2288db38d,IKEv2,Main,AES-256-GCM,256,SHA1,14,RSA-Sig,Tunnel,False,3600,51,Moderate,Weak hash SHA1; Perfect Forward Secrecy (PFS) is disabled
a0ab98f6-196a-4e7c-b582-315c20b71716,IKEv2,Main,DES,56,SHA384,19,RSA-Sig,Tunnel,False,28800,57,Moderate,Weak encryption DES; Perfect Forward Secrecy (PFS) is disabled
c839411e-e845-45a1-a7ee-f426820177c0,IKEv2,Main,AES-256-GCM,256,SHA256,20,RSA-Sig,Transport,True,86400,0,Low,None
6e9ee729-9b1e-4eb5-b862-cbbcfb5c84c6,IKEv2,Main,AES-256-GCM,256,SHA512,1,RSA-Sig,Tunnel,False,28800,46,Moderate,Weak DH group 1; Perfect Forward Secrecy (PFS) is disabled
d321fb2e-5b16-4d99-800d-a8a246b18f51,IKEv2,Main,ChaCha20-Poly1305,256,SHA512,19,ECDSA-Sig,Tunnel,False,86400,20,Strong,Perfect Forward Secrecy (PFS) is disabled
937ca3f7-c4e6-4cc7-851b-e0ea68340d72,IKEv2,Main,3DES,112,SHA512,31,RSA-Sig,Transport,False,3600,58,Moderate,Weak encryption 3DES; Perfect Forward Secrecy (PFS) is disabled
b3f9724b-20ba-4c4c-92b3-2b03ee7ec2b1,IKEv2,Main,DES,56,SHA256,2,PSK,Transport,True,86400,68,Weak,Weak encryption DES; Weak DH group 2
80806385-c706-4267-8dea-dbb792387846,IKEv2,Main,AES-256-GCM,256,SHA512,21,PSK,Tunnel,True,86400,1,Low,None
e418e1ff-bcf7-4e0d-9f87-2f5428ca8525,IKEv1,Quick,3DES,112,SHA256,19,RSA-Sig,Tunnel,True,3600,63,Weak,Legacy IKEv1 used; Weak encryption 3DES
07d96648-9f4c-4c67-b42c-112c1d2687cf,IKEv2,Main,3DES,112,MD5,21,ECDSA-Sig,Tunnel,False,28800,93,Critical,Weak encryption 3DES; Weak hash MD5; Perfect Forward Secrecy (PFS) is disabled
6b3d745c-2b66-45e8-b5c1-49a2f13fca1b,IKEv2,Main,3DES,112,SHA512,19,PSK,Transport,False,28800,59,Moderate,Weak encryption 3DES; Perfect Forward Secrecy (PFS) is disabled
f757170b-fe2f-49fb-9ca1-a11d64383985,IKEv2,Main,DES,56,SHA384,1,RSA-Sig,Tunnel,True,28800,75,Weak,Weak encryption DES; Weak DH group 1
45fe8d6d-442f-4087-bfbd-bb45f667eaf1,IKEv1,Main,DES,56,SHA512,2,ECDSA-Sig,Transport,False,86400,100,Critical,Legacy IKEv1 used; Weak encryption DES; Weak DH group 2; Perfect Forward Secrecy (PFS) is disabled
a0befb51-325d-4f3a-ae93-611477bb3fa4,IKEv2,Main,AES-256-GCM,256,SHA512,5,RSA-Sig,Tunnel,True,28800,29,Strong,Weak DH group 5
f4f99ec3-8eab-4f7c-b216-08ee67723ce2,IKEv1,Quick,AES-128-CBC,128,SHA1,19,PSK,Tunnel,True,28800,48,Moderate,Legacy IKEv1 used; Weak hash SHA1
e8da849d-56d5-48ce-a6ca-9258c48a3c0d,IKEv2,Main,AES-128-CBC,128,SHA512,31,RSA-Sig,Transport,False,3600,16,Low,Perfect Forward Secrecy (PFS) is disabled
91b8762a-a407-40f9-adbf-af92bc2049b6,IKEv1,Aggressive,AES-256-GCM,256,SHA1,1,RSA-Sig,Tunnel,False,86400,100,Critical,Legacy IKEv1 used; IKEv1 Aggressive mode vulnerable to offline dictionary attacks; Weak hash SHA1; Weak DH group 1; Perfect Forward Secrecy (PFS) is disabled
5d580e19-fe75-4402-97ab-e0c3fb48433c,IKEv2,Main,ChaCha20-Poly1305,256,SHA384,20,ECDSA-Sig,Transport,False,3600,21,Strong,Perfect Forward Secrecy (PFS) is disabled
af773236-07aa-40b2-a617-b42ceba4e8ff,IKEv2,Main,AES-256-CBC,256,SHA1,19,PSK,Tunnel,True,3600,34,Strong,Weak hash SHA1
6c81559b-a213-4450-8d39-0bd9189ae7a8,IKEv2,Main,DES,56,SHA384,21,PSK,Tunnel,True,28800,43,Moderate,Weak encryption DES
c2ee6f11-97e5-4a78-ab08-be55ce05c1ee,IKEv2,Main,DES,56,MD5,31,ECDSA-Sig,Tunnel,False,28800,92,Critical,Weak encryption DES; Weak hash MD5; Perfect Forward Secrecy (PFS) is disabled
03fd8abd-4ab9-4aa5-bbc4-d49df60fcc98,IKEv1,Quick,AES-256-GCM,256,SHA256,14,RSA-Sig,Transport,False,3600,37,Strong,Legacy IKEv1 used; Perfect Forward Secrecy (PFS) is disabled
279be438-b201-4b0e-ac72-3e76f00562cb,IKEv2,Main,DES,56,SHA512,14,RSA-Sig,Transport,False,3600,55,Moderate,Weak encryption DES; Perfect Forward Secrecy (PFS) is disabled
a33a8fe5-f863-4b92-84b7-4fe896118096,IKEv2,Main,AES-128-CBC,128,MD5,1,PSK,Tunnel,False,3600,80,Critical,Weak hash MD5; Weak DH group 1; Perfect Forward Secrecy (PFS) is disabled
fab2eafa-c621-4d6a-be58-aa6b36d77096,IKEv2,Main,AES-256-GCM,256,SHA256,19,ECDSA-Sig,Tunnel,True,3600,0,Low,None
17c1139c-b7b1-4ded-b929-c7d6d4b07f5b,IKEv2,Main,AES-256-CBC,256,SHA512,19,PSK,Tunnel,True,86400,1,Low,None
0bc9b0f7-2ca7-4595-bb4f-f7a73e2241ab,IKEv2,Main,ChaCha20-Poly1305,256,SHA1,31,RSA-Sig,Transport,False,86400,46,Moderate,Weak hash SHA1; Perfect Forward Secrecy (PFS) is disabled
4d471518-bf53-44f9-8d6f-cdc66a6f3f6f,IKEv2,Main,AES-128-CBC,128,SHA384,31,RSA-Sig,Transport,True,86400,0,Low,None
ec3c06d5-1cb2-4bfe-af1e-502551552d78,IKEv2,Main,3DES,112,SHA512,19,RSA-Sig,Tunnel,True,86400,45,Moderate,Weak encryption 3DES
b2d30ff4-c58c-467f-9662-721b6e65f65a,IKEv2,Main,AES-128-CBC,128,SHA256,5,RSA-Sig,Transport,False,28800,55,Moderate,Weak DH group 5; Perfect Forward Secrecy (PFS) is disabled
74634ab9-fc33-4ae1-93f2-7011ba519344,IKEv2,Main,DES,56,SHA256,21,RSA-Sig,Transport,True,3600,44,Moderate,Weak encryption DES
8798ff39-75a0-4f30-a742-bbe193d00258,IKEv2,Main,ChaCha20-Poly1305,256,SHA384,1,ECDSA-Sig,Tunnel,True,3600,32,Strong,Weak DH group 1
df15afdb-4798-48c4-bb53-8dd2f3d7177c,IKEv2,Main,AES-256-GCM,256,SHA384,5,ECDSA-Sig,Tunnel,False,28800,48,Moderate,Weak DH group 5; Perfect Forward Secrecy (PFS) is disabled
da3fa32e-018a-4aab-a30e-dd07f3f43d93,IKEv2,Main,3DES,112,SHA384,31,RSA-Sig,Tunnel,True,28800,36,Strong,Weak encryption 3DES
522576d4-49bf-4479-bd5f-e609b4b19822,IKEv2,Main,ChaCha20-Poly1305,256,SHA384,14,ECDSA-Sig,Tunnel,False,28800,15,Low,Perfect Forward Secrecy (PFS) is disabled
461d4424-14a0-479d-ae51-8bccce6148c1,IKEv2,Main,ChaCha20-Poly1305,256,SHA1,21,ECDSA-Sig,Tunnel,False,3600,48,Moderate,Weak hash SHA1; Perfect Forward Secrecy (PFS) is disabled
3bd750f1-89d0-4e71-b79b-2be0fd78578b,IKEv2,Main,AES-128-CBC,128,SHA384,20,ECDSA-Sig,Transport,True,3600,0,Low,None
81ce44d7-3fcb-4916-8685-834757b12028,IKEv1,Quick,AES-256-CBC,256,MD5,31,PSK,Tunnel,False,86400,75,Weak,Legacy IKEv1 used; Weak hash MD5; Perfect Forward Secrecy (PFS) is disabled
6800ccd2-315a-4575-880e-4f4f7ef9aa34,IKEv2,Main,AES-256-GCM,256,SHA512,31,PSK,Transport,False,3600,19,Low,Perfect Forward Secrecy (PFS) is disabled
686f1144-6830-4cf6-9f7e-0525a59b3490,IKEv2,Main,AES-256-GCM,256,SHA384,2,RSA-Sig,Tunnel,False,3600,46,Moderate,Weak DH group 2; Perfect Forward Secrecy (PFS) is disabled
16994e3e-a5bc-4b3b-805d-81777f264f26,IKEv2,Main,AES-128-CBC,128,SHA384,14,ECDSA-Sig,Tunnel,False,86400,22,Strong,Perfect Forward Secrecy (PFS) is disabled
6c5c2480-d0a6-4f4a-9e09-cf0529b10ef2,IKEv2,Main,DES,56,SHA512,19,ECDSA-Sig,Transport,True,86400,36,Strong,Weak encryption DES
4fe9a169-065d-4bcd-9ab0-4544200c39c1,IKEv2,Main,AES-256-GCM,256,SHA384,19,ECDSA-Sig,Transport,False,86400,19,Low,Perfect Forward Secrecy (PFS) is disabled
562eaaf3-44b5-46cb-b286-525828198491,IKEv2,Main,AES-256-CBC,256,SHA384,14,ECDSA-Sig,Transport,True,3600,1,Low,None
e36734ef-c43b-4226-9416-d5611ce96cc7,IKEv1,Quick,ChaCha20-Poly1305,256,SHA512,2,ECDSA-Sig,Transport,True,28800,52,Moderate,Legacy IKEv1 used; Weak DH group 2
c00e718f-a3a3-4e0a-8f04-8ed6017b9f50,IKEv2,Main,DES,56,SHA1,19,ECDSA-Sig,Transport,True,3600,72,Weak,Weak encryption DES; Weak hash SHA1
407d6d76-a00c-407b-998d-d3fc4fe4b942,IKEv2,Main,3DES,112,SHA512,14,RSA-Sig,Transport,True,86400,45,Moderate,Weak encryption 3DES
61f7e678-2146-4310-bb0f-e93c0e289398,IKEv2,Main,ChaCha20-Poly1305,256,SHA384,5,ECDSA-Sig,Tunnel,False,86400,49,Moderate,Weak DH group 5; Perfect Forward Secrecy (PFS) is disabled
8e5c4d2b-d22d-47b3-90e1-4596d611ba49,IKEv1,Main,3DES,112,SHA256,19,PSK,Tunnel,True,86400,56,Moderate,Legacy IKEv1 used; Weak encryption 3DES
9c8c9410-cfe4-4378-bc68-13b09f55f66c,IKEv2,Main,AES-128-CBC,128,SHA1,21,PSK,Transport,False,3600,55,Moderate,Weak hash SHA1; Perfect Forward Secrecy (PFS) is disabled
0afb2cc6-cdcc-4542-99c8-041911da4497,IKEv1,Aggressive,AES-256-GCM,256,SHA1,5,ECDSA-Sig,Tunnel,True,86400,100,Critical,Legacy IKEv1 used; IKEv1 Aggressive mode vulnerable to offline dictionary attacks; Weak hash SHA1; Weak DH group 5
421793d0-7790-416e-9220-de7cbaa94c44,IKEv2,Main,AES-128-CBC,128,SHA1,2,PSK,Tunnel,True,86400,61,Weak,Weak hash SHA1; Weak DH group 2
56c8e437-5b9f-48fa-b0d0-d480bcb3fa43,IKEv1,Main,DES,56,MD5,1,RSA-Sig,Transport,False,3600,100,Critical,Legacy IKEv1 used; Weak encryption DES; Weak hash MD5; Weak DH group 1; Perfect Forward Secrecy (PFS) is disabled
919e79b8-c6c9-4f17-b672-5e9fa23ae8a4,IKEv2,Main,AES-256-CBC,256,SHA1,5,RSA-Sig,Tunnel,True,3600,60,Weak,Weak hash SHA1; Weak DH group 5
f7432165-580a-44f7-b4d9-4502e38990b1,IKEv2,Main,3DES,112,SHA256,5,ECDSA-Sig,Tunnel,False,3600,91,Critical,Weak encryption 3DES; Weak DH group 5; Perfect Forward Secrecy (PFS) is disabled
815d03d7-b21e-490d-a75c-0207ad464201,IKEv2,Main,AES-256-GCM,256,SHA256,21,RSA-Sig,Tunnel,True,3600,0,Low,None
ea637f73-e46f-44a0-a240-8869efc30b0e,IKEv1,Aggressive,3DES,112,SHA512,20,PSK,Tunnel,True,86400,100,Critical,Legacy IKEv1 used; IKEv1 Aggressive mode vulnerable to offline dictionary attacks; Weak encryption 3DES; PSK with Aggressive Mode is highly risky
f455af42-e7e7-45ce-ad7a-e9969c37dcfb,IKEv2,Main,3DES,112,SHA1,14,ECDSA-Sig,Tunnel,True,3600,72,Weak,Weak encryption 3DES; Weak hash SHA1
6da3e537-933f-4672-808d-d67e91e56065,IKEv1,Quick,3DES,112,SHA384,1,PSK,Transport,False,28800,100,Critical,Legacy IKEv1 used; Weak encryption 3DES; Weak DH group 1; Perfect Forward Secrecy (PFS) is disabled
31aa0b37-7b2f-44b3-b049-f3bf1db1d37e,IKEv2,Main,AES-128-CBC,128,MD5,2,ECDSA-Sig,Transport,True,28800,59,Moderate,Weak hash MD5; Weak DH group 2
0b83d7df-83fd-4d54-a679-5da9f596aec6,IKEv2,Main,AES-128-CBC,128,MD5,31,RSA-Sig,Tunnel,True,3600,32,Strong,Weak hash MD5
aaff97e5-7e2b-4b78-bacd-20c4f64b834b,IKEv2,Main,AES-256-CBC,256,SHA256,20,PSK,Transport,True,3600,2,Low,None
961a575c-758f-489c-b7ad-f3d7a1bf804e,IKEv2,Main,AES-256-GCM,256,MD5,2,RSA-Sig,Tunnel,True,86400,59,Moderate,Weak hash MD5; Weak DH group 2
f0cdc4a2-21e8-4723-8669-e543405fa3b2,IKEv2,Main,AES-256-GCM,256,SHA1,2,PSK,Tunnel,True,28800,58,Moderate,Weak hash SHA1; Weak DH group 2
05af0c3d-b97c-454b-bbf4-5edccaf742af,IKEv1,Quick,AES-256-CBC,256,SHA1,20,PSK,Transport,False,28800,69,Weak,Legacy IKEv1 used; Weak hash SHA1; Perfect Forward Secrecy (PFS) is disabled
fbdc43c1-235f-4399-87cf-728745258a03,IKEv1,Quick,AES-128-CBC,128,SHA256,5,RSA-Sig,Tunnel,False,3600,74,Weak,Legacy IKEv1 used; Weak DH group 5; Perfect Forward Secrecy (PFS) is disabled
8aebdc14-5b0e-4093-939d-accd840a08bc,IKEv2,Main,AES-128-CBC,128,SHA384,19,RSA-Sig,Transport,False,28800,15,Low,Perfect Forward Secrecy (PFS) is disabled
9cb2bc22-2a2f-4349-bc44-5d008544676f,IKEv2,Main,DES,56,MD5,31,ECDSA-Sig,Tunnel,True,86400,67,Weak,Weak encryption DES; Weak hash MD5
a9045cf4-5880-44bc-ab84-d597cae3ca7f,IKEv2,Main,DES,56,MD5,14,PSK,Tunnel,False,86400,95,Critical,Weak encryption DES; Weak hash MD5; Perfect Forward Secrecy (PFS) is disabled
1541ef49-ee9b-48e1-9c52-21a4479383d3,IKEv1,Quick,AES-256-CBC,256,SHA256,2,RSA-Sig,Transport,False,86400,66,Weak,Legacy IKEv1 used; Weak DH group 2; Perfect Forward Secrecy (PFS) is disabled
e0d2eaa4-3d80-451e-8ad9-33088c526d41,IKEv2,Main,3DES,112,SHA384,21,PSK,Tunnel,False,86400,56,Moderate,Weak encryption 3DES; Perfect Forward Secrecy (PFS) is disabled
4d3f696c-d375-4d7f-a914-50b5a8730a43,IKEv2,Main,AES-128-CBC,128,SHA1,20,RSA-Sig,Transport,False,28800,55,Moderate,Weak hash SHA1; Perfect Forward Secrecy (PFS) is disabled
7efd2a22-6f86-4410-82b4-bd3cf152375c,IKEv2,Main,AES-256-CBC,256,SHA256,2,ECDSA-Sig,Tunnel,False,86400,50,Moderate,Weak DH group 2; Perfect Forward Secrecy (PFS) is disabled
90d3dd0d-e318-4804-acf8-1dadad6c4521,IKEv2,Main,3DES,112,SHA256,14,PSK,Transport,False,86400,63,Weak,Weak encryption 3DES; Perfect Forward Secrecy (PFS) is disabled
62d3e96c-0c7a-4c76-8b2b-3c1c85b391f1,IKEv2,Main,DES,56,SHA256,14,RSA-Sig,Tunnel,True,3600,41,Moderate,Weak encryption DES
0e9ece06-5a8b-4213-96cd-a948879a1546,IKEv2,Main,AES-256-GCM,256,SHA384,20,ECDSA-Sig,Tunnel,False,28800,24,Strong,Perfect Forward Secrecy (PFS) is disabled
e4a19d8f-1c31-4757-bb46-4e2ba9b91fad,IKEv2,Main,AES-256-CBC,256,MD5,14,PSK,Tunnel,False,3600,48,Moderate,Weak hash MD5; Perfect Forward Secrecy (PFS) is disabled
feb816a2-a7bc-413a-bd9d-17b99253d59b,IKEv1,Main,AES-256-CBC,256,MD5,5,ECDSA-Sig,Transport,True,86400,83,Critical,Legacy IKEv1 used; Weak hash MD5; Weak DH group 5
df4a2011-b225-47ee-8cfb-ca57836d40ee,IKEv1,Main,DES,56,SHA384,2,RSA-Sig,Tunnel,True,28800,85,Critical,Legacy IKEv1 used; Weak encryption DES; Weak DH group 2
f0746f64-d5de-4c1f-989a-1580acc2d608,IKEv2,Main,AES-128-CBC,128,SHA256,21,RSA-Sig,Tunnel,False,28800,21,Strong,Perfect Forward Secrecy (PFS) is disabled
493adb00-afd5-4abf-aac1-ab32a14fe50a,IKEv2,Main,AES-128-CBC,128,SHA512,5,ECDSA-Sig,Transport,False,3600,53,Moderate,Weak DH group 5; Perfect Forward Secrecy (PFS) is disabled
9d16c3e2-efea-441c-9c84-8cc51a0fdc1d,IKEv2,Main,DES,56,SHA384,14,PSK,Tunnel,False,86400,61,Weak,Weak encryption DES; Perfect Forward Secrecy (PFS) is disabled
7b3c33a0-ca91-4c35-b696-2ce832e3fbda,IKEv2,Main,3DES,112,SHA256,19,RSA-Sig,Tunnel,True,86400,43,Moderate,Weak encryption 3DES
0f44952e-1aba-41fc-b758-9980d0410784,IKEv1,Aggressive,AES-256-GCM,256,SHA384,21,RSA-Sig,Tunnel,True,3600,55,Moderate,Legacy IKEv1 used; IKEv1 Aggressive mode vulnerable to offline dictionary attacks
621c6533-87e5-48e3-bef5-50cecf0bee28,IKEv2,Main,AES-256-GCM,256,MD5,5,PSK,Transport,True,86400,62,Weak,Weak hash MD5; Weak DH group 5
2d6b9998-35f5-4d29-a530-5fb8f9b8ba34,IKEv1,Main,AES-128-CBC,128,SHA256,5,RSA-Sig,Transport,False,28800,74,Weak,Legacy IKEv1 used; Weak DH group 5; Perfect Forward Secrecy (PFS) is disabled
4057d623-11d2-4346-acf9-8871f7cf33c4,IKEv2,Main,3DES,112,SHA256,1,RSA-Sig,Tunnel,True,3600,68,Weak,Weak encryption 3DES; Weak DH group 1
489bef43-a9fe-4cc7-a5c9-9335ce858c0e,IKEv2,Main,ChaCha20-Poly1305,256,SHA1,5,ECDSA-Sig,Tunnel,False,86400,82,Critical,Weak hash SHA1; Weak DH group 5; Perfect Forward Secrecy (PFS) is disabled
5babacd3-2208-48e2-977a-3298a2e17346,IKEv2,Main,ChaCha20-Poly1305,256,SHA1,14,RSA-Sig,Tunnel,False,3600,49,Moderate,Weak hash SHA1; Perfect Forward Secrecy (PFS) is disabled
e2417803-fa4d-4292-b8ce-725d91ed40e8,IKEv2,Main,AES-256-GCM,256,MD5,2,ECDSA-Sig,Transport,False,86400,76,Weak,Weak hash MD5; Weak DH group 2; Perfect Forward Secrecy (PFS) is disabled
e60202af-d08b-463c-ad44-d4a336c197a4,IKEv2,Main,3DES,112,SHA1,2,ECDSA-Sig,Transport,False,3600,100,Critical,Weak encryption 3DES; Weak hash SHA1; Weak DH group 2; Perfect Forward Secrecy (PFS) is disabled
184326e2-145b-4f1a-a6aa-6359ef83e583,IKEv2,Main,AES-256-GCM,256,SHA1,31,RSA-Sig,Transport,False,28800,45,Moderate,Weak hash SHA1; Perfect Forward Secrecy (PFS) is disabled
5f57bbfa-f58b-46a2-9740-4751bca30051,IKEv2,Main,AES-256-GCM,256,SHA512,1,RSA-Sig,Transport,True,86400,33,Strong,Weak DH group 1
537ebb53-20c9-4055-9d38-3cb3d6a015c3,IKEv2,Main,AES-128-CBC,128,SHA512,5,RSA-Sig,Transport,True,3600,34,Strong,Weak DH group 5
61ca6d78-148b-4ea1-a379-1707b2d31541,IKEv2,Main,3DES,112,SHA1,5,ECDSA-Sig,Tunnel,False,86400,100,Critical,Weak encryption 3DES; Weak hash SHA1; Weak DH group 5; Perfect Forward Secrecy (PFS) is disabled
84289cc1-5972-48b2-8fc3-5cafab22f061,IKEv2,Main,AES-128-CBC,128,MD5,21,ECDSA-Sig,Transport,True,3600,34,Strong,Weak hash MD5
0e74e507-bbd9-4a9c-ba6d-a8b062e75dae,IKEv1,Aggressive,AES-256-GCM,256,SHA1,21,ECDSA-Sig,Tunnel,True,3600,85,Critical,Legacy IKEv1 used; IKEv1 Aggressive mode vulnerable to offline dictionary attacks; Weak hash SHA1
00356015-d629-4674-9c9d-14e0abd719c0,IKEv1,Aggressive,AES-256-GCM,256,SHA512,19,RSA-Sig,Transport,False,28800,74,Weak,Legacy IKEv1 used; IKEv1 Aggressive mode vulnerable to offline dictionary attacks; Perfect Forward Secrecy (PFS) is disabled
f7209735-bfcd-4cb3-9abd-725998d18353,IKEv2,Main,AES-128-CBC,128,SHA1,2,ECDSA-Sig,Tunnel,False,28800,77,Weak,Weak hash SHA1; Weak DH group 2; Perfect Forward Secrecy (PFS) is disabled
a70cb5e2-6928-4abc-b0b5-86f82bc386be,IKEv1,Main,ChaCha20-Poly1305,256,MD5,5,PSK,Transport,False,3600,96,Critical,Legacy IKEv1 used; Weak hash MD5; Weak DH group 5; Perfect Forward Secrecy (PFS) is disabled
5ec704a2-bac3-4838-be9e-e23dd3960c4f,IKEv2,Main,AES-128-CBC,128,SHA256,21,RSA-Sig,Tunnel,True,86400,2,Low,None
cd46871e-2bc9-4b43-8391-7bf7bba48d89,IKEv2,Main,AES-256-GCM,256,SHA1,1,ECDSA-Sig,Tunnel,True,28800,57,Moderate,Weak hash SHA1; Weak DH group 1
899d595c-0bcb-4f45-99fa-68d0d02a9b41,IKEv2,Main,3DES,112,SHA256,20,RSA-Sig,Transport,False,3600,57,Moderate,Weak encryption 3DES; Perfect Forward Secrecy (PFS) is disabled
c7264ac1-f6ed-4a46-812c-8ac389909a25,IKEv2,Main,3DES,112,SHA384,14,ECDSA-Sig,Transport,True,86400,38,Strong,Weak encryption 3DES
8081bc66-7e24-4a03-95c8-5c95cd4e2f4b,IKEv1,Quick,DES,56,MD5,19,ECDSA-Sig,Transport,False,86400,100,Critical,Legacy IKEv1 used; Weak encryption DES; Weak hash MD5; Perfect Forward Secrecy (PFS) is disabled
70d9be7a-f8d7-4d31-a8ee-fa307cd5ed37,IKEv2,Main,AES-128-CBC,128,SHA384,21,PSK,Tunnel,True,28800,0,Low,None
e7323a55-f195-496b-9578-511b0d3066cc,IKEv2,Main,AES-256-GCM,256,MD5,14,ECDSA-Sig,Transport,False,86400,45,Moderate,Weak hash MD5; Perfect Forward Secrecy (PFS) is disabled
60d6a6a7-38cf-40a7-ba6a-88775c267386,IKEv2,Main,ChaCha20-Poly1305,256,SHA256,31,PSK,Tunnel,True,86400,1,Low,None
622c33f9-29bf-4bf3-9232-7ce8e126d463,IKEv2,Main,AES-256-CBC,256,SHA384,21,PSK,Transport,True,28800,0,Low,None
98d484ad-20a7-455c-a748-75a61676b2c5,IKEv2,Main,DES,56,SHA256,20,PSK,Transport,True,28800,45,Moderate,Weak encryption DES
f1a2cb42-925e-441d-b23c-150546186896,IKEv2,Main,AES-128-CBC,128,SHA1,19,PSK,Transport,True,86400,31,Strong,Weak hash SHA1
46b2c6f0-f54d-4b60-8d5f-0762dbf41c89,IKEv2,Main,AES-256-CBC,256,SHA384,20,PSK,Transport,False,28800,18,Low,Perfect Forward Secrecy (PFS) is disabled
5a7ef4ac-d227-45be-915a-2a25487fa119,IKEv2,Main,3DES,112,MD5,19,RSA-Sig,Tunnel,False,3600,95,Critical,Weak encryption 3DES; Weak hash MD5; Perfect Forward Secrecy (PFS) is disabled
b4546071-e341-4b2f-a608-e5e257604c40,IKEv2,Main,AES-256-GCM,256,SHA384,5,PSK,Tunnel,False,28800,47,Moderate,Weak DH group 5; Perfect Forward Secrecy (PFS) is disabled
e5a29a29-8032-4a9f-8ab9-1b1a384c8fae,IKEv2,Main,AES-128-CBC,128,MD5,19,ECDSA-Sig,Transport,False,86400,54,Moderate,Weak hash MD5; Perfect Forward Secrecy (PFS) is disabled
db9503df-ad6d-48e2-a289-d5875ba3536b,IKEv2,Main,DES,56,SHA512,14,RSA-Sig,Tunnel,False,28800,59,Moderate,Weak encryption DES; Perfect Forward Secrecy (PFS) is disabled
287f675f-0142-4e0b-86e1-5b99f96f91ae,IKEv2,Main,DES,56,SHA512,2,ECDSA-Sig,Transport,True,28800,70,Weak,Weak encryption DES; Weak DH group 2
4fbef662-e0a1-445f-b664-32d136a2a88a,IKEv2,Main,DES,56,SHA384,14,ECDSA-Sig,Tunnel,False,86400,56,Moderate,Weak encryption DES; Perfect Forward Secrecy (PFS) is disabled
46e83715-bb29-4f63-a069-0ae9ff5ac277,IKEv2,Main,ChaCha20-Poly1305,256,SHA1,20,ECDSA-Sig,Transport,False,3600,46,Moderate,Weak hash SHA1; Perfect Forward Secrecy (PFS) is disabled
e5c4680d-b812-4f2a-a6c4-62101ba4d9bf,IKEv2,Main,AES-256-CBC,256,SHA256,5,PSK,Tunnel,True,28800,31,Strong,Weak DH group 5
4fae1ce2-0c57-4f08-9be3-74dee5110b12,IKEv1,Quick,DES,56,SHA1,31,PSK,Tunnel,False,28800,100,Critical,Legacy IKEv1 used; Weak encryption DES; Weak hash SHA1; Perfect Forward Secrecy (PFS) is disabled
a037caa2-d218-4097-8358-1e1549d22216,IKEv2,Main,DES,56,SHA1,1,RSA-Sig,Tunnel,False,28800,100,Critical,Weak encryption DES; Weak hash SHA1; Weak DH group 1; Perfect Forward Secrecy (PFS) is disabled
b504f6e8-5444-4f26-9bac-5551766f822d,IKEv2,Main,AES-128-CBC,128,SHA384,20,ECDSA-Sig,Tunnel,False,28800,23,Strong,Perfect Forward Secrecy (PFS) is disabled
6dc79366-82df-40b5-a523-f39601300c40,IKEv2,Main,AES-256-GCM,256,SHA256,5,PSK,Tunnel,False,86400,50,Moderate,Weak DH group 5; Perfect Forward Secrecy (PFS) is disabled
2b31c19c-38a0-4093-a7e2-a72c730ab20c,IKEv2,Main,3DES,112,SHA256,1,ECDSA-Sig,Tunnel,False,28800,89,Critical,Weak encryption 3DES; Weak DH group 1; Perfect Forward Secrecy (PFS) is disabled
7a292cdc-8ae5-4be2-8944-7ff955f67c9a,IKEv1,Main,DES,56,MD5,31,RSA-Sig,Tunnel,False,3600,100,Critical,Legacy IKEv1 used; Weak encryption DES; Weak hash MD5; Perfect Forward Secrecy (PFS) is disabled
88d8277d-3c27-406c-b746-e8f49e2f7950,IKEv2,Main,AES-256-GCM,256,SHA384,31,RSA-Sig,Tunnel,False,86400,22,Strong,Perfect Forward Secrecy (PFS) is disabled
6703c92f-a0bf-495a-9b41-4c3d377864c1,IKEv2,Main,DES,56,SHA512,20,PSK,Transport,False,28800,55,Moderate,Weak encryption DES; Perfect Forward Secrecy (PFS) is disabled
5027591b-c03b-4d77-ba74-e6524331e741,IKEv2,Main,ChaCha20-Poly1305,256,SHA384,20,RSA-Sig,Transport,True,3600,4,Low,None
a0497f8a-b24b-4e77-9dd4-60cbf645f6fd,IKEv1,Aggressive,3DES,112,MD5,14,RSA-Sig,Tunnel,False,86400,100,Critical,Legacy IKEv1 used; IKEv1 Aggressive mode vulnerable to offline dictionary attacks; Weak encryption 3DES; Weak hash MD5; Perfect Forward Secrecy (PFS) is disabled
770c9608-8219-4bab-b5a9-e4ad4dbfc76d,IKEv1,Main,DES,56,SHA384,5,RSA-Sig,Tunnel,True,3600,93,Critical,Legacy IKEv1 used; Weak encryption DES; Weak DH group 5
3666b990-3115-4699-9ba4-b9471331d468,IKEv1,Quick,AES-128-CBC,128,SHA256,21,RSA-Sig,Tunnel,False,28800,41,Moderate,Legacy IKEv1 used; Perfect Forward Secrecy (PFS) is disabled
fc47b863-e090-440d-8d64-8b194d6cda20,IKEv2,Main,AES-128-CBC,128,SHA512,5,ECDSA-Sig,Transport,True,86400,26,Strong,Weak DH group 5
7316afa9-923e-4ea0-8717-a52b6f1766ea,IKEv2,Main,AES-256-GCM,256,SHA384,5,PSK,Tunnel,True,3600,31,Strong,Weak DH group 5
8a384624-d850-4497-af29-03f3a1dbf6e9,IKEv2,Main,AES-256-GCM,256,SHA256,14,PSK,Tunnel,True,3600,0,Low,None
53a587e6-3bb7-4cd6-ad0e-c5dd233d6182,IKEv2,Main,AES-256-GCM,256,SHA1,5,RSA-Sig,Tunnel,True,3600,57,Moderate,Weak hash SHA1; Weak DH group 5
91582028-35bd-44f1-9c72-f0828dd08ab6,IKEv1,Main,AES-256-GCM,256,SHA512,5,PSK,Transport,True,3600,54,Moderate,Legacy IKEv1 used; Weak DH group 5
324b074f-a420-425b-931e-b362b40f8299,IKEv2,Main,AES-256-CBC,256,MD5,20,ECDSA-Sig,Transport,True,3600,34,Strong,Weak hash MD5
8c9ca22d-016c-4a5e-b005-ea11b04174a4,IKEv2,Main,ChaCha20-Poly1305,256,SHA256,31,ECDSA-Sig,Transport,True,86400,4,Low,None
9c6ff8d4-f72d-4df7-99d8-95eea294aa0f,IKEv2,Main,DES,56,SHA512,1,PSK,Tunnel,True,3600,66,Weak,Weak encryption DES; Weak DH group 1
e31e5827-6644-432a-8976-bcb09d649f01,IKEv2,Main,AES-256-CBC,256,SHA256,21,PSK,Tunnel,False,28800,16,Low,Perfect Forward Secrecy (PFS) is disabled
f8e20796-bfc9-496b-aaf1-934100bace42,IKEv2,Main,AES-256-GCM,256,SHA256,2,ECDSA-Sig,Tunnel,True,86400,34,Strong,Weak DH group 2
6caba663-0443-4bfa-aadc-808fd766f891,IKEv2,Main,DES,56,SHA1,14,PSK,Transport,False,3600,86,Critical,Weak encryption DES; Weak hash SHA1; Perfect Forward Secrecy (PFS) is disabled
3d05ec2a-afda-420f-b568-dabd44ddb47f,IKEv2,Main,AES-256-CBC,256,SHA384,21,RSA-Sig,Transport,False,3600,19,Low,Perfect Forward Secrecy (PFS) is disabled
c97e85df-af7d-4cf7-9706-212e67611a18,IKEv2,Main,AES-256-CBC,256,SHA1,19,ECDSA-Sig,Tunnel,True,86400,33,Strong,Weak hash SHA1
5b4ecb35-ddbf-44b5-bec7-d6f7a6085fb0,IKEv2,Main,AES-256-GCM,256,SHA1,2,PSK,Tunnel,False,3600,80,Critical,Weak hash SHA1; Weak DH group 2; Perfect Forward Secrecy (PFS) is disabled
67cf718d-a693-4b06-af2b-92be85ea2785,IKEv2,Main,DES,56,SHA1,21,ECDSA-Sig,Tunnel,False,28800,91,Critical,Weak encryption DES; Weak hash SHA1; Perfect Forward Secrecy (PFS) is disabled
d05515d6-a256-412c-8c37-a8da445661fa,IKEv2,Main,3DES,112,MD5,20,PSK,Transport,False,86400,89,Critical,Weak encryption 3DES; Weak hash MD5; Perfect Forward Secrecy (PFS) is disabled
fca70877-c57d-4c79-aabc-3dce8e3706a0,IKEv2,Main,ChaCha20-Poly1305,256,SHA512,2,ECDSA-Sig,Tunnel,True,3600,31,Strong,Weak DH group 2
7f3f5039-86f5-483a-ab24-2e9c2294ce29,IKEv1,Quick,AES-256-GCM,256,SHA256,21,PSK,Tunnel,True,86400,25,Strong,Legacy IKEv1 used
63e505dc-c0f3-4239-91fd-5a7cee30dda3,IKEv2,Main,ChaCha20-Poly1305,256,SHA256,31,RSA-Sig,Tunnel,True,86400,2,Low,None
a122b74b-7223-4379-a3e7-4c3b36c95269,IKEv1,Quick,ChaCha20-Poly1305,256,SHA512,14,RSA-Sig,Tunnel,False,86400,44,Moderate,Legacy IKEv1 used; Perfect Forward Secrecy (PFS) is disabled
c73df1fb-2871-4574-8a3b-c598f1b5e682,IKEv1,Quick,AES-256-GCM,256,MD5,21,PSK,Transport,False,3600,74,Weak,Legacy IKEv1 used; Weak hash MD5; Perfect Forward Secrecy (PFS) is disabled
4ae2b77e-8dec-496e-b1f0-dfba19770437,IKEv1,Quick,AES-128-CBC,128,SHA384,14,RSA-Sig,Transport,True,28800,22,Strong,Legacy IKEv1 used
e4f37ee1-5a2c-476b-b3b6-e20bce6b787d,IKEv2,Main,AES-256-GCM,256,MD5,19,PSK,Transport,True,3600,25,Strong,Weak hash MD5
6cc44103-0de9-415f-8bab-db615abec00e,IKEv2,Main,AES-128-CBC,128,SHA1,19,ECDSA-Sig,Tunnel,True,28800,27,Strong,Weak hash SHA1
4c9ecc30-0029-418d-9868-20c18b89de9e,IKEv1,Quick,AES-256-GCM,256,SHA384,14,PSK,Transport,False,3600,39,Strong,Legacy IKEv1 used; Perfect Forward Secrecy (PFS) is disabled
20bbc119-ad91-41db-a943-1c608c43424c,IKEv2,Main,AES-256-CBC,256,SHA1,5,ECDSA-Sig,Tunnel,True,86400,61,Weak,Weak hash SHA1; Weak DH group 5
4db9b738-c1c0-40c3-836d-b7d1e3fe957c,IKEv1,Main,AES-256-GCM,256,SHA384,2,ECDSA-Sig,Transport,False,86400,67,Weak,Legacy IKEv1 used; Weak DH group 2; Perfect Forward Secrecy (PFS) is disabled
d23cc88f-6a46-43fe-9479-77fb91e47eec,IKEv1,Aggressive,ChaCha20-Poly1305,256,SHA512,20,RSA-Sig,Tunnel,False,28800,74,Weak,Legacy IKEv1 used; IKEv1 Aggressive mode vulnerable to offline dictionary attacks; Perfect Forward Secrecy (PFS) is disabled
265339a0-3b14-4102-b5a9-9d942967b33d,IKEv2,Main,ChaCha20-Poly1305,256,MD5,31,RSA-Sig,Tunnel,True,28800,34,Strong,Weak hash MD5
6f73a59e-8447-492d-aa1a-54ef45930c86,IKEv2,Main,AES-256-GCM,256,SHA512,19,RSA-Sig,Transport,False,86400,25,Strong,Perfect Forward Secrecy (PFS) is disabled
c0dd74a2-42f5-4a9e-835b-07ef7b7271fd,IKEv2,Main,AES-128-CBC,128,SHA512,5,ECDSA-Sig,Tunnel,False,3600,51,Moderate,Weak DH group 5; Perfect Forward Secrecy (PFS) is disabled
d18a4c39-11e9-4c3a-b729-f833edba2860,IKEv1,Aggressive,3DES,112,SHA256,14,PSK,Tunnel,True,86400,100,Critical,Legacy IKEv1 used; IKEv1 Aggressive mode vulnerable to offline dictionary attacks; Weak encryption 3DES; PSK with Aggressive Mode is highly risky
1105d293-cbed-4e15-a37d-842d26b59903,IKEv2,Main,AES-256-GCM,256,SHA512,5,ECDSA-Sig,Tunnel,True,3600,31,Strong,Weak DH group 5
1e06747c-7b05-45fb-960f-7557a1227b24,IKEv2,Main,3DES,112,SHA512,20,PSK,Tunnel,True,28800,40,Moderate,Weak encryption 3DES
1784f569-3a68-4145-b8aa-656b004336cf,IKEv2,Main,DES,56,MD5,31,RSA-Sig,Transport,False,3600,88,Critical,Weak encryption DES; Weak hash MD5; Perfect Forward Secrecy (PFS) is disabled
a37366ed-1d14-47a6-bb85-aaac01c5b958,IKEv2,Main,AES-256-GCM,256,SHA512,2,ECDSA-Sig,Transport,True,28800,25,Strong,Weak DH group 2
368ff7fd-7b09-44f3-bd0c-523a29d9eb19,IKEv2,Main,AES-256-CBC,256,SHA1,20,ECDSA-Sig,Transport,True,86400,32,Strong,Weak hash SHA1
7838f4c0-d9a5-475e-9dcd-3e808e327a23,IKEv2,Main,AES-256-GCM,256,SHA512,1,RSA-Sig,Transport,True,86400,29,Strong,Weak DH group 1
70bc2dd5-2448-4b53-bcc2-6128842a95ae,IKEv2,Main,AES-256-GCM,256,SHA512,19,ECDSA-Sig,Tunnel,True,28800,0,Low,None
5e9af33b-bf7c-49b1-9fdd-f0cec79c948b,IKEv2,Main,AES-256-CBC,256,SHA256,14,ECDSA-Sig,Tunnel,True,86400,0,Low,None
e93a5921-db5c-43f7-89b5-fc0a09addaee,IKEv2,Main,AES-128-CBC,128,SHA256,19,RSA-Sig,Tunnel,True,86400,0,Low,None
d76e9ad6-1bda-4dbd-8626-8415b5db4aeb,IKEv2,Main,AES-128-CBC,128,MD5,5,ECDSA-Sig,Transport,False,86400,79,Weak,Weak hash MD5; Weak DH group 5; Perfect Forward Secrecy (PFS) is disabled
0b5e6eed-c7ec-410b-8605-5b3bdbe01244,IKEv1,Quick,AES-128-CBC,128,SHA256,19,PSK,Transport,True,28800,19,Low,Legacy IKEv1 used
d172bff5-d442-45a4-b375-b7e57713252e,IKEv2,Main,3DES,112,MD5,21,ECDSA-Sig,Transport,False,3600,89,Critical,Weak encryption 3DES; Weak hash MD5; Perfect Forward Secrecy (PFS) is disabled
092d876f-be03-4070-b1fd-9e3907988e4e,IKEv1,Quick,AES-256-GCM,256,SHA1,21,RSA-Sig,Tunnel,True,86400,52,Moderate,Legacy IKEv1 used; Weak hash SHA1
3c8fe711-9f10-4f75-b043-004edd9446e1,IKEv1,Quick,DES,56,MD5,5,RSA-Sig,Transport,True,86400,100,Critical,Legacy IKEv1 used; Weak encryption DES; Weak hash MD5; Weak DH group 5
b3d1027d-e048-4381-81c6-8a7ff2710349,IKEv1,Main,AES-128-CBC,128,SHA512,31,ECDSA-Sig,Tunnel,True,86400,16,Low,Legacy IKEv1 used
164595a8-8568-4415-972a-2b3f06ccc72e,IKEv1,Quick,ChaCha20-Poly1305,256,SHA1,2,ECDSA-Sig,Tunnel,True,86400,78,Weak,Legacy IKEv1 used; Weak hash SHA1; Weak DH group 2
2fbf5195-5e31-4298-a338-661a3d9314dc,IKEv2,Main,AES-256-CBC,256,SHA256,19,PSK,Tunnel,True,28800,0,Low,None
3edcef9b-2681-44a2-af0c-34284bc1cd35,IKEv2,Main,AES-256-CBC,256,MD5,19,ECDSA-Sig,Transport,False,86400,49,Moderate,Weak hash MD5; Perfect Forward Secrecy (PFS) is disabled
73dd0411-b98c-4987-b491-1db856b5e92a,IKEv2,Main,AES-128-CBC,128,MD5,2,ECDSA-Sig,Transport,True,86400,62,Weak,Weak hash MD5; Weak DH group 2
a73f81e3-e68e-4e95-af6a-dc6eba8c82d0,IKEv1,Aggressive,AES-256-GCM,256,SHA512,21,ECDSA-Sig,Tunnel,True,3600,50,Moderate,Legacy IKEv1 used; IKEv1 Aggressive mode vulnerable to offline dictionary attacks
7e540ee7-86e8-4f92-9784-c0764b97757d,IKEv2,Main,AES-256-CBC,256,SHA256,31,RSA-Sig,Transport,True,3600,0,Low,None
0647df23-5c17-46f8-9523-368a931478ad,IKEv2,Main,AES-256-GCM,256,SHA256,5,ECDSA-Sig,Transport,False,28800,51,Moderate,Weak DH group 5; Perfect Forward Secrecy (PFS) is disabled
a43a9608-6aa9-425b-a930-18149d501cb5,IKEv1,Aggressive,DES,56,SHA384,20,PSK,Transport,True,28800,100,Critical,Legacy IKEv1 used; IKEv1 Aggressive mode vulnerable to offline dictionary attacks; Weak encryption DES; PSK with Aggressive Mode is highly risky
19bf4391-ae30-4eae-b253-4e5d5a9c7735,IKEv2,Main,DES,56,SHA512,1,ECDSA-Sig,Tunnel,False,28800,95,Critical,Weak encryption DES; Weak DH group 1; Perfect Forward Secrecy (PFS) is disabled
56db3b44-83fb-468d-b610-9d439bbdc907,IKEv2,Main,3DES,112,SHA1,5,PSK,Transport,True,86400,96,Critical,Weak encryption 3DES; Weak hash SHA1; Weak DH group 5
54053cc0-7308-4d5b-a300-bf25e01d47ea,IKEv1,Aggressive,AES-256-GCM,256,MD5,31,ECDSA-Sig,Transport,True,28800,78,Weak,Legacy IKEv1 used; IKEv1 Aggressive mode vulnerable to offline dictionary attacks; Weak hash MD5
7402a66b-af77-4919-8481-8c150f485984,IKEv2,Main,AES-256-GCM,256,SHA384,21,RSA-Sig,Tunnel,False,3600,22,Strong,Perfect Forward Secrecy (PFS) is disabled
e6b604b3-c568-459e-b16e-ac84d268fe6e,IKEv1,Quick,AES-128-CBC,128,SHA384,31,PSK,Tunnel,False,86400,38,Strong,Legacy IKEv1 used; Perfect Forward Secrecy (PFS) is disabled
bbf4eed6-056d-47fe-8c5b-648ec8d7758b,IKEv2,Main,DES,56,SHA512,14,ECDSA-Sig,Tunnel,True,28800,41,Moderate,Weak encryption DES
4cac7458-2566-4ecb-a8ff-395b544e6993,IKEv2,Main,3DES,112,MD5,20,PSK,Tunnel,False,86400,92,Critical,Weak encryption 3DES; Weak hash MD5; Perfect Forward Secrecy (PFS) is disabled
18da04f5-a7d9-4171-993f-8c4d42a487a2,IKEv2,Main,DES,56,MD5,20,RSA-Sig,Tunnel,False,28800,93,Critical,Weak encryption DES; Weak hash MD5; Perfect Forward Secrecy (PFS) is disabled
49a90cf4-168d-4c5b-9f4e-db81e9c50721,IKEv2,Main,ChaCha20-Poly1305,256,MD5,19,PSK,Transport,False,3600,50,Moderate,Weak hash MD5; Perfect Forward Secrecy (PFS) is disabled
7334ba8c-d017-4488-90f2-628e43bea7bf,IKEv2,Main,3DES,112,MD5,2,PSK,Tunnel,True,86400,95,Critical,Weak encryption 3DES; Weak hash MD5; Weak DH group 2
433731c3-4959-4e39-bc30-4ca3067e8420,IKEv1,Aggressive,AES-128-CBC,128,SHA1,14,PSK,Tunnel,False,86400,100,Critical,Legacy IKEv1 used; IKEv1 Aggressive mode vulnerable to offline dictionary attacks; Weak hash SHA1; PSK with Aggressive Mode is highly risky; Perfect Forward Secrecy (PFS) is disabled
7a9fb875-214b-48d5-bb67-fbf1baff4716,IKEv2,Main,ChaCha20-Poly1305,256,MD5,2,PSK,Tunnel,False,86400,77,Weak,Weak hash MD5; Weak DH group 2; Perfect Forward Secrecy (PFS) is disabled
601e54d8-0a39-4836-85b1-0287c18f4523,IKEv1,Main,AES-256-GCM,256,SHA384,20,RSA-Sig,Transport,True,3600,16,Low,Legacy IKEv1 used
86b640d5-3908-451c-ab02-3da5e618bd33,IKEv2,Main,3DES,112,MD5,2,ECDSA-Sig,Tunnel,False,28800,100,Critical,Weak encryption 3DES; Weak hash MD5; Weak DH group 2; Perfect Forward Secrecy (PFS) is disabled
94785bfd-d67f-45c4-8949-ee963e51766f,IKEv2,Main,AES-256-CBC,256,SHA1,14,PSK,Tunnel,False,28800,53,Moderate,Weak hash SHA1; Perfect Forward Secrecy (PFS) is disabled
4a1084e0-1f63-4738-b3e1-d84620e44130,IKEv2,Main,AES-128-CBC,128,SHA512,1,ECDSA-Sig,Tunnel,False,86400,51,Moderate,Weak DH group 1; Perfect Forward Secrecy (PFS) is disabled
d8a407a5-5230-4dd0-a1b7-3600cc1c5d0b,IKEv2,Main,ChaCha20-Poly1305,256,SHA384,2,ECDSA-Sig,Transport,True,86400,27,Strong,Weak DH group 2
93840a1a-6bd2-4e86-a5b4-695ed5ac64e6,IKEv1,Main,3DES,112,SHA384,31,PSK,Tunnel,False,28800,83,Critical,Legacy IKEv1 used; Weak encryption 3DES; Perfect Forward Secrecy (PFS) is disabled
661b7f63-ab86-4e2f-a821-4652d9eca789,IKEv2,Main,ChaCha20-Poly1305,256,SHA1,31,PSK,Transport,False,86400,54,Moderate,Weak hash SHA1; Perfect Forward Secrecy (PFS) is disabled
a67688b5-4022-45d0-b26d-2dd8cabe5329,IKEv2,Main,DES,56,SHA384,19,PSK,Transport,True,86400,35,Strong,Weak encryption DES
063a68a3-f1d3-43d9-9f22-8ab8afbe7023,IKEv1,Main,AES-256-GCM,256,SHA384,2,RSA-Sig,Transport,True,28800,47,Moderate,Legacy IKEv1 used; Weak DH group 2
573d28e9-1994-46f5-b118-76a6f356fa3d,IKEv2,Main,AES-128-CBC,128,SHA384,20,PSK,Transport,False,28800,18,Low,Perfect Forward Secrecy (PFS) is disabled
7fc6081b-06a0-4f38-b2f9-bb3e9ac4f3c2,IKEv2,Main,ChaCha20-Poly1305,256,SHA256,5,RSA-Sig,Tunnel,False,3600,48,Moderate,Weak DH group 5; Perfect Forward Secrecy (PFS) is disabled
447fc761-93b8-445e-ada8-65ab0893fa20,IKEv2,Main,AES-128-CBC,128,SHA1,14,RSA-Sig,Transport,True,28800,25,Strong,Weak hash SHA1
2f089ef8-2f4a-4522-b606-df3e006b11f2,IKEv2,Main,AES-256-GCM,256,SHA256,19,PSK,Transport,True,3600,0,Low,None
f4ce2d6f-174a-4871-bce2-df6145db84fc,IKEv2,Main,DES,56,SHA256,31,ECDSA-Sig,Tunnel,False,3600,55,Moderate,Weak encryption DES; Perfect Forward Secrecy (PFS) is disabled
cf3c874b-8578-45b8-b449-c5bb85624003,IKEv1,Aggressive,AES-256-GCM,256,SHA512,21,ECDSA-Sig,Tunnel,False,28800,72,Weak,Legacy IKEv1 used; IKEv1 Aggressive mode vulnerable to offline dictionary attacks; Perfect Forward Secrecy (PFS) is disabled
28ebabfb-770c-458f-8895-eb2d8f35c6c9,IKEv2,Main,AES-256-CBC,256,MD5,5,PSK,Transport,False,28800,75,Weak,Weak hash MD5; Weak DH group 5; Perfect Forward Secrecy (PFS) is disabled
f3f542c7-1645-4374-8e48-83474b1a2948,IKEv2,Main,AES-256-GCM,256,SHA384,1,ECDSA-Sig,Tunnel,True,28800,30,Strong,Weak DH group 1
899dbc34-6be0-4ef3-aca5-28f454e062c1,IKEv1,Main,AES-256-CBC,256,SHA512,1,ECDSA-Sig,Tunnel,False,86400,68,Weak,Legacy IKEv1 used; Weak DH group 1; Perfect Forward Secrecy (PFS) is disabled
5af51682-8a82-478e-8010-53065b97dea5,IKEv2,Main,DES,56,MD5,14,PSK,Transport,True,28800,69,Weak,Weak encryption DES; Weak hash MD5
15027e5d-38c8-462b-b0ca-707a51b90985,IKEv2,Main,AES-256-GCM,256,SHA256,20,ECDSA-Sig,Tunnel,True,86400,0,Low,None
b3511b8d-0d90-4019-b776-6a538157736d,IKEv2,Main,DES,56,SHA512,2,ECDSA-Sig,Tunnel,False,86400,92,Critical,Weak encryption DES; Weak DH group 2; Perfect Forward Secrecy (PFS) is disabled
21af55b4-b4de-4d61-951e-ac54ba4727b2,IKEv2,Main,AES-256-GCM,256,SHA256,31,RSA-Sig,Tunnel,True,3600,3,Low,None
ab51b8c0-9b64-4c3f-9ae1-7d06291a068f,IKEv2,Main,ChaCha20-Poly1305,256,SHA256,2,RSA-Sig,Tunnel,False,28800,51,Moderate,Weak DH group 2; Perfect Forward Secrecy (PFS) is disabled
39d377ab-1acf-4613-84ff-aab279daefd5,IKEv2,Main,DES,56,SHA512,14,ECDSA-Sig,Transport,True,3600,45,Moderate,Weak encryption DES
2d19c40f-0ed2-4fa7-a440-11f2ad72082b,IKEv2,Main,ChaCha20-Poly1305,256,SHA384,19,ECDSA-Sig,Transport,False,3600,16,Low,Perfect Forward Secrecy (PFS) is disabled
8c5d0cca-3df7-4ee6-aef7-b5a05ba24c2c,IKEv2,Main,ChaCha20-Poly1305,256,SHA512,2,ECDSA-Sig,Transport,True,86400,35,Strong,Weak DH group 2
60bfedb8-5470-4a18-ba44-2a0c86cabb6c,IKEv1,Main,AES-128-CBC,128,SHA1,19,RSA-Sig,Tunnel,True,28800,45,Moderate,Legacy IKEv1 used; Weak hash SHA1
fb250d8b-80df-4b8e-8387-72b3de9de798,IKEv2,Main,ChaCha20-Poly1305,256,SHA256,5,ECDSA-Sig,Tunnel,True,28800,28,Strong,Weak DH group 5
77bfd5d7-fce0-4756-a885-ea811a50e7b2,IKEv2,Main,3DES,112,MD5,31,ECDSA-Sig,Transport,True,3600,70,Weak,Weak encryption 3DES; Weak hash MD5
4d91fcbf-8852-4d69-b550-55bcf0768934,IKEv2,Main,3DES,112,SHA256,19,ECDSA-Sig,Tunnel,True,3600,42,Moderate,Weak encryption 3DES
e56faa37-dd77-4934-8e5c-ce4f5fca2b62,IKEv2,Main,3DES,112,SHA256,31,RSA-Sig,Transport,False,86400,64,Weak,Weak encryption 3DES; Perfect Forward Secrecy (PFS) is disabled
f5f18792-0cdb-46c6-85c0-0b67e0006c09,IKEv2,Main,AES-128-CBC,128,SHA512,19,RSA-Sig,Transport,True,3600,2,Low,None
8ebe3f74-a0ef-47c3-8da2-83e5bd7bd83d,IKEv1,Aggressive,3DES,112,SHA1,14,PSK,Transport,True,3600,100,Critical,Legacy IKEv1 used; IKEv1 Aggressive mode vulnerable to offline dictionary attacks; Weak encryption 3DES; Weak hash SHA1; PSK with Aggressive Mode is highly risky
af4ad4aa-0c79-497e-ba73-5802024f954d,IKEv2,Main,AES-256-GCM,256,MD5,20,PSK,Tunnel,True,86400,32,Strong,Weak hash MD5
a6dd5b2a-ac80-4de9-8017-a72ddf544df7,IKEv1,Quick,DES,56,MD5,14,ECDSA-Sig,Tunnel,False,86400,100,Critical,Legacy IKEv1 used; Weak encryption DES; Weak hash MD5; Perfect Forward Secrecy (PFS) is disabled
fc1ef56e-7a57-4fd5-b441-208ae3f4ba74,IKEv2,Main,DES,56,MD5,1,RSA-Sig,Transport,False,86400,100,Critical,Weak encryption DES; Weak hash MD5; Weak DH group 1; Perfect Forward Secrecy (PFS) is disabled
bcbdc3dc-987a-436b-8e67-62bc1686fe90,IKEv2,Main,AES-128-CBC,128,SHA384,21,RSA-Sig,Tunnel,True,86400,0,Low,None
340b3d2a-e40c-41af-aba8-ca4f9896be80,IKEv2,Main,DES,56,MD5,5,PSK,Tunnel,True,3600,100,Critical,Weak encryption DES; Weak hash MD5; Weak DH group 5
e5498488-7a87-4544-9a1e-78ebcbc8cfa6,IKEv2,Main,DES,56,MD5,2,ECDSA-Sig,Transport,True,3600,97,Critical,Weak encryption DES; Weak hash MD5; Weak DH group 2
0f04e5e6-143a-4ae6-a61b-c745d5f7dd6b,IKEv2,Main,DES,56,SHA1,5,RSA-Sig,Transport,True,86400,99,Critical,Weak encryption DES; Weak hash SHA1; Weak DH group 5
5c5c8a4e-7d72-4bf1-a7d9-d9ee3894ae41,IKEv2,Main,AES-128-CBC,128,SHA1,14,ECDSA-Sig,Transport,False,28800,46,Moderate,Weak hash SHA1; Perfect Forward Secrecy (PFS) is disabled
b762c927-fec4-426e-8feb-38e288a7633d,IKEv2,Main,AES-128-CBC,128,SHA384,1,RSA-Sig,Tunnel,True,28800,29,Strong,Weak DH group 1
361429a9-5977-4e77-b58b-b2a12349a204,IKEv2,Main,3DES,112,SHA256,20,RSA-Sig,Transport,False,3600,55,Moderate,Weak encryption 3DES; Perfect Forward Secrecy (PFS) is disabled
6916aa24-7358-4707-b882-0e6cb8d3262e,IKEv1,Quick,ChaCha20-Poly1305,256,SHA256,14,ECDSA-Sig,Transport,False,3600,41,Moderate,Legacy IKEv1 used; Perfect Forward Secrecy (PFS) is disabled
d430f8ba-f7fd-480a-b993-cb6ed4133f4c,IKEv2,Main,ChaCha20-Poly1305,256,SHA384,21,RSA-Sig,Tunnel,False,3600,15,Low,Perfect Forward Secrecy (PFS) is disabled
095c48dd-a272-48b6-844c-d0f557d91ac8,IKEv1,Aggressive,AES-256-GCM,256,SHA512,20,RSA-Sig,Transport,True,86400,47,Moderate,Legacy IKEv1 used; IKEv1 Aggressive mode vulnerable to offline dictionary attacks
24539a54-68f9-4425-8162-e12465c5bb07,IKEv2,Main,DES,56,SHA512,20,ECDSA-Sig,Transport,False,86400,64,Weak,Weak encryption DES; Perfect Forward Secrecy (PFS) is disabled
d8fcb508-3126-4217-af4a-878d3f3edda3,IKEv2,Main,ChaCha20-Poly1305,256,SHA384,14,RSA-Sig,Transport,False,3600,18,Low,Perfect Forward Secrecy (PFS) is disabled
f8b4a0a2-f2c5-4183-a1c1-ef90df946563,IKEv2,Main,AES-128-CBC,128,SHA1,14,RSA-Sig,Transport,False,28800,48,Moderate,Weak hash SHA1; Perfect Forward Secrecy (PFS) is disabled
7269976d-c73a-4154-a1c3-68ee0a453801,IKEv2,Main,AES-128-CBC,128,SHA1,19,PSK,Transport,True,86400,35,Strong,Weak hash SHA1
d1ad65f7-b9bf-40fc-a3fb-d796cca379b5,IKEv1,Aggressive,AES-128-CBC,128,SHA384,21,ECDSA-Sig,Tunnel,True,3600,48,Moderate,Legacy IKEv1 used; IKEv1 Aggressive mode vulnerable to offline dictionary attacks
75bae28b-57a4-4fcb-8d63-833ed40775e0,IKEv2,Main,ChaCha20-Poly1305,256,SHA1,21,PSK,Tunnel,True,86400,35,Strong,Weak hash SHA1
5e429bb6-611e-426b-966a-5c7d8b448ca9,IKEv2,Main,3DES,112,SHA384,21,PSK,Transport,True,86400,38,Strong,Weak encryption 3DES
858f321c-f793-4247-91f1-959153aef6bd,IKEv2,Main,AES-128-CBC,128,SHA256,1,ECDSA-Sig,Tunnel,False,3600,49,Moderate,Weak DH group 1; Perfect Forward Secrecy (PFS) is disabled
73db0779-233c-4e12-ad31-d358ad499cf3,IKEv1,Quick,ChaCha20-Poly1305,256,SHA1,1,ECDSA-Sig,Transport,True,3600,85,Critical,Legacy IKEv1 used; Weak hash SHA1; Weak DH group 1
d634a420-7e8c-42ad-9274-cb6e4cbcdf87,IKEv2,Main,AES-128-CBC,128,SHA512,31,RSA-Sig,Tunnel,False,28800,21,Strong,Perfect Forward Secrecy (PFS) is disabled
7630ac52-f89d-41da-a6a5-bc555176996d,IKEv2,Main,ChaCha20-Poly1305,256,SHA512,31,PSK,Transport,True,86400,3,Low,None
d5fbe6fe-9ec1-491f-8305-71d859182156,IKEv2,Main,AES-256-GCM,256,SHA512,19,RSA-Sig,Transport,True,28800,0,Low,None
3c317a4f-8158-48f1-b80c-71998633befc,IKEv1,Main,AES-256-CBC,256,SHA1,20,PSK,Transport,True,86400,55,Moderate,Legacy IKEv1 used; Weak hash SHA1
d1ff52f6-7ed5-4f3f-b3d1-3ece6497a825,IKEv2,Main,AES-256-CBC,256,SHA512,14,RSA-Sig,Tunnel,True,28800,0,Low,None
72f9c9f0-8de8-4fcf-9d1c-68a3e798fab6,IKEv2,Main,ChaCha20-Poly1305,256,SHA512,19,RSA-Sig,Transport,True,86400,2,Low,None
02ad9a86-20ac-4a72-b431-18c99c28e46f,IKEv2,Main,DES,56,SHA1,1,ECDSA-Sig,Transport,False,86400,100,Critical,Weak encryption DES; Weak hash SHA1; Weak DH group 1; Perfect Forward Secrecy (PFS) is disabled
9addfb76-7b3b-4133-a06a-2e65598c21d2,IKEv2,Main,3DES,112,SHA1,14,PSK,Tunnel,False,86400,95,Critical,Weak encryption 3DES; Weak hash SHA1; Perfect Forward Secrecy (PFS) is disabled
4b1c25f2-ffe6-478e-a4da-2e8f65b7e1ba,IKEv1,Main,AES-256-CBC,256,SHA512,31,RSA-Sig,Transport,False,3600,37,Strong,Legacy IKEv1 used; Perfect Forward Secrecy (PFS) is disabled
bfc6b27d-d706-4d66-9c11-c77c4bdb45c7,IKEv2,Main,ChaCha20-Poly1305,256,SHA512,19,PSK,Transport,False,28800,24,Strong,Perfect Forward Secrecy (PFS) is disabled
fa96da4c-654d-4be6-87b1-326fa07d7c75,IKEv2,Main,AES-256-GCM,256,SHA256,19,RSA-Sig,Transport,False,86400,15,Low,Perfect Forward Secrecy (PFS) is disabled
5c03a637-bd08-4d62-8edd-7138918783b1,IKEv1,Quick,AES-128-CBC,128,MD5,5,ECDSA-Sig,Transport,False,3600,98,Critical,Legacy IKEv1 used; Weak hash MD5; Weak DH group 5; Perfect Forward Secrecy (PFS) is disabled
c3cdb705-5c1c-47db-b16e-b6f92d24942a,IKEv2,Main,AES-128-CBC,128,SHA1,2,RSA-Sig,Tunnel,True,86400,59,Moderate,Weak hash SHA1; Weak DH group 2
a991abef-ab2c-4a56-8cb8-a879574414ce,IKEv2,Main,ChaCha20-Poly1305,256,SHA256,2,PSK,Transport,False,86400,54,Moderate,Weak DH group 2; Perfect Forward Secrecy (PFS) is disabled
dcddc44b-7d48-4555-94e2-78a2252585ff,IKEv2,Main,ChaCha20-Poly1305,256,SHA256,20,PSK,Tunnel,True,86400,0,Low,None
0928d09a-d2e8-4f30-a8c9-b2a5c4a08aea,IKEv2,Main,AES-256-GCM,256,MD5,2,PSK,Tunnel,True,3600,65,Weak,Weak hash MD5; Weak DH group 2
e208795c-7554-4f26-ab53-9064756f8910,IKEv2,Main,AES-256-CBC,256,MD5,19,PSK,Transport,True,86400,29,Strong,Weak hash MD5
af7662eb-c6be-4ece-a4e7-1bf158a30f60,IKEv1,Aggressive,DES,56,SHA256,21,RSA-Sig,Tunnel,False,3600,100,Critical,Legacy IKEv1 used; IKEv1 Aggressive mode vulnerable to offline dictionary attacks; Weak encryption DES; Perfect Forward Secrecy (PFS) is disabled
f8332154-2a6b-413f-8026-5a79af06c33a,IKEv1,Main,AES-128-CBC,128,SHA384,2,ECDSA-Sig,Tunnel,False,3600,71,Weak,Legacy IKEv1 used; Weak DH group 2; Perfect Forward Secrecy (PFS) is disabled
652682ad-3ebb-4e4d-a1a6-f56e2c670c63,IKEv1,Main,3DES,112,SHA1,5,RSA-Sig,Transport,True,86400,100,Critical,Legacy IKEv1 used; Weak encryption 3DES; Weak hash SHA1; Weak DH group 5
2a0261d0-7bc2-4da4-aeae-1317447de42f,IKEv1,Main,DES,56,SHA256,31,ECDSA-Sig,Transport,False,86400,82,Critical,Legacy IKEv1 used; Weak encryption DES; Perfect Forward Secrecy (PFS) is disabled
bd0c66db-e4d8-4431-a04a-b8205a8d4dfc,IKEv1,Quick,AES-128-CBC,128,MD5,2,ECDSA-Sig,Tunnel,True,86400,79,Weak,Legacy IKEv1 used; Weak hash MD5; Weak DH group 2
5d29d5d3-a960-4339-89e3-d10a61c9007a,IKEv2,Main,DES,56,MD5,20,RSA-Sig,Tunnel,True,3600,68,Weak,Weak encryption DES; Weak hash MD5
7e2ef00d-e0b4-4346-bf5d-f1bca8574dff,IKEv2,Main,AES-128-CBC,128,SHA1,1,PSK,Tunnel,True,86400,62,Weak,Weak hash SHA1; Weak DH group 1
932a9b0b-e8f2-4f2a-9173-39fffe8f5f08,IKEv1,Quick,3DES,112,MD5,14,RSA-Sig,Transport,True,28800,89,Critical,Legacy IKEv1 used; Weak encryption 3DES; Weak hash MD5
bcbd7241-c532-4814-9d3a-2cb07c1ba2fb,IKEv2,Main,AES-256-CBC,256,MD5,2,ECDSA-Sig,Tunnel,False,3600,85,Critical,Weak hash MD5; Weak DH group 2; Perfect Forward Secrecy (PFS) is disabled
1eae810b-ecd3-4e8b-b8df-38fbb1b16fe2,IKEv2,Main,AES-256-CBC,256,MD5,21,ECDSA-Sig,Transport,True,86400,33,Strong,Weak hash MD5
24207f99-c97b-4a41-9d6c-f31381cd7a35,IKEv1,Quick,DES,56,SHA512,14,PSK,Tunnel,False,28800,84,Critical,Legacy IKEv1 used; Weak encryption DES; Perfect Forward Secrecy (PFS) is disabled
4ca95cd7-829d-4f86-b8ce-3978c0ee0ace,IKEv2,Main,AES-256-CBC,256,MD5,20,RSA-Sig,Tunnel,False,3600,51,Moderate,Weak hash MD5; Perfect Forward Secrecy (PFS) is disabled
b69fbe69-b5c0-4236-ac7b-29768d406259,IKEv2,Main,3DES,112,MD5,20,RSA-Sig,Transport,False,86400,94,Critical,Weak encryption 3DES; Weak hash MD5; Perfect Forward Secrecy (PFS) is disabled
299f564d-6930-4268-b4a6-4879c1a9bdc3,IKEv2,Main,AES-256-CBC,256,SHA384,1,PSK,Tunnel,False,3600,46,Moderate,Weak DH group 1; Perfect Forward Secrecy (PFS) is disabled
2f3cfc83-4662-403e-954b-ec3e31023f32,IKEv2,Main,AES-256-CBC,256,SHA384,5,ECDSA-Sig,Transport,False,3600,45,Moderate,Weak DH group 5; Perfect Forward Secrecy (PFS) is disabled
e85c406f-b47d-47c7-a62b-837086a70c13,IKEv2,Main,3DES,112,SHA1,1,ECDSA-Sig,Transport,False,28800,100,Critical,Weak encryption 3DES; Weak hash SHA1; Weak DH group 1; Perfect Forward Secrecy (PFS) is disabled
6ff91009-00b3-4ae8-9aaa-803fd330505b,IKEv2,Main,AES-256-CBC,256,SHA512,19,RSA-Sig,Tunnel,True,28800,5,Low,None
2db95dfb-b333-4057-9ce9-e8f183cd125b,IKEv2,Main,AES-256-GCM,256,SHA512,2,RSA-Sig,Transport,True,3600,30,Strong,Weak DH group 2
fb7aa9ef-f241-424c-bcc0-cc1d2378230d,IKEv2,Main,ChaCha20-Poly1305,256,MD5,21,RSA-Sig,Transport,True,86400,33,Strong,Weak hash MD5
d9c0f264-a1ec-49cf-94ab-28c8064f27e1,IKEv1,Aggressive,ChaCha20-Poly1305,256,SHA512,21,PSK,Transport,False,28800,95,Critical,Legacy IKEv1 used; IKEv1 Aggressive mode vulnerable to offline dictionary attacks; PSK with Aggressive Mode is highly risky; Perfect Forward Secrecy (PFS) is disabled
f467126f-f90e-4de5-be4c-afec0518c7f0,IKEv1,Aggressive,3DES,112,SHA512,20,RSA-Sig,Transport,True,28800,94,Critical,Legacy IKEv1 used; IKEv1 Aggressive mode vulnerable to offline dictionary attacks; Weak encryption 3DES
4d771ed5-aa7d-435e-9ca4-ba739f029a44,IKEv1,Quick,DES,56,SHA384,19,ECDSA-Sig,Tunnel,False,86400,84,Critical,Legacy IKEv1 used; Weak encryption DES; Perfect Forward Secrecy (PFS) is disabled
e261f7f5-6907-4d7c-8e8d-ad45155c3f30,IKEv2,Main,3DES,112,SHA256,14,RSA-Sig,Transport,False,28800,59,Moderate,Weak encryption 3DES; Perfect Forward Secrecy (PFS) is disabled
161fbcd7-4363-4716-bd4c-3660f6ca3e35,IKEv2,Main,3DES,112,SHA384,31,ECDSA-Sig,Transport,False,28800,59,Moderate,Weak encryption 3DES; Perfect Forward Secrecy (PFS) is disabled
1e56da52-d9dd-49cf-89c2-4411b543cc4e,IKEv1,Main,DES,56,SHA256,20,ECDSA-Sig,Transport,True,86400,65,Weak,Legacy IKEv1 used; Weak encryption DES
b06a20a3-fb68-48d6-bc26-2a9c695aa019,IKEv1,Quick,ChaCha20-Poly1305,256,MD5,19,RSA-Sig,Tunnel,True,28800,46,Moderate,Legacy IKEv1 used; Weak hash MD5
4d3a2dc6-d266-4593-ab08-ae8d1749a5b6,IKEv2,Main,DES,56,SHA256,31,RSA-Sig,Transport,True,28800,42,Moderate,Weak encryption DES
2850855b-73c7-4948-b41e-8cc51788e256,IKEv2,Main,ChaCha20-Poly1305,256,SHA1,20,RSA-Sig,Transport,False,86400,46,Moderate,Weak hash SHA1; Perfect Forward Secrecy (PFS) is disabled
292dfad9-99f0-427c-9041-ef758baeb43a,IKEv2,Main,DES,56,SHA256,31,RSA-Sig,Tunnel,True,3600,40,Moderate,Weak encryption DES
9115591a-4584-4f61-b777-7988eaed9e97,IKEv2,Main,AES-256-GCM,256,MD5,20,ECDSA-Sig,Transport,False,3600,49,Moderate,Weak hash MD5; Perfect Forward Secrecy (PFS) is disabled
619ea6cb-4f08-4709-b8dd-98674a403c1b,IKEv2,Main,DES,56,SHA384,31,ECDSA-Sig,Transport,False,86400,65,Weak,Weak encryption DES; Perfect Forward Secrecy (PFS) is disabled
6a3af38b-0861-4eb6-ba04-68fc51f1a591,IKEv1,Quick,AES-256-CBC,256,SHA256,1,PSK,Transport,True,86400,50,Moderate,Legacy IKEv1 used; Weak DH group 1
26adfc3b-cbf6-4241-8563-bf7ac5eef74a,IKEv2,Main,3DES,112,SHA1,14,ECDSA-Sig,Transport,True,28800,69,Weak,Weak encryption 3DES; Weak hash SHA1
e16098a8-4a15-468c-8e07-d3528dad1d89,IKEv2,Main,AES-256-CBC,256,SHA512,20,PSK,Tunnel,False,28800,19,Low,Perfect Forward Secrecy (PFS) is disabled
ab509679-4dd5-4be8-a33b-a7c7120c253f,IKEv1,Quick,AES-128-CBC,128,SHA1,31,ECDSA-Sig,Transport,False,28800,75,Weak,Legacy IKEv1 used; Weak hash SHA1; Perfect Forward Secrecy (PFS) is disabled
fe82f666-a346-434d-b7c7-9ca6e7e691fc,IKEv2,Main,AES-256-GCM,256,SHA384,2,PSK,Tunnel,True,3600,35,Strong,Weak DH group 2
51ec7a68-eda3-4c0e-874a-e349a228b679,IKEv2,Main,AES-128-CBC,128,SHA512,21,ECDSA-Sig,Transport,False,3600,19,Low,Perfect Forward Secrecy (PFS) is disabled
d3ab9c1f-93da-4266-9918-b8ccb5f35160,IKEv1,Quick,AES-256-GCM,256,SHA1,2,PSK,Tunnel,False,28800,98,Critical,Legacy IKEv1 used; Weak hash SHA1; Weak DH group 2; Perfect Forward Secrecy (PFS) is disabled
74471e11-a4bf-41ae-9f6d-e0b0862f3dfd,IKEv2,Main,AES-128-CBC,128,SHA384,21,PSK,Transport,True,28800,0,Low,None
28ffe286-72ea-4b8b-b2cf-3a9bf8690bc1,IKEv2,Main,DES,56,SHA512,5,PSK,Tunnel,True,3600,73,Weak,Weak encryption DES; Weak DH group 5
1e2eb8ad-190b-43bf-aab4-6f3e8b57f09e,IKEv2,Main,DES,56,SHA512,20,ECDSA-Sig,Tunnel,False,3600,58,Moderate,Weak encryption DES; Perfect Forward Secrecy (PFS) is disabled
db3727f5-78fd-4b5d-91bb-9847c203d464,IKEv1,Aggressive,ChaCha20-Poly1305,256,MD5,20,ECDSA-Sig,Tunnel,False,3600,95,Critical,Legacy IKEv1 used; IKEv1 Aggressive mode vulnerable to offline dictionary attacks; Weak hash MD5; Perfect Forward Secrecy (PFS) is disabled
9007d0f1-9c3a-4404-afd9-8693f5ac55f5,IKEv1,Quick,AES-128-CBC,128,SHA1,20,PSK,Tunnel,False,86400,74,Weak,Legacy IKEv1 used; Weak hash SHA1; Perfect Forward Secrecy (PFS) is disabled
85a9c565-5b30-44a9-a9d3-bee28773da51,IKEv2,Main,AES-256-GCM,256,SHA1,31,PSK,Tunnel,False,28800,51,Moderate,Weak hash SHA1; Perfect Forward Secrecy (PFS) is disabled
c69d62bb-9731-4df5-8e2f-28fa8124b802,IKEv2,Main,AES-128-CBC,128,SHA256,2,ECDSA-Sig,Transport,True,86400,35,Strong,Weak DH group 2
58b4a5f5-2822-4f15-a885-74d641214b7c,IKEv1,Main,AES-256-GCM,256,SHA256,19,RSA-Sig,Tunnel,True,3600,20,Strong,Legacy IKEv1 used
eaedeb41-45d6-4ea9-94f4-3051065eaef6,IKEv2,Main,DES,56,SHA512,20,RSA-Sig,Tunnel,False,3600,65,Weak,Weak encryption DES; Perfect Forward Secrecy (PFS) is disabled
c90ff816-9a77-4f75-8bcd-5c4194ace30d,IKEv1,Main,AES-256-GCM,256,SHA1,31,RSA-Sig,Transport,True,3600,47,Moderate,Legacy IKEv1 used; Weak hash SHA1
cdc83313-97f5-48e6-93bc-7ba172c1745f,IKEv2,Main,AES-128-CBC,128,SHA256,1,RSA-Sig,Tunnel,True,3600,25,Strong,Weak DH group 1
98bfecac-cc40-4fe3-8784-6a41fa27eabd,IKEv1,Main,ChaCha20-Poly1305,256,SHA1,2,RSA-Sig,Tunnel,True,3600,85,Critical,Legacy IKEv1 used; Weak hash SHA1; Weak DH group 2
43af059b-c0c0-4181-a9f5-956212676e12,IKEv2,Main,ChaCha20-Poly1305,256,SHA1,31,RSA-Sig,Transport,False,86400,52,Moderate,Weak hash SHA1; Perfect Forward Secrecy (PFS) is disabled
6cc8c0f9-08ff-490b-9a1f-dee8949b0542,IKEv2,Main,ChaCha20-Poly1305,256,MD5,19,PSK,Tunnel,False,28800,49,Moderate,Weak hash MD5; Perfect Forward Secrecy (PFS) is disabled
9a71755f-63ac-4028-b5fd-01ba66840564,IKEv2,Main,ChaCha20-Poly1305,256,MD5,19,ECDSA-Sig,Tunnel,False,28800,49,Moderate,Weak hash MD5; Perfect Forward Secrecy (PFS) is disabled
18634b94-9230-46ec-ae05-5f87b7c1dd39,IKEv2,Main,AES-256-GCM,256,SHA1,20,PSK,Tunnel,True,28800,31,Strong,Weak hash SHA1
7ae55a7e-a8b3-4dc6-8861-95f29ab49898,IKEv2,Main,AES-128-CBC,128,MD5,21,RSA-Sig,Tunnel,True,3600,31,Strong,Weak hash MD5
a9048c78-439e-4ce7-b215-34c4f79545d8,IKEv2,Main,AES-256-CBC,256,SHA1,19,ECDSA-Sig,Tunnel,True,3600,31,Strong,Weak hash SHA1
5a878f87-ccf1-4531-9c1f-8c81272e455a,IKEv2,Main,AES-256-GCM,256,SHA384,21,PSK,Transport,True,86400,0,Low,None
56cb43f7-533d-49cc-ba34-f04cfef5ec75,IKEv2,Main,AES-256-GCM,256,SHA1,2,RSA-Sig,Transport,True,86400,64,Weak,Weak hash SHA1; Weak DH group 2
75e35af8-02f1-4981-9abc-ec35815339f8,IKEv2,Main,ChaCha20-Poly1305,256,MD5,14,ECDSA-Sig,Tunnel,False,28800,54,Moderate,Weak hash MD5; Perfect Forward Secrecy (PFS) is disabled
e6acd8cb-2d88-43cf-853d-177fb4ac17e1,IKEv2,Main,ChaCha20-Poly1305,256,MD5,21,PSK,Tunnel,False,86400,48,Moderate,Weak hash MD5; Perfect Forward Secrecy (PFS) is disabled
79bb22d4-5c90-4403-99ba-de467168f6ba,IKEv1,Main,DES,56,MD5,2,ECDSA-Sig,Tunnel,False,86400,100,Critical,Legacy IKEv1 used; Weak encryption DES; Weak hash MD5; Weak DH group 2; Perfect Forward Secrecy (PFS) is disabled
3608c776-1cd1-4dd5-ac00-dce1e07a7f5f,IKEv2,Main,ChaCha20-Poly1305,256,SHA512,2,PSK,Tunnel,False,3600,48,Moderate,Weak DH group 2; Perfect Forward Secrecy (PFS) is disabled
b4885280-7bd2-44d2-9c09-988f18732af9,IKEv2,Main,ChaCha20-Poly1305,256,SHA1,20,ECDSA-Sig,Transport,True,86400,35,Strong,Weak hash SHA1
e015726f-88ca-4c90-92f3-52c51071ca58,IKEv2,Main,3DES,112,SHA384,2,RSA-Sig,Transport,False,3600,93,Critical,Weak encryption 3DES; Weak DH group 2; Perfect Forward Secrecy (PFS) is disabled
8b95bb13-3eae-473d-8d2b-93f5f8a514c4,IKEv2,Main,ChaCha20-Poly1305,256,SHA384,21,ECDSA-Sig,Tunnel,False,3600,25,Strong,Perfect Forward Secrecy (PFS) is disabled
ae47855f-c633-4c10-8cc1-62ab7774f81c,IKEv1,Main,AES-256-CBC,256,SHA1,20,PSK,Tunnel,True,3600,52,Moderate,Legacy IKEv1 used; Weak hash SHA1
7ec339e7-0a36-4d6e-9004-9ae769c80ea1,IKEv2,Main,AES-256-CBC,256,SHA384,21,RSA-Sig,Tunnel,False,86400,25,Strong,Perfect Forward Secrecy (PFS) is disabled
28bed5fc-92ff-4db7-8524-628f8da8a96b,IKEv2,Main,AES-256-CBC,256,MD5,2,PSK,Tunnel,True,86400,60,Weak,Weak hash MD5; Weak DH group 2
80fb7d67-8920-4b0c-9a57-77c4b6b0dde1,IKEv2,Main,AES-128-CBC,128,MD5,14,PSK,Transport,False,86400,53,Moderate,Weak hash MD5; Perfect Forward Secrecy (PFS) is disabled
82a93562-d84e-46b5-a424-a6af1ea54646,IKEv2,Main,AES-128-CBC,128,MD5,21,PSK,Tunnel,True,3600,29,Strong,Weak hash MD5
2ed0d900-2381-4a82-9412-0424f2fa0929,IKEv2,Main,ChaCha20-Poly1305,256,SHA1,5,PSK,Transport,True,86400,57,Moderate,Weak hash SHA1; Weak DH group 5
b5642128-3660-4899-b4a9-e98f88f76262,IKEv2,Main,AES-256-CBC,256,SHA1,2,RSA-Sig,Transport,True,28800,65,Weak,Weak hash SHA1; Weak DH group 2
747e0465-976c-46c5-9216-d0ae31eae95d,IKEv2,Main,ChaCha20-Poly1305,256,MD5,21,RSA-Sig,Tunnel,False,3600,53,Moderate,Weak hash MD5; Perfect Forward Secrecy (PFS) is disabled
a43232d4-e2b2-45e0-905c-7d21309f162b,IKEv1,Quick,ChaCha20-Poly1305,256,SHA384,20,PSK,Tunnel,True,3600,17,Low,Legacy IKEv1 used
ca5654ad-ed60-4925-ac8f-ec86ce7e8aca,IKEv1,Quick,AES-256-GCM,256,SHA1,14,RSA-Sig,Tunnel,False,3600,69,Weak,Legacy IKEv1 used; Weak hash SHA1; Perfect Forward Secrecy (PFS) is disabled
3a074380-eb40-4196-8472-171e7997c664,IKEv2,Main,ChaCha20-Poly1305,256,SHA512,20,RSA-Sig,Tunnel,False,28800,16,Low,Perfect Forward Secrecy (PFS) is disabled
c745aff7-642c-49ea-b279-fb12f3c58611,IKEv2,Main,3DES,112,MD5,20,ECDSA-Sig,Tunnel,True,86400,72,Weak,Weak encryption 3DES; Weak hash MD5
65fb412f-93f3-409b-b46b-3234d5814c95,IKEv2,Main,ChaCha20-Poly1305,256,MD5,31,PSK,Tunnel,True,86400,27,Strong,Weak hash MD5
1e8b0a8c-7f2c-4fda-8a5e-486705e355a8,IKEv2,Main,AES-128-CBC,128,SHA256,31,PSK,Tunnel,False,28800,19,Low,Perfect Forward Secrecy (PFS) is disabled
d42b5a7b-2f43-4ff5-8eb0-a15c448c40bd,IKEv1,Aggressive,AES-256-CBC,256,MD5,21,ECDSA-Sig,Tunnel,False,28800,100,Critical,Legacy IKEv1 used; IKEv1 Aggressive mode vulnerable to offline dictionary attacks; Weak hash MD5; Perfect Forward Secrecy (PFS) is disabled
25c21b4d-5a77-4bb6-89c7-912c532fb27b,IKEv2,Main,DES,56,SHA384,2,RSA-Sig,Transport,True,3600,67,Weak,Weak encryption DES; Weak DH group 2
079f3366-404e-4230-a945-3b70271591ef,IKEv2,Main,AES-128-CBC,128,SHA512,5,RSA-Sig,Transport,True,3600,35,Strong,Weak DH group 5
22432358-cce3-4c6a-b764-f0f18365ffd0,IKEv1,Aggressive,3DES,112,MD5,31,ECDSA-Sig,Transport,False,28800,100,Critical,Legacy IKEv1 used; IKEv1 Aggressive mode vulnerable to offline dictionary attacks; Weak encryption 3DES; Weak hash MD5; Perfect Forward Secrecy (PFS) is disabled
7f0e75b9-4eb5-4258-a51e-ffb0357399e6,IKEv1,Quick,DES,56,MD5,14,PSK,Tunnel,True,28800,95,Critical,Legacy IKEv1 used; Weak encryption DES; Weak hash MD5
3f23a449-2104-40ee-8ae8-cd47c897cecf,IKEv2,Main,AES-256-GCM,256,SHA512,14,RSA-Sig,Tunnel,True,28800,0,Low,None
2adcac27-51bc-48f3-b93c-a1d9acbe2f4b,IKEv2,Main,AES-256-CBC,256,SHA1,31,PSK,Tunnel,False,86400,48,Moderate,Weak hash SHA1; Perfect Forward Secrecy (PFS) is disabled
0ae0cd5b-6e52-4a61-b058-1444263eb4f2,IKEv2,Main,AES-128-CBC,128,SHA1,2,PSK,Transport,True,28800,60,Weak,Weak hash SHA1; Weak DH group 2
5ceaa720-85dd-4cc6-9b79-068f47e1cab5,IKEv2,Main,AES-128-CBC,128,SHA384,20,RSA-Sig,Tunnel,False,28800,18,Low,Perfect Forward Secrecy (PFS) is disabled
8732ff7e-aa1e-454d-91db-4d446b01572b,IKEv2,Main,ChaCha20-Poly1305,256,SHA512,20,ECDSA-Sig,Tunnel,True,28800,0,Low,None
8c4a247b-1848-4729-8528-45a4b81ad126,IKEv2,Main,AES-128-CBC,128,MD5,21,ECDSA-Sig,Tunnel,False,86400,51,Moderate,Weak hash MD5; Perfect Forward Secrecy (PFS) is disabled
288f5ee3-8acd-45cc-b669-b1672e57f7b6,IKEv2,Main,DES,56,SHA1,1,ECDSA-Sig,Transport,True,3600,100,Critical,Weak encryption DES; Weak hash SHA1; Weak DH group 1
ee8ab193-9f0c-433f-85f7-f2448fde9589,IKEv2,Main,AES-256-CBC,256,SHA1,1,ECDSA-Sig,Transport,True,86400,60,Weak,Weak hash SHA1; Weak DH group 1
b7914c66-0d83-4f60-afe4-87c4ef8a001f,IKEv1,Quick,AES-128-CBC,128,SHA1,1,RSA-Sig,Tunnel,False,28800,99,Critical,Legacy IKEv1 used; Weak hash SHA1; Weak DH group 1; Perfect Forward Secrecy (PFS) is disabled
43c4c394-ce54-45a0-a366-5d240cf6b5d0,IKEv1,Aggressive,3DES,112,SHA1,14,RSA-Sig,Tunnel,False,86400,100,Critical,Legacy IKEv1 used; IKEv1 Aggressive mode vulnerable to offline dictionary attacks; Weak encryption 3DES; Weak hash SHA1; Perfect Forward Secrecy (PFS) is disabled
21cff360-33fb-409f-bbe4-68f696b997f3,IKEv2,Main,DES,56,SHA256,2,ECDSA-Sig,Tunnel,False,86400,89,Critical,Weak encryption DES; Weak DH group 2; Perfect Forward Secrecy (PFS) is disabled
19089dd9-b51f-4590-936f-47ffe003755a,IKEv1,Main,AES-128-CBC,128,SHA512,14,RSA-Sig,Tunnel,False,28800,42,Moderate,Legacy IKEv1 used; Perfect Forward Secrecy (PFS) is disabled
2c55010b-42d9-486c-9fe2-2548b93be591,IKEv2,Main,AES-256-CBC,256,SHA1,31,RSA-Sig,Transport,True,3600,26,Strong,Weak hash SHA1
d01be5ab-de0c-4e3b-9bc8-fa0e9cfcc75c,IKEv2,Main,AES-128-CBC,128,SHA512,31,ECDSA-Sig,Tunnel,False,86400,22,Strong,Perfect Forward Secrecy (PFS) is disabled
50be23a3-b6cd-4457-a03a-c060f1534f73,IKEv1,Aggressive,AES-256-GCM,256,MD5,1,RSA-Sig,Tunnel,True,28800,100,Critical,Legacy IKEv1 used; IKEv1 Aggressive mode vulnerable to offline dictionary attacks; Weak hash MD5; Weak DH group 1
d22fc59a-6e0e-4f3a-9cba-5b89c767c037,IKEv2,Main,ChaCha20-Poly1305,256,SHA1,20,RSA-Sig,Tunnel,True,28800,35,Strong,Weak hash SHA1
ecbcccbf-430c-4d1f-bde2-df4f81bb103e,IKEv1,Main,AES-256-GCM,256,SHA1,1,ECDSA-Sig,Tunnel,False,86400,100,Critical,Legacy IKEv1 used; Weak hash SHA1; Weak DH group 1; Perfect Forward Secrecy (PFS) is disabled
8b6c1407-13d3-4161-8fa3-d9b3e2f3a3c8,IKEv2,Main,AES-128-CBC,128,SHA512,19,ECDSA-Sig,Transport,False,86400,24,Strong,Perfect Forward Secrecy (PFS) is disabled
f5e1f3be-04f5-4981-a18b-0ca58de5ef95,IKEv1,Main,AES-256-CBC,256,SHA384,31,PSK,Tunnel,True,3600,24,Strong,Legacy IKEv1 used
7a645665-b852-496b-b17b-6e0c27f05e16,IKEv2,Main,AES-128-CBC,128,SHA1,2,PSK,Transport,True,86400,56,Moderate,Weak hash SHA1; Weak DH group 2
41f5fca0-71f0-4db2-bcb0-1d16fa46e638,IKEv1,Main,AES-128-CBC,128,MD5,19,RSA-Sig,Tunnel,False,3600,72,Weak,Legacy IKEv1 used; Weak hash MD5; Perfect Forward Secrecy (PFS) is disabled
bd046653-44d3-4ab8-8f1a-3b4001c6fac0,IKEv1,Quick,AES-256-CBC,256,SHA384,2,PSK,Transport,True,3600,48,Moderate,Legacy IKEv1 used; Weak DH group 2
11e6f4b3-1a1b-4658-b3ea-aa2eb15f9b3b,IKEv2,Main,AES-256-GCM,256,SHA1,21,RSA-Sig,Transport,False,86400,53,Moderate,Weak hash SHA1; Perfect Forward Secrecy (PFS) is disabled
f3729a26-0c5d-405a-aef6-f9b41997b71f,IKEv1,Main,AES-128-CBC,128,SHA384,31,PSK,Tunnel,True,3600,16,Low,Legacy IKEv1 used
2c1aabea-1213-430c-b2c4-6d7ee82ce3be,IKEv2,Main,ChaCha20-Poly1305,256,SHA1,31,PSK,Transport,True,3600,35,Strong,Weak hash SHA1
6af19617-8b6b-47c4-a7f2-f4dac85b85fb,IKEv1,Main,AES-256-CBC,256,SHA1,2,PSK,Tunnel,False,3600,100,Critical,Legacy IKEv1 used; Weak hash SHA1; Weak DH group 2; Perfect Forward Secrecy (PFS) is disabled
5e364a06-8f69-4399-9556-b548de4ed298,IKEv2,Main,ChaCha20-Poly1305,256,SHA384,19,ECDSA-Sig,Tunnel,False,86400,23,Strong,Perfect Forward Secrecy (PFS) is disabled
b571ff9e-b8c3-4117-897a-0ef77a1a10ec,IKEv2,Main,3DES,112,SHA1,31,PSK,Tunnel,True,86400,69,Weak,Weak encryption 3DES; Weak hash SHA1
2b3c99b5-7966-4d96-8149-4c30cf518ff3,IKEv2,Main,AES-256-CBC,256,SHA512,14,PSK,Transport,False,28800,21,Strong,Perfect Forward Secrecy (PFS) is disabled
700b7a0a-f92d-4426-b1e0-1498772e048a,IKEv1,Aggressive,3DES,112,MD5,31,PSK,Transport,True,3600,100,Critical,Legacy IKEv1 used; IKEv1 Aggressive mode vulnerable to offline dictionary attacks; Weak encryption 3DES; Weak hash MD5; PSK with Aggressive Mode is highly risky
fdfda051-7742-41b8-a8bc-b5947ecab595,IKEv2,Main,ChaCha20-Poly1305,256,SHA512,20,ECDSA-Sig,Tunnel,False,28800,17,Low,Perfect Forward Secrecy (PFS) is disabled
0c17e682-1a17-4209-a409-8a507b8789b6,IKEv1,Aggressive,AES-256-CBC,256,SHA512,19,ECDSA-Sig,Transport,True,28800,47,Moderate,Legacy IKEv1 used; IKEv1 Aggressive mode vulnerable to offline dictionary attacks
0815d9d7-7860-44b6-bbf1-6a0b35b6672f,IKEv2,Main,AES-128-CBC,128,SHA512,14,PSK,Transport,False,3600,18,Low,Perfect Forward Secrecy (PFS) is disabled
8317601e-56dc-4490-a104-bc20418e24b5,IKEv1,Aggressive,AES-128-CBC,128,SHA256,14,RSA-Sig,Transport,True,86400,50,Moderate,Legacy IKEv1 used; IKEv1 Aggressive mode vulnerable to offline dictionary attacks
9f08d106-b821-4359-b112-2981c743ff02,IKEv1,Quick,3DES,112,SHA512,21,RSA-Sig,Tunnel,False,28800,81,Critical,Legacy IKEv1 used; Weak encryption 3DES; Perfect Forward Secrecy (PFS) is disabled
97e67a8f-4b2f-4a49-9bac-4da7441480eb,IKEv1,Main,ChaCha20-Poly1305,256,SHA384,19,RSA-Sig,Transport,False,86400,44,Moderate,Legacy IKEv1 used; Perfect Forward Secrecy (PFS) is disabled
4c56aec5-ab39-430d-aa55-feaa7919b8f0,IKEv1,Quick,AES-256-CBC,256,SHA384,14,RSA-Sig,Tunnel,True,3600,22,Strong,Legacy IKEv1 used
3a517447-a02e-48a3-be43-e9a81c4230f0,IKEv2,Main,AES-256-CBC,256,SHA512,19,ECDSA-Sig,Tunnel,False,28800,17,Low,Perfect Forward Secrecy (PFS) is disabled
707b4991-81de-42f4-9fd2-0e3fa862db47,IKEv2,Main,AES-256-GCM,256,MD5,31,RSA-Sig,Transport,False,28800,50,Moderate,Weak hash MD5; Perfect Forward Secrecy (PFS) is disabled
33973a47-ef67-42c3-9c7d-9b6b86c7d70a,IKEv2,Main,DES,56,SHA512,2,ECDSA-Sig,Transport,True,28800,67,Weak,Weak encryption DES; Weak DH group 2
c3762ca2-ff16-4401-a909-758822d25ebf,IKEv2,Main,ChaCha20-Poly1305,256,SHA512,20,PSK,Transport,True,86400,0,Low,None
a134831f-dc6f-4957-9094-779924f657c4,IKEv2,Main,AES-256-GCM,256,SHA512,21,ECDSA-Sig,Tunnel,False,86400,22,Strong,Perfect Forward Secrecy (PFS) is disabled
21ad3e64-de46-422b-9ce2-9fe563e8948e,IKEv2,Main,3DES,112,SHA384,19,PSK,Tunnel,False,28800,60,Weak,Weak encryption 3DES; Perfect Forward Secrecy (PFS) is disabled
9d92de6f-6f87-4832-9428-5e8694cf904a,IKEv2,Main,ChaCha20-Poly1305,256,SHA256,5,PSK,Tunnel,True,3600,35,Strong,Weak DH group 5
0b350e57-2a6f-4356-8bb9-b3dc0d5fbcf1,IKEv2,Main,AES-256-GCM,256,SHA1,5,RSA-Sig,Tunnel,True,3600,57,Moderate,Weak hash SHA1; Weak DH group 5
59909f0e-d8e7-44ae-a202-98185b4ee04e,IKEv2,Main,DES,56,MD5,20,PSK,Transport,True,86400,70,Weak,Weak encryption DES; Weak hash MD5
86ccb020-5e60-4f62-9bf8-658bb10547fd,IKEv2,Main,3DES,112,SHA384,14,ECDSA-Sig,Transport,True,3600,45,Moderate,Weak encryption 3DES
54f17821-46b8-4151-aca7-34ebc5c4bb3d,IKEv1,Aggressive,AES-256-GCM,256,SHA256,31,ECDSA-Sig,Transport,True,28800,45,Moderate,Legacy IKEv1 used; IKEv1 Aggressive mode vulnerable to offline dictionary attacks
0762e9d5-23f4-4de2-9cb7-17ccff6e8793,IKEv2,Main,AES-256-GCM,256,MD5,21,PSK,Tunnel,False,3600,45,Moderate,Weak hash MD5; Perfect Forward Secrecy (PFS) is disabled
c684f422-ccea-434a-a3f1-218dcfd629d4,IKEv1,Quick,AES-256-CBC,256,SHA1,19,PSK,Tunnel,True,3600,52,Moderate,Legacy IKEv1 used; Weak hash SHA1
ef031c89-d382-457b-a90d-974047cfd48b,IKEv2,Main,AES-256-GCM,256,SHA256,14,RSA-Sig,Tunnel,False,3600,19,Low,Perfect Forward Secrecy (PFS) is disabled
1e35be5e-0e24-47e3-9726-51d55c62faa0,IKEv1,Quick,ChaCha20-Poly1305,256,SHA384,20,PSK,Transport,True,28800,18,Low,Legacy IKEv1 used
1ae96230-d7ca-49b2-9370-6ac7e7dc6cfd,IKEv1,Main,3DES,112,SHA384,19,RSA-Sig,Tunnel,True,28800,57,Moderate,Legacy IKEv1 used; Weak encryption 3DES
0624562e-ea84-45a7-a47e-6712faacd847,IKEv2,Main,AES-256-CBC,256,SHA256,14,PSK,Tunnel,True,86400,4,Low,None
c1b6e621-e320-46a5-90da-006ffaa26334,IKEv2,Main,AES-256-GCM,256,MD5,2,PSK,Transport,False,28800,77,Weak,Weak hash MD5; Weak DH group 2; Perfect Forward Secrecy (PFS) is disabled
5e3a97cb-afe2-462e-bce9-1ed11d5fda56,IKEv1,Aggressive,AES-256-CBC,256,SHA512,1,ECDSA-Sig,Tunnel,False,86400,100,Critical,Legacy IKEv1 used; IKEv1 Aggressive mode vulnerable to offline dictionary attacks; Weak DH group 1; Perfect Forward Secrecy (PFS) is disabled
7d3521ab-56b5-4522-a890-1fa09f9d44dd,IKEv2,Main,DES,56,SHA1,1,PSK,Tunnel,True,3600,96,Critical,Weak encryption DES; Weak hash SHA1; Weak DH group 1
ea503cf1-b09f-472c-952e-188dc716ede1,IKEv2,Main,ChaCha20-Poly1305,256,SHA256,14,RSA-Sig,Tunnel,False,86400,17,Low,Perfect Forward Secrecy (PFS) is disabled
d0128733-7285-4825-9093-0ab286a3b89c,IKEv1,Quick,DES,56,SHA512,14,ECDSA-Sig,Tunnel,True,28800,64,Weak,Legacy IKEv1 used; Weak encryption DES
542eb21a-db7c-4945-8970-85facb2792ba,IKEv2,Main,ChaCha20-Poly1305,256,SHA256,2,ECDSA-Sig,Transport,True,86400,31,Strong,Weak DH group 2
e938e0e9-8c8c-44e4-80ad-910dc9abc46a,IKEv2,Main,3DES,112,SHA384,2,ECDSA-Sig,Tunnel,False,86400,95,Critical,Weak encryption 3DES; Weak DH group 2; Perfect Forward Secrecy (PFS) is disabled
07154600-e287-4e5a-8f4a-1d6d9105e55b,IKEv2,Main,AES-256-CBC,256,SHA256,1,PSK,Tunnel,True,3600,31,Strong,Weak DH group 1
c059068b-27be-45b0-bd86-c9fb467a0a88,IKEv2,Main,DES,56,MD5,2,PSK,Tunnel,False,86400,100,Critical,Weak encryption DES; Weak hash MD5; Weak DH group 2; Perfect Forward Secrecy (PFS) is disabled
a602c40a-c683-440c-95b2-d740b19d26db,IKEv2,Main,AES-256-GCM,256,MD5,20,PSK,Tunnel,False,3600,51,Moderate,Weak hash MD5; Perfect Forward Secrecy (PFS) is disabled
309e2ee3-18ec-4c11-8061-2bda58152e55,IKEv2,Main,AES-128-CBC,128,MD5,21,RSA-Sig,Tunnel,False,86400,52,Moderate,Weak hash MD5; Perfect Forward Secrecy (PFS) is disabled
25e24d6e-5b57-468a-92ee-8336101a2951,IKEv2,Main,AES-256-CBC,256,SHA1,21,ECDSA-Sig,Tunnel,False,86400,51,Moderate,Weak hash SHA1; Perfect Forward Secrecy (PFS) is disabled
75934348-b4e3-40f9-bcd4-98f8f3085286,IKEv1,Main,AES-256-CBC,256,MD5,21,RSA-Sig,Transport,False,3600,65,Weak,Legacy IKEv1 used; Weak hash MD5; Perfect Forward Secrecy (PFS) is disabled
5c03394c-9524-42fd-bff7-f7b2de4b10e0,IKEv2,Main,DES,56,SHA384,31,RSA-Sig,Transport,False,86400,55,Moderate,Weak encryption DES; Perfect Forward Secrecy (PFS) is disabled
0e12a4ae-55de-4b1f-9837-05dcee29a749,IKEv2,Main,ChaCha20-Poly1305,256,SHA384,31,PSK,Transport,True,86400,3,Low,None
b5076d58-7a0a-495f-8dc8-586134c9726e,IKEv1,Main,AES-128-CBC,128,SHA512,5,PSK,Transport,True,28800,48,Moderate,Legacy IKEv1 used; Weak DH group 5
4cc3448e-7c69-4553-88bf-fde0ab21da88,IKEv2,Main,3DES,112,SHA384,31,PSK,Transport,False,28800,60,Weak,Weak encryption 3DES; Perfect Forward Secrecy (PFS) is disabled
6d368c45-f66c-41e4-b2f0-0071f06a5ae5,IKEv2,Main,3DES,112,SHA512,20,PSK,Transport,False,3600,55,Moderate,Weak encryption 3DES; Perfect Forward Secrecy (PFS) is disabled
e648d1ef-175f-48b8-9d70-4393a0c68af1,IKEv2,Main,DES,56,SHA384,19,RSA-Sig,Transport,False,3600,60,Weak,Weak encryption DES; Perfect Forward Secrecy (PFS) is disabled
ab919c2a-2304-4089-824e-08b628f594e7,IKEv2,Main,AES-256-GCM,256,SHA512,21,ECDSA-Sig,Tunnel,True,3600,3,Low,None
5a7d00f0-cd69-4645-82dd-058708db6b10,IKEv2,Main,AES-256-CBC,256,MD5,14,PSK,Tunnel,True,28800,28,Strong,Weak hash MD5
1658d89e-785b-4d96-9c98-e2f04112228e,IKEv1,Quick,DES,56,MD5,1,ECDSA-Sig,Transport,True,3600,100,Critical,Legacy IKEv1 used; Weak encryption DES; Weak hash MD5; Weak DH group 1
05177265-4955-48d3-bb8f-9b6336dcccba,IKEv2,Main,AES-256-GCM,256,SHA256,2,PSK,Transport,True,28800,35,Strong,Weak DH group 2
7f587e29-e163-489d-87cc-fce7a4d9c3e1,IKEv2,Main,ChaCha20-Poly1305,256,SHA384,2,ECDSA-Sig,Tunnel,False,28800,45,Moderate,Weak DH group 2; Perfect Forward Secrecy (PFS) is disabled
80ab7d30-a19d-4d73-b336-8b8ec5114cdf,IKEv2,Main,AES-128-CBC,128,SHA512,1,RSA-Sig,Tunnel,False,3600,55,Moderate,Weak DH group 1; Perfect Forward Secrecy (PFS) is disabled
3c15e119-69aa-4f45-ba60-7fbc79817f43,IKEv2,Main,AES-256-GCM,256,SHA384,14,RSA-Sig,Transport,True,28800,0,Low,None
cd423ae0-06de-4121-a892-3f9fdbf1c16f,IKEv1,Main,AES-256-GCM,256,SHA384,1,ECDSA-Sig,Transport,True,28800,48,Moderate,Legacy IKEv1 used; Weak DH group 1
8bf13b07-37f5-4265-bda6-95536ec97770,IKEv2,Main,3DES,112,SHA384,21,PSK,Tunnel,True,3600,40,Moderate,Weak encryption 3DES
97058df1-7189-41fa-b751-a3e6774831c1,IKEv1,Quick,AES-128-CBC,128,SHA512,31,PSK,Tunnel,True,3600,19,Low,Legacy IKEv1 used
3e222c0d-697a-4560-8aa9-c6b41a679d82,IKEv2,Main,DES,56,SHA1,31,ECDSA-Sig,Transport,True,86400,67,Weak,Weak encryption DES; Weak hash SHA1
bfcfe3da-a9cf-4735-8574-94478bc7a016,IKEv2,Main,AES-128-CBC,128,SHA256,1,PSK,Tunnel,False,28800,46,Moderate,Weak DH group 1; Perfect Forward Secrecy (PFS) is disabled
0d5a5956-c1e4-43d5-8bc8-3128f718880d,IKEv1,Quick,DES,56,SHA1,14,ECDSA-Sig,Tunnel,False,3600,100,Critical,Legacy IKEv1 used; Weak encryption DES; Weak hash SHA1; Perfect Forward Secrecy (PFS) is disabled
a2734d66-433b-4ac5-84c9-e32d80d96cb0,IKEv2,Main,3DES,112,SHA512,31,ECDSA-Sig,Transport,False,3600,63,Weak,Weak encryption 3DES; Perfect Forward Secrecy (PFS) is disabled
0d573baa-bcd5-4fe3-80c7-285f99a321b5,IKEv2,Main,AES-256-GCM,256,SHA256,1,ECDSA-Sig,Tunnel,False,3600,54,Moderate,Weak DH group 1; Perfect Forward Secrecy (PFS) is disabled
6600c49d-cb84-41bf-9c28-df8005b4b8ef,IKEv2,Main,AES-128-CBC,128,SHA256,1,ECDSA-Sig,Tunnel,True,3600,29,Strong,Weak DH group 1
7d90be52-4b13-41a0-841f-23a9e7566b16,IKEv1,Aggressive,ChaCha20-Poly1305,256,SHA256,20,PSK,Tunnel,False,86400,87,Critical,Legacy IKEv1 used; IKEv1 Aggressive mode vulnerable to offline dictionary attacks; PSK with Aggressive Mode is highly risky; Perfect Forward Secrecy (PFS) is disabled
35e5d8ae-985d-4b77-b922-e017cd5f3971,IKEv2,Main,AES-256-GCM,256,MD5,14,ECDSA-Sig,Tunnel,True,3600,26,Strong,Weak hash MD5
cb807eef-9df8-4c37-a1a1-2bd287d05d9c,IKEv1,Quick,AES-256-GCM,256,SHA384,20,ECDSA-Sig,Transport,True,3600,15,Low,Legacy IKEv1 used
55a6bfe8-1997-4799-ba7f-6095634ca89e,IKEv2,Main,DES,56,SHA256,21,ECDSA-Sig,Transport,False,28800,59,Moderate,Weak encryption DES; Perfect Forward Secrecy (PFS) is disabled
2f9ea2c7-2ffe-43c1-9032-3ca785073067,IKEv2,Main,ChaCha20-Poly1305,256,SHA256,1,ECDSA-Sig,Transport,True,28800,29,Strong,Weak DH group 1
47914aab-fffc-43e0-98ce-4a39ec93bad2,IKEv1,Aggressive,DES,56,SHA384,5,ECDSA-Sig,Tunnel,True,28800,100,Critical,Legacy IKEv1 used; IKEv1 Aggressive mode vulnerable to offline dictionary attacks; Weak encryption DES; Weak DH group 5
6715cbd5-c1f5-405d-9eee-ca8c0f1cde1c,IKEv1,Main,AES-256-GCM,256,SHA256,20,PSK,Transport,False,28800,43,Moderate,Legacy IKEv1 used; Perfect Forward Secrecy (PFS) is disabled
1937371b-920c-4930-a72c-5d9dca9e3555,IKEv2,Main,AES-128-CBC,128,SHA384,5,ECDSA-Sig,Transport,False,28800,54,Moderate,Weak DH group 5; Perfect Forward Secrecy (PFS) is disabled
376a1841-119a-494b-84a5-dde294dd7ed6,IKEv2,Main,ChaCha20-Poly1305,256,SHA1,31,RSA-Sig,Transport,True,3600,33,Strong,Weak hash SHA1
64b6cad5-7666-405f-af16-0e19f31b53e4,IKEv2,Main,AES-256-CBC,256,SHA1,20,PSK,Transport,False,28800,50,Moderate,Weak hash SHA1; Perfect Forward Secrecy (PFS) is disabled
8a5b8bbc-6c1b-4a2e-a1c8-a23d0318b0cd,IKEv2,Main,ChaCha20-Poly1305,256,MD5,20,RSA-Sig,Transport,False,28800,51,Moderate,Weak hash MD5; Perfect Forward Secrecy (PFS) is disabled
0bc50e61-a92b-482a-9e84-16901b2bc1d2,IKEv2,Main,ChaCha20-Poly1305,256,SHA384,21,ECDSA-Sig,Tunnel,True,28800,5,Low,None
d25928f7-1225-49d4-bc6a-f95e26b904ea,IKEv1,Aggressive,3DES,112,SHA512,5,PSK,Tunnel,True,3600,100,Critical,Legacy IKEv1 used; IKEv1 Aggressive mode vulnerable to offline dictionary attacks; Weak encryption 3DES; Weak DH group 5; PSK with Aggressive Mode is highly risky
bec35908-5b53-4170-9391-ac3e4dda0392,IKEv2,Main,ChaCha20-Poly1305,256,SHA1,31,PSK,Transport,False,86400,50,Moderate,Weak hash SHA1; Perfect Forward Secrecy (PFS) is disabled
5ccdf2d0-a3e3-4244-9214-c0ab586b562c,IKEv2,Main,AES-256-CBC,256,SHA512,20,RSA-Sig,Transport,False,3600,22,Strong,Perfect Forward Secrecy (PFS) is disabled
293b0411-e1b7-4315-84f5-df6dc9db21f8,IKEv1,Main,AES-128-CBC,128,SHA256,2,ECDSA-Sig,Transport,False,28800,70,Weak,Legacy IKEv1 used; Weak DH group 2; Perfect Forward Secrecy (PFS) is disabled
65013061-226d-4e6a-9925-5d59f53fc40e,IKEv1,Main,AES-256-GCM,256,SHA512,1,RSA-Sig,Tunnel,True,86400,48,Moderate,Legacy IKEv1 used; Weak DH group 1
9a84442a-b4cc-4d7d-a6f5-51c5b0d0c15c,IKEv2,Main,AES-256-CBC,256,SHA512,2,RSA-Sig,Transport,False,28800,47,Moderate,Weak DH group 2; Perfect Forward Secrecy (PFS) is disabled
534a10f6-d08f-429b-aa29-43d60e51eda9,IKEv2,Main,ChaCha20-Poly1305,256,SHA256,20,PSK,Transport,True,86400,1,Low,None
889cd55b-2f22-40cb-8beb-391a04adf3ce,IKEv1,Quick,3DES,112,SHA384,5,ECDSA-Sig,Tunnel,False,3600,100,Critical,Legacy IKEv1 used; Weak encryption 3DES; Weak DH group 5; Perfect Forward Secrecy (PFS) is disabled
db66a6c7-158a-4414-bb05-a0dc3e96cd2b,IKEv1,Quick,3DES,112,SHA256,1,ECDSA-Sig,Transport,True,3600,88,Critical,Legacy IKEv1 used; Weak encryption 3DES; Weak DH group 1
7dd93f0d-ed4d-4fbb-8f0c-4ab29ccc4739,IKEv1,Aggressive,AES-256-GCM,256,MD5,1,RSA-Sig,Transport,False,86400,100,Critical,Legacy IKEv1 used; IKEv1 Aggressive mode vulnerable to offline dictionary attacks; Weak hash MD5; Weak DH group 1; Perfect Forward Secrecy (PFS) is disabled
4af0503a-d195-4972-9901-46cf1b90548b,IKEv2,Main,DES,56,MD5,21,PSK,Transport,True,3600,67,Weak,Weak encryption DES; Weak hash MD5
b2eedf8c-a357-4e39-b4af-a0cc8589316a,IKEv1,Main,AES-128-CBC,128,SHA1,31,PSK,Transport,True,3600,48,Moderate,Legacy IKEv1 used; Weak hash SHA1
d6517721-f39f-4aba-8bd6-0424e8f73b09,IKEv2,Main,ChaCha20-Poly1305,256,SHA512,21,ECDSA-Sig,Transport,False,28800,15,Low,Perfect Forward Secrecy (PFS) is disabled
f32a50ed-9ba3-4109-b536-7feaf1db8fd2,IKEv2,Main,ChaCha20-Poly1305,256,MD5,14,PSK,Tunnel,True,3600,34,Strong,Weak hash MD5
81721ace-5bcc-4d0d-8377-cc567ddef471,IKEv2,Main,DES,56,SHA512,14,ECDSA-Sig,Transport,False,3600,63,Weak,Weak encryption DES; Perfect Forward Secrecy (PFS) is disabled
b01856ec-7d43-4a5d-9591-3b3ca721b19b,IKEv1,Main,DES,56,SHA384,5,ECDSA-Sig,Transport,True,28800,87,Critical,Legacy IKEv1 used; Weak encryption DES; Weak DH group 5
a2d5fce4-9415-4474-a5a0-ceddddd96fa9,IKEv2,Main,ChaCha20-Poly1305,256,SHA512,31,ECDSA-Sig,Transport,False,3600,16,Low,Perfect Forward Secrecy (PFS) is disabled
da43320c-9ee0-457f-903e-d6cfea401a4a,IKEv2,Main,ChaCha20-Poly1305,256,SHA256,14,PSK,Transport,True,28800,0,Low,None
b11aa6eb-8d9b-448e-950a-38b83160963d,IKEv2,Main,3DES,112,SHA384,20,ECDSA-Sig,Tunnel,False,3600,65,Weak,Weak encryption 3DES; Perfect Forward Secrecy (PFS) is disabled
4f2e4cb7-a4ee-4348-9384-1953768bd0e4,IKEv2,Main,AES-128-CBC,128,SHA1,20,RSA-Sig,Transport,True,86400,25,Strong,Weak hash SHA1
b6cad51b-666f-4f50-b630-8d3ad34f1d71,IKEv2,Main,ChaCha20-Poly1305,256,SHA1,21,RSA-Sig,Tunnel,False,3600,51,Moderate,Weak hash SHA1; Perfect Forward Secrecy (PFS) is disabled
f7a55f20-80f6-4522-99b2-3a2fd52c2824,IKEv2,Main,DES,56,SHA256,5,PSK,Tunnel,True,28800,75,Weak,Weak encryption DES; Weak DH group 5
122afed6-c54c-44b0-b080-ea19ac40ad78,IKEv2,Main,AES-256-GCM,256,SHA384,14,RSA-Sig,Tunnel,True,3600,0,Low,None
4d1ccf2b-a25d-4bfc-868d-0c17d5120cfe,IKEv2,Main,AES-128-CBC,128,SHA1,1,PSK,Transport,False,86400,83,Critical,Weak hash SHA1; Weak DH group 1; Perfect Forward Secrecy (PFS) is disabled
a9abc613-06fb-4803-b8f7-74a41f457ef4,IKEv2,Main,AES-128-CBC,128,SHA512,21,RSA-Sig,Transport,True,3600,4,Low,None
55883156-f266-4d5b-9b10-448bb084f9e6,IKEv2,Main,3DES,112,SHA512,2,ECDSA-Sig,Transport,False,3600,85,Critical,Weak encryption 3DES; Weak DH group 2; Perfect Forward Secrecy (PFS) is disabled
cdcd44bf-c1d8-4fb1-9c38-e100aac120b5,IKEv2,Main,DES,56,MD5,21,RSA-Sig,Tunnel,True,28800,74,Weak,Weak encryption DES; Weak hash MD5
20cd200d-4201-419b-87a0-fa457fed581f,IKEv2,Main,AES-256-CBC,256,MD5,5,RSA-Sig,Transport,True,86400,55,Moderate,Weak hash MD5; Weak DH group 5
72e19fe4-a616-412b-ac52-04cb11f7332c,IKEv2,Main,AES-128-CBC,128,MD5,14,RSA-Sig,Tunnel,True,28800,35,Strong,Weak hash MD5
8c743a7c-235f-46b5-8d2f-c44b4afab3b3,IKEv2,Main,AES-128-CBC,128,MD5,5,RSA-Sig,Transport,True,86400,56,Moderate,Weak hash MD5; Weak DH group 5
017d6a6d-e7f9-44da-b517-b98489ec986d,IKEv1,Aggressive,AES-256-GCM,256,MD5,2,RSA-Sig,Transport,False,86400,100,Critical,Legacy IKEv1 used; IKEv1 Aggressive mode vulnerable to offline dictionary attacks; Weak hash MD5; Weak DH group 2; Perfect Forward Secrecy (PFS) is disabled
31b9cb76-30c7-4bd9-9e54-f9745946b01a,IKEv2,Main,AES-256-GCM,256,SHA384,2,RSA-Sig,Transport,True,3600,25,Strong,Weak DH group 2
50dd0629-eb63-4a52-a444-0b2914c9976b,IKEv1,Quick,AES-128-CBC,128,SHA512,1,ECDSA-Sig,Transport,True,86400,45,Moderate,Legacy IKEv1 used; Weak DH group 1
ad3dc9c0-de52-4152-87cf-a5fc8944b5b4,IKEv2,Main,AES-256-GCM,256,SHA512,21,RSA-Sig,Tunnel,True,3600,0,Low,None
de99480f-7164-4935-8227-4bfa8086f6e5,IKEv1,Quick,AES-256-CBC,256,SHA384,20,PSK,Tunnel,True,3600,21,Strong,Legacy IKEv1 used
e4b0cbf6-c7c0-446e-a4ba-64bf023c572d,IKEv2,Main,AES-128-CBC,128,SHA1,5,PSK,Tunnel,True,86400,62,Weak,Weak hash SHA1; Weak DH group 5
17a623a0-600a-4a7e-b20d-13f5851c1fd9,IKEv1,Quick,AES-256-GCM,256,SHA1,21,PSK,Transport,True,3600,51,Moderate,Legacy IKEv1 used; Weak hash SHA1
4e845597-713f-43e5-b128-9a5d854d262c,IKEv2,Main,ChaCha20-Poly1305,256,SHA512,14,RSA-Sig,Transport,False,86400,16,Low,Perfect Forward Secrecy (PFS) is disabled
2e9df2f0-e206-46fe-b501-547adcfc138c,IKEv1,Aggressive,ChaCha20-Poly1305,256,SHA384,2,PSK,Transport,True,86400,100,Critical,Legacy IKEv1 used; IKEv1 Aggressive mode vulnerable to offline dictionary attacks; Weak DH group 2; PSK with Aggressive Mode is highly risky
be26c470-1c0e-4ef2-9967-b1d8129edc20,IKEv2,Main,DES,56,MD5,20,ECDSA-Sig,Transport,True,28800,69,Weak,Weak encryption DES; Weak hash MD5
063ed3c1-4159-4316-af5f-41eae80ae9a5,IKEv2,Main,AES-256-GCM,256,SHA384,2,ECDSA-Sig,Transport,False,86400,52,Moderate,Weak DH group 2; Perfect Forward Secrecy (PFS) is disabled
3105a027-9502-4692-a683-362dea61c2a8,IKEv2,Main,AES-256-CBC,256,MD5,5,PSK,Tunnel,False,3600,77,Weak,Weak hash MD5; Weak DH group 5; Perfect Forward Secrecy (PFS) is disabled
80041f40-bc14-49db-9449-36f904e178c8,IKEv1,Main,AES-128-CBC,128,SHA384,5,PSK,Tunnel,False,28800,68,Weak,Legacy IKEv1 used; Weak DH group 5; Perfect Forward Secrecy (PFS) is disabled
e43d8398-d290-4999-9cd0-7c8fe5689f7e,IKEv2,Main,AES-256-CBC,256,SHA1,5,RSA-Sig,Tunnel,True,86400,65,Weak,Weak hash SHA1; Weak DH group 5
8d2bab7e-bb91-45e4-8bca-e857513d443a,IKEv2,Main,AES-256-CBC,256,SHA1,20,PSK,Transport,False,86400,55,Moderate,Weak hash SHA1; Perfect Forward Secrecy (PFS) is disabled
dcdaa0bd-2cf3-43c7-8125-4c27eb754218,IKEv1,Aggressive,ChaCha20-Poly1305,256,SHA512,5,RSA-Sig,Transport,True,28800,75,Weak,Legacy IKEv1 used; IKEv1 Aggressive mode vulnerable to offline dictionary attacks; Weak DH group 5
195dbec9-985f-4c78-b321-dee42a01356c,IKEv2,Main,ChaCha20-Poly1305,256,SHA512,14,PSK,Tunnel,True,28800,0,Low,None
fdf96c90-9902-41b9-8772-6f2650e4a05c,IKEv2,Main,AES-256-CBC,256,SHA512,5,PSK,Transport,True,86400,31,Strong,Weak DH group 5
d7795e20-02d2-40a9-8bc4-2da52c048995,IKEv1,Quick,AES-256-CBC,256,SHA384,5,PSK,Tunnel,True,86400,55,Moderate,Legacy IKEv1 used; Weak DH group 5
15c2d487-ae95-463d-90f9-8a261570cf88,IKEv2,Main,AES-128-CBC,128,SHA512,20,RSA-Sig,Tunnel,True,86400,0,Low,None
214fbc17-e3e5-446d-b829-f709cf41998a,IKEv1,Quick,AES-128-CBC,128,SHA384,19,ECDSA-Sig,Transport,False,86400,45,Moderate,Legacy IKEv1 used; Perfect Forward Secrecy (PFS) is disabled
a3378bc5-aba9-4f6e-b553-3fe9d105c344,IKEv1,Main,DES,56,SHA256,21,PSK,Tunnel,True,28800,63,Weak,Legacy IKEv1 used; Weak encryption DES
d5e5641f-ad2a-413c-b6d5-744351c96edf,IKEv2,Main,AES-128-CBC,128,SHA256,5,ECDSA-Sig,Tunnel,True,28800,29,Strong,Weak DH group 5
65c7fb85-96d9-41f7-8e36-0080e9704569,IKEv2,Main,AES-128-CBC,128,SHA512,5,ECDSA-Sig,Tunnel,True,28800,34,Strong,Weak DH group 5
36e652a8-fa9f-4f3f-9c06-d4d23e85c4ef,IKEv1,Aggressive,AES-128-CBC,128,SHA384,19,RSA-Sig,Tunnel,True,3600,54,Moderate,Legacy IKEv1 used; IKEv1 Aggressive mode vulnerable to offline dictionary attacks
75642dee-490f-49d5-b391-578d47ad36c5,IKEv2,Main,ChaCha20-Poly1305,256,SHA1,21,ECDSA-Sig,Transport,True,3600,27,Strong,Weak hash SHA1
b2215be0-e735-4651-b751-55e36b3d7d0e,IKEv2,Main,3DES,112,SHA256,19,RSA-Sig,Transport,False,28800,61,Weak,Weak encryption 3DES; Perfect Forward Secrecy (PFS) is disabled
84eb5b4a-65f6-4dc4-b3e1-e64140f835f8,IKEv2,Main,AES-256-CBC,256,MD5,21,ECDSA-Sig,Transport,False,3600,46,Moderate,Weak hash MD5; Perfect Forward Secrecy (PFS) is disabled
550029ea-f841-4fb6-9fa5-1abf630d4719,IKEv2,Main,DES,56,SHA512,19,PSK,Tunnel,True,86400,43,Moderate,Weak encryption DES
867e9364-c2c8-41e1-b633-5088c1d8c2d1,IKEv1,Quick,3DES,112,SHA384,31,ECDSA-Sig,Tunnel,True,3600,64,Weak,Legacy IKEv1 used; Weak encryption 3DES
0572fe63-08f4-45d4-bccf-b1c9d562b49e,IKEv2,Main,AES-128-CBC,128,SHA384,5,RSA-Sig,Tunnel,True,28800,26,Strong,Weak DH group 5
538e5e77-dd55-436f-a966-b2332f5e9aaf,IKEv2,Main,AES-256-GCM,256,SHA512,31,ECDSA-Sig,Tunnel,True,28800,0,Low,None
61f9ffec-8d52-4590-a222-7f3a54b91302,IKEv2,Main,AES-128-CBC,128,SHA384,1,PSK,Tunnel,True,3600,26,Strong,Weak DH group 1
fde80af3-fca1-4ddb-8d2a-9d8b00c24eed,IKEv1,Aggressive,3DES,112,SHA1,20,RSA-Sig,Transport,True,86400,100,Critical,Legacy IKEv1 used; IKEv1 Aggressive mode vulnerable to offline dictionary attacks; Weak encryption 3DES; Weak hash SHA1
f3adc22c-8631-4b27-a119-8e79b7508d16,IKEv1,Aggressive,AES-256-GCM,256,SHA256,2,PSK,Transport,True,86400,100,Critical,Legacy IKEv1 used; IKEv1 Aggressive mode vulnerable to offline dictionary attacks; Weak DH group 2; PSK with Aggressive Mode is highly risky
e1258579-efb9-422f-bd8e-f8f8ac3939bc,IKEv2,Main,ChaCha20-Poly1305,256,SHA512,19,RSA-Sig,Transport,False,86400,18,Low,Perfect Forward Secrecy (PFS) is disabled
4f0230d2-ea97-4145-886f-e7056a951d72,IKEv2,Main,DES,56,SHA1,2,PSK,Transport,True,28800,100,Critical,Weak encryption DES; Weak hash SHA1; Weak DH group 2
eebf0449-1350-4983-88ae-d4c1dc310fe3,IKEv2,Main,AES-128-CBC,128,SHA256,21,PSK,Tunnel,True,28800,0,Low,None
ee4df7ba-637b-4bd6-9fbc-9b5e8c168267,IKEv2,Main,AES-256-GCM,256,SHA384,1,ECDSA-Sig,Transport,False,3600,49,Moderate,Weak DH group 1; Perfect Forward Secrecy (PFS) is disabled
f918822d-5381-40fb-b850-495b14990b06,IKEv2,Main,3DES,112,MD5,19,PSK,Transport,True,28800,73,Weak,Weak encryption 3DES; Weak hash MD5
649a2dad-297d-4e46-8f86-b6e056614a87,IKEv2,Main,AES-256-GCM,256,SHA384,21,ECDSA-Sig,Tunnel,True,86400,0,Low,None
a95ce4e3-4c11-4a2f-ae57-fa539b827add,IKEv2,Main,3DES,112,SHA512,31,ECDSA-Sig,Tunnel,False,86400,60,Weak,Weak encryption 3DES; Perfect Forward Secrecy (PFS) is disabled
4deb6b7f-4488-4af0-9e81-4aaec2771808,IKEv2,Main,AES-256-GCM,256,SHA512,14,RSA-Sig,Transport,True,28800,1,Low,None
2d13b2a6-e814-47cc-813d-b96ec94c3295,IKEv2,Main,AES-128-CBC,128,SHA384,31,RSA-Sig,Transport,True,28800,0,Low,None
3db2ccf0-a237-4ae6-8795-6a95e5d16929,IKEv1,Main,AES-256-GCM,256,SHA384,14,ECDSA-Sig,Tunnel,True,86400,17,Low,Legacy IKEv1 used
2cbb2486-c7fd-490f-99db-0600ca7ac5ad,IKEv2,Main,3DES,112,SHA1,19,PSK,Tunnel,True,28800,65,Weak,Weak encryption 3DES; Weak hash SHA1
96d57d91-6d3a-43ff-94cb-d1ab292a4072,IKEv2,Main,3DES,112,SHA256,14,PSK,Transport,False,86400,63,Weak,Weak encryption 3DES; Perfect Forward Secrecy (PFS) is disabled
d79b8e4a-1377-42d7-bf03-0b84010aaba4,IKEv2,Main,3DES,112,SHA1,5,ECDSA-Sig,Transport,False,3600,100,Critical,Weak encryption 3DES; Weak hash SHA1; Weak DH group 5; Perfect Forward Secrecy (PFS) is disabled
21170222-3b98-48a9-8574-0ea35b4c062c,IKEv1,Quick,AES-256-CBC,256,SHA256,1,RSA-Sig,Transport,True,28800,48,Moderate,Legacy IKEv1 used; Weak DH group 1
ac15fc08-4a90-4584-9cb3-052c65bb7c74,IKEv2,Main,DES,56,SHA1,2,ECDSA-Sig,Transport,False,28800,100,Critical,Weak encryption DES; Weak hash SHA1; Weak DH group 2; Perfect Forward Secrecy (PFS) is disabled
16172d1a-be68-4642-9acc-da7adf1613b7,IKEv2,Main,AES-256-GCM,256,SHA384,20,RSA-Sig,Tunnel,True,28800,0,Low,None
839d83b7-3491-4c85-93a0-e3ce5709a6ac,IKEv2,Main,AES-256-GCM,256,SHA512,1,PSK,Transport,True,3600,28,Strong,Weak DH group 1
aaffa4f7-0e14-453a-8d19-dd7b3cc467b8,IKEv2,Main,ChaCha20-Poly1305,256,MD5,31,RSA-Sig,Transport,True,3600,25,Strong,Weak hash MD5
5598b810-30a3-4437-af64-4e1c22539613,IKEv2,Main,AES-256-CBC,256,SHA384,14,RSA-Sig,Transport,True,86400,0,Low,None
1d71d086-e975-40f9-8f3e-e07ec7ed30bd,IKEv2,Main,AES-256-GCM,256,SHA512,2,ECDSA-Sig,Transport,True,28800,35,Strong,Weak DH group 2
3e4591a9-0940-4a0f-a992-81e4ae68bde1,IKEv1,Quick,AES-256-GCM,256,SHA256,20,ECDSA-Sig,Transport,False,28800,36,Strong,Legacy IKEv1 used; Perfect Forward Secrecy (PFS) is disabled
e929820f-5465-4f98-8384-77b912f84238,IKEv2,Main,AES-128-CBC,128,MD5,19,ECDSA-Sig,Transport,False,28800,46,Moderate,Weak hash MD5; Perfect Forward Secrecy (PFS) is disabled
80a59409-4491-4d86-858f-583a022f4e0c,IKEv2,Main,ChaCha20-Poly1305,256,SHA384,2,PSK,Transport,True,86400,34,Strong,Weak DH group 2
0bcec889-6ea7-4976-82cb-40f307e94bc3,IKEv2,Main,ChaCha20-Poly1305,256,SHA384,14,PSK,Transport,True,86400,5,Low,None
25cb774f-632b-4a4b-b4fd-64e26ec9bf86,IKEv2,Main,DES,56,SHA384,2,ECDSA-Sig,Tunnel,True,3600,72,Weak,Weak encryption DES; Weak DH group 2
c58f7a37-ec76-4b7b-9e93-6f8b3480a053,IKEv1,Aggressive,AES-256-CBC,256,SHA384,2,PSK,Tunnel,True,28800,97,Critical,Legacy IKEv1 used; IKEv1 Aggressive mode vulnerable to offline dictionary attacks; Weak DH group 2; PSK with Aggressive Mode is highly risky
6ae4afc5-ef3d-44ca-b540-eaba59833f18,IKEv2,Main,AES-256-GCM,256,SHA384,21,PSK,Tunnel,False,28800,16,Low,Perfect Forward Secrecy (PFS) is disabled
5979903e-131c-499a-98b8-3d804df71364,IKEv1,Quick,AES-128-CBC,128,SHA512,14,ECDSA-Sig,Tunnel,True,3600,23,Strong,Legacy IKEv1 used
c1d61707-fdf0-4d8f-a383-393ff6ecc5b9,IKEv2,Main,ChaCha20-Poly1305,256,SHA256,19,RSA-Sig,Transport,True,3600,0,Low,None
749804cd-628c-4c1e-8b48-0d0381af2edd,IKEv2,Main,AES-128-CBC,128,SHA512,20,PSK,Tunnel,False,28800,16,Low,Perfect Forward Secrecy (PFS) is disabled
c398ca0e-13f2-4746-8629-58ebefb0f281,IKEv2,Main,ChaCha20-Poly1305,256,MD5,5,RSA-Sig,Tunnel,False,3600,79,Weak,Weak hash MD5; Weak DH group 5; Perfect Forward Secrecy (PFS) is disabled
b8a1b934-9026-4c32-869f-f87f97473c9b,IKEv2,Main,AES-256-GCM,256,MD5,19,RSA-Sig,Transport,False,28800,55,Moderate,Weak hash MD5; Perfect Forward Secrecy (PFS) is disabled
308129ab-0794-4124-9b9a-d56c4ff862c1,IKEv1,Main,AES-256-GCM,256,SHA512,31,PSK,Transport,True,86400,18,Low,Legacy IKEv1 used
e9700a11-00a3-4417-b5f1-48c841a86ab6,IKEv2,Main,AES-256-CBC,256,SHA384,5,PSK,Transport,True,3600,32,Strong,Weak DH group 5
e02ce5cb-ce0d-4b23-8c77-6ec9046af6a1,IKEv2,Main,AES-128-CBC,128,SHA256,21,PSK,Transport,False,86400,19,Low,Perfect Forward Secrecy (PFS) is disabled
4e1c560a-51bd-4426-9097-01795e4cb553,IKEv2,Main,AES-128-CBC,128,SHA1,19,ECDSA-Sig,Transport,True,86400,29,Strong,Weak hash SHA1
9a9d74c9-982d-4d38-8ac0-ada03fe10066,IKEv2,Main,DES,56,SHA256,5,ECDSA-Sig,Tunnel,True,86400,72,Weak,Weak encryption DES; Weak DH group 5
39acfa90-80db-48b8-981d-9e8aff8261bb,IKEv2,Main,AES-256-GCM,256,SHA512,14,RSA-Sig,Transport,False,3600,15,Low,Perfect Forward Secrecy (PFS) is disabled
d51d9a5f-9cfd-437f-bc5e-1b97d38eed44,IKEv2,Main,AES-128-CBC,128,SHA256,2,RSA-Sig,Transport,True,3600,26,Strong,Weak DH group 2
c95cf9a3-076a-40c9-8d4c-e51dea78e102,IKEv1,Quick,AES-256-GCM,256,MD5,20,PSK,Tunnel,False,3600,67,Weak,Legacy IKEv1 used; Weak hash MD5; Perfect Forward Secrecy (PFS) is disabled
3fcb1009-5d51-44ec-9c60-9a4243eebe0c,IKEv2,Main,AES-256-CBC,256,SHA256,20,ECDSA-Sig,Transport,False,3600,15,Low,Perfect Forward Secrecy (PFS) is disabled
0fc8128f-0a23-487b-bde4-af78ffea231a,IKEv2,Main,AES-256-GCM,256,SHA512,20,PSK,Tunnel,True,86400,0,Low,None
6b684915-66b1-4713-adb7-714a9adae1f9,IKEv1,Quick,ChaCha20-Poly1305,256,SHA256,31,ECDSA-Sig,Tunnel,False,28800,40,Moderate,Legacy IKEv1 used; Perfect Forward Secrecy (PFS) is disabled
aa24e3f1-611c-46b6-b18d-14fa80550970,IKEv2,Main,3DES,112,SHA512,31,ECDSA-Sig,Transport,True,28800,45,Moderate,Weak encryption 3DES
13ea54aa-51f4-4a7f-83e7-9d31d414092b,IKEv2,Main,AES-256-CBC,256,MD5,21,PSK,Transport,False,86400,50,Moderate,Weak hash MD5; Perfect Forward Secrecy (PFS) is disabled
7fd43d54-3a51-4f24-97d6-da542e52b6ea,IKEv2,Main,AES-256-CBC,256,SHA1,21,RSA-Sig,Transport,True,28800,31,Strong,Weak hash SHA1
7e30f783-606f-40e0-a262-a5446b318649,IKEv1,Quick,DES,56,MD5,20,RSA-Sig,Transport,False,3600,100,Critical,Legacy IKEv1 used; Weak encryption DES; Weak hash MD5; Perfect Forward Secrecy (PFS) is disabled
e484c7f3-c73c-4917-b050-02fab99407a9,IKEv2,Main,3DES,112,SHA256,21,RSA-Sig,Transport,False,3600,56,Moderate,Weak encryption 3DES; Perfect Forward Secrecy (PFS) is disabled
00615597-0bf3-4838-b954-19a13b3a7cc0,IKEv1,Aggressive,3DES,112,SHA256,21,ECDSA-Sig,Transport,False,3600,100,Critical,Legacy IKEv1 used; IKEv1 Aggressive mode vulnerable to offline dictionary attacks; Weak encryption 3DES; Perfect Forward Secrecy (PFS) is disabled
09cb9f9e-10d6-4188-9f46-a823868d1471,IKEv2,Main,ChaCha20-Poly1305,256,SHA256,19,RSA-Sig,Tunnel,True,3600,0,Low,None
c004cce4-a485-47df-a564-123e7390ef09,IKEv2,Main,AES-256-CBC,256,MD5,20,ECDSA-Sig,Transport,True,28800,27,Strong,Weak hash MD5
bc56bfda-0ea8-4f09-b363-bffcde147050,IKEv2,Main,AES-256-CBC,256,SHA1,20,PSK,Transport,True,28800,35,Strong,Weak hash SHA1
a35c0a92-3b25-4c89-8445-172b75c5814b,IKEv2,Main,AES-256-CBC,256,SHA384,20,PSK,Tunnel,False,3600,25,Strong,Perfect Forward Secrecy (PFS) is disabled
9080ac98-0769-44da-a810-e08f8b751b93,IKEv2,Main,AES-256-GCM,256,MD5,20,PSK,Transport,False,3600,47,Moderate,Weak hash MD5; Perfect Forward Secrecy (PFS) is disabled
510105a1-e7b6-49fc-af1b-de5bceb1c234,IKEv1,Main,AES-256-GCM,256,MD5,21,ECDSA-Sig,Transport,True,86400,50,Moderate,Legacy IKEv1 used; Weak hash MD5
d3abadc9-a31c-489b-bd8d-2639325bab51,IKEv2,Main,ChaCha20-Poly1305,256,SHA256,1,ECDSA-Sig,Tunnel,False,86400,50,Moderate,Weak DH group 1; Perfect Forward Secrecy (PFS) is disabled
a09fc288-45a3-4a81-aeb3-ff33cb8339b9,IKEv2,Main,AES-256-CBC,256,MD5,20,RSA-Sig,Tunnel,True,28800,32,Strong,Weak hash MD5
11f9ffec-ef89-4ea7-9499-98b10c5ee69f,IKEv1,Quick,AES-256-GCM,256,SHA1,5,RSA-Sig,Tunnel,True,86400,84,Critical,Legacy IKEv1 used; Weak hash SHA1; Weak DH group 5
aa51dd30-1786-47a5-a0c9-9dc711cff24e,IKEv2,Main,3DES,112,SHA1,19,ECDSA-Sig,Tunnel,False,3600,89,Critical,Weak encryption 3DES; Weak hash SHA1; Perfect Forward Secrecy (PFS) is disabled
524c7e97-8cc4-49f5-8238-fd49ac15daef,IKEv2,Main,ChaCha20-Poly1305,256,SHA256,14,RSA-Sig,Tunnel,True,86400,0,Low,None
7c3c2b62-6b0c-433f-9992-e0922ab88c67,IKEv1,Quick,AES-256-CBC,256,SHA1,14,RSA-Sig,Tunnel,True,3600,50,Moderate,Legacy IKEv1 used; Weak hash SHA1
35d8f8ca-eb0c-4267-a899-300282de4f60,IKEv1,Main,AES-128-CBC,128,MD5,19,ECDSA-Sig,Transport,False,86400,70,Weak,Legacy IKEv1 used; Weak hash MD5; Perfect Forward Secrecy (PFS) is disabled
67737808-a311-42e6-908b-b75963b5b695,IKEv2,Main,ChaCha20-Poly1305,256,SHA1,31,ECDSA-Sig,Tunnel,True,28800,27,Strong,Weak hash SHA1
b53712e0-cce6-409b-9a1f-c927e1a8e49b,IKEv2,Main,AES-256-CBC,256,SHA512,20,PSK,Tunnel,True,28800,0,Low,None
b44b8244-a186-4541-a547-99db76f99a2e,IKEv2,Main,AES-128-CBC,128,SHA512,14,ECDSA-Sig,Tunnel,False,86400,21,Strong,Perfect Forward Secrecy (PFS) is disabled
5aec2d6b-2845-436f-b7b0-f1441dad50fa,IKEv1,Aggressive,AES-128-CBC,128,SHA512,21,PSK,Transport,False,86400,91,Critical,Legacy IKEv1 used; IKEv1 Aggressive mode vulnerable to offline dictionary attacks; PSK with Aggressive Mode is highly risky; Perfect Forward Secrecy (PFS) is disabled
417fd9ce-5e0b-403e-af7b-e374d935d8b4,IKEv2,Main,AES-256-GCM,256,SHA384,1,ECDSA-Sig,Tunnel,False,3600,52,Moderate,Weak DH group 1; Perfect Forward Secrecy (PFS) is disabled
a0623b18-a314-4636-880c-fd110f179bbc,IKEv2,Main,AES-256-GCM,256,MD5,31,ECDSA-Sig,Transport,True,3600,29,Strong,Weak hash MD5
33bc2989-5ad7-450a-8782-1818c1bd21b7,IKEv2,Main,DES,56,SHA384,19,PSK,Tunnel,True,86400,41,Moderate,Weak encryption DES
cfd4ef59-b92b-47d7-957d-9f376d8a1311,IKEv2,Main,ChaCha20-Poly1305,256,SHA384,19,ECDSA-Sig,Tunnel,False,86400,22,Strong,Perfect Forward Secrecy (PFS) is disabled
55c2fa07-c22a-4985-b542-19e3d89d3aed,IKEv2,Main,AES-128-CBC,128,MD5,21,RSA-Sig,Tunnel,False,28800,51,Moderate,Weak hash MD5; Perfect Forward Secrecy (PFS) is disabled
cbeb5c93-37ab-4bf5-a689-bc3eb4d7311f,IKEv1,Aggressive,AES-256-GCM,256,SHA512,21,RSA-Sig,Transport,False,3600,75,Weak,Legacy IKEv1 used; IKEv1 Aggressive mode vulnerable to offline dictionary attacks; Perfect Forward Secrecy (PFS) is disabled
f1f79a20-bb78-42d5-985e-56280a914eaa,IKEv2,Main,3DES,112,MD5,21,ECDSA-Sig,Tunnel,False,86400,87,Critical,Weak encryption 3DES; Weak hash MD5; Perfect Forward Secrecy (PFS) is disabled
19755143-6951-4c32-9ec0-2e894339c061,IKEv2,Main,AES-256-CBC,256,SHA512,21,ECDSA-Sig,Tunnel,False,86400,16,Low,Perfect Forward Secrecy (PFS) is disabled
4105aa17-b8b6-43ce-b1fb-e7afba856f42,IKEv2,Main,AES-128-CBC,128,SHA1,21,PSK,Tunnel,True,3600,27,Strong,Weak hash SHA1
0c3e9986-b7be-4579-a589-53ae9b414d7b,IKEv2,Main,DES,56,MD5,5,RSA-Sig,Transport,False,86400,100,Critical,Weak encryption DES; Weak hash MD5; Weak DH group 5; Perfect Forward Secrecy (PFS) is disabled
1cb951eb-d458-4edc-b703-74369478faf1,IKEv2,Main,ChaCha20-Poly1305,256,SHA256,20,RSA-Sig,Tunnel,False,86400,17,Low,Perfect Forward Secrecy (PFS) is disabled
22165bea-e4d7-4e0e-a2b0-1188b333fe32,IKEv1,Quick,AES-128-CBC,128,SHA384,20,PSK,Tunnel,True,86400,16,Low,Legacy IKEv1 used
39b70ce9-e825-4a55-9376-46e5462ed1a7,IKEv2,Main,AES-128-CBC,128,MD5,5,PSK,Transport,True,3600,61,Weak,Weak hash MD5; Weak DH group 5
1ea63cc1-4cfe-4b47-a21b-ef803a834175,IKEv2,Main,AES-128-CBC,128,MD5,2,PSK,Tunnel,True,28800,64,Weak,Weak hash MD5; Weak DH group 2
6cb704aa-d579-411a-99d7-4734a27b6517,IKEv1,Aggressive,AES-256-GCM,256,MD5,5,RSA-Sig,Tunnel,False,86400,100,Critical,Legacy IKEv1 used; IKEv1 Aggressive mode vulnerable to offline dictionary attacks; Weak hash MD5; Weak DH group 5; Perfect Forward Secrecy (PFS) is disabled
43c763bc-e60b-4ef7-b849-e74760358289,IKEv2,Main,3DES,112,SHA1,19,RSA-Sig,Tunnel,False,3600,94,Critical,Weak encryption 3DES; Weak hash SHA1; Perfect Forward Secrecy (PFS) is disabled
33e6f3f0-c61a-4f91-af0d-bb5669aa5e87,IKEv2,Main,AES-256-CBC,256,SHA512,31,ECDSA-Sig,Transport,True,3600,5,Low,None
02e38b50-91d5-431d-9761-34c92d587a09,IKEv2,Main,AES-256-CBC,256,SHA1,20,RSA-Sig,Transport,True,28800,32,Strong,Weak hash SHA1
e5b3215c-d5ce-495a-80f0-ec4b4c0912cc,IKEv2,Main,3DES,112,SHA384,2,ECDSA-Sig,Transport,False,86400,87,Critical,Weak encryption 3DES; Weak DH group 2; Perfect Forward Secrecy (PFS) is disabled
a05435b4-fb3e-415c-9cfc-76b24f1f1c41,IKEv2,Main,DES,56,SHA256,31,PSK,Tunnel,True,3600,44,Moderate,Weak encryption DES
8603f6a6-6c78-42ba-ab95-fb55f54862dd,IKEv2,Main,ChaCha20-Poly1305,256,MD5,5,RSA-Sig,Tunnel,False,28800,81,Critical,Weak hash MD5; Weak DH group 5; Perfect Forward Secrecy (PFS) is disabled
4de5d7ac-d86d-400f-ae8b-b5aa6a4e6fd5,IKEv2,Main,ChaCha20-Poly1305,256,SHA384,5,RSA-Sig,Transport,True,28800,30,Strong,Weak DH group 5
8bda502b-1004-4561-86a7-586d06d87f1f,IKEv1,Quick,AES-128-CBC,128,SHA256,2,ECDSA-Sig,Tunnel,False,86400,74,Weak,Legacy IKEv1 used; Weak DH group 2; Perfect Forward Secrecy (PFS) is disabled
c989da87-3c08-4d35-8a98-d9753f8781ad,IKEv1,Quick,AES-128-CBC,128,SHA1,1,PSK,Transport,True,86400,75,Weak,Legacy IKEv1 used; Weak hash SHA1; Weak DH group 1
7c6e7a9f-495e-42cf-92d1-7b5a5ee06316,IKEv1,Main,ChaCha20-Poly1305,256,SHA512,14,ECDSA-Sig,Tunnel,True,86400,25,Strong,Legacy IKEv1 used
88f7d91c-3fe9-4664-b991-280ea9bfd030,IKEv2,Main,AES-256-CBC,256,SHA256,19,RSA-Sig,Transport,True,86400,0,Low,None
d6c998c5-9791-42a3-bd25-dcd9e870553a,IKEv2,Main,AES-256-CBC,256,MD5,5,ECDSA-Sig,Transport,True,28800,62,Weak,Weak hash MD5; Weak DH group 5
c329d6d0-b786-4e09-9cbd-eda6a8715d8d,IKEv2,Main,AES-128-CBC,128,SHA256,21,PSK,Tunnel,False,3600,22,Strong,Perfect Forward Secrecy (PFS) is disabled
f33851a1-b211-4aa8-aa88-bd498158abee,IKEv1,Quick,AES-256-GCM,256,SHA256,14,PSK,Tunnel,False,28800,36,Strong,Legacy IKEv1 used; Perfect Forward Secrecy (PFS) is disabled
8165bef5-0185-4623-b3df-8369acc68a7a,IKEv2,Main,DES,56,SHA1,20,RSA-Sig,Tunnel,True,28800,71,Weak,Weak encryption DES; Weak hash SHA1
0c1c858f-595b-4426-8af6-a730e20adffa,IKEv2,Main,DES,56,SHA1,1,PSK,Tunnel,True,28800,100,Critical,Weak encryption DES; Weak hash SHA1; Weak DH group 1
6047f1ed-0dc8-4b71-bb61-fba394743b08,IKEv2,Main,AES-256-GCM,256,SHA512,2,RSA-Sig,Transport,True,3600,25,Strong,Weak DH group 2
c80d5a2b-84c8-4d94-a3a0-19d37de63491,IKEv1,Quick,AES-256-GCM,256,SHA256,20,ECDSA-Sig,Tunnel,False,3600,36,Strong,Legacy IKEv1 used; Perfect Forward Secrecy (PFS) is disabled
b22d9b3e-ab18-4627-ad45-257b6bb5df9c,IKEv1,Quick,3DES,112,SHA1,1,RSA-Sig,Tunnel,False,28800,100,Critical,Legacy IKEv1 used; Weak encryption 3DES; Weak hash SHA1; Weak DH group 1; Perfect Forward Secrecy (PFS) is disabled
2fd87597-542b-464f-ab0e-bd54c9e04522,IKEv1,Quick,AES-256-CBC,256,MD5,14,PSK,Transport,True,28800,55,Moderate,Legacy IKEv1 used; Weak hash MD5
0bc36804-3303-4e38-9b6e-614b3b99ade2,IKEv1,Aggressive,ChaCha20-Poly1305,256,SHA384,14,ECDSA-Sig,Transport,True,28800,50,Moderate,Legacy IKEv1 used; IKEv1 Aggressive mode vulnerable to offline dictionary attacks
2914056a-7484-4dde-92ee-306d3a0761d1,IKEv2,Main,AES-256-GCM,256,SHA384,5,ECDSA-Sig,Tunnel,True,3600,25,Strong,Weak DH group 5
c8f4b63c-1980-4659-8afd-6bdae137c36d,IKEv1,Quick,3DES,112,MD5,1,PSK,Tunnel,True,3600,100,Critical,Legacy IKEv1 used; Weak encryption 3DES; Weak hash MD5; Weak DH group 1
48726dff-f8a9-47b9-8ada-fd9622328649,IKEv1,Aggressive,AES-256-CBC,256,MD5,1,RSA-Sig,Transport,True,3600,100,Critical,Legacy IKEv1 used; IKEv1 Aggressive mode vulnerable to offline dictionary attacks; Weak hash MD5; Weak DH group 1
de7eb7ac-0be7-4d01-9a39-84dfcb15a1de,IKEv1,Main,3DES,112,SHA384,1,ECDSA-Sig,Tunnel,False,3600,100,Critical,Legacy IKEv1 used; Weak encryption 3DES; Weak DH group 1; Perfect Forward Secrecy (PFS) is disabled
bbe758dc-443b-42e0-833d-a876e9b4f53d,IKEv2,Main,DES,56,SHA512,20,ECDSA-Sig,Tunnel,False,3600,64,Weak,Weak encryption DES; Perfect Forward Secrecy (PFS) is disabled
494067d6-9b85-42f6-9269-99c06d9fcf8e,IKEv2,Main,ChaCha20-Poly1305,256,SHA256,14,ECDSA-Sig,Transport,True,3600,0,Low,None
91ab0802-842f-4c3c-a219-af2b3e996326,IKEv1,Main,AES-256-CBC,256,SHA1,31,ECDSA-Sig,Tunnel,True,3600,55,Moderate,Legacy IKEv1 used; Weak hash SHA1
4fdd1703-8d75-46a0-a039-5e5ddcca0750,IKEv2,Main,AES-256-GCM,256,MD5,31,RSA-Sig,Tunnel,True,28800,30,Strong,Weak hash MD5
2f376b02-00d7-4c18-9c69-cd8f07debcd1,IKEv2,Main,3DES,112,SHA384,20,ECDSA-Sig,Transport,False,28800,63,Weak,Weak encryption 3DES; Perfect Forward Secrecy (PFS) is disabled
89bf6ceb-54f1-464c-8836-fa0ef85afb13,IKEv1,Quick,DES,56,SHA1,5,PSK,Transport,True,86400,100,Critical,Legacy IKEv1 used; Weak encryption DES; Weak hash SHA1; Weak DH group 5
b8bc26bc-0d2b-4adc-b450-0fdc0138055f,IKEv2,Main,AES-256-GCM,256,SHA256,1,ECDSA-Sig,Tunnel,True,86400,34,Strong,Weak DH group 1
ff40759c-a104-42d6-929d-9cbff53657be,IKEv2,Main,AES-128-CBC,128,MD5,19,RSA-Sig,Transport,False,86400,46,Moderate,Weak hash MD5; Perfect Forward Secrecy (PFS) is disabled
fc64262b-6ae4-485b-97c9-202b8ae1442a,IKEv1,Main,DES,56,MD5,21,RSA-Sig,Tunnel,False,86400,100,Critical,Legacy IKEv1 used; Weak encryption DES; Weak hash MD5; Perfect Forward Secrecy (PFS) is disabled
65c99a5f-7361-4804-bfe8-f206fbb3023a,IKEv2,Main,AES-128-CBC,128,SHA384,21,ECDSA-Sig,Transport,True,86400,5,Low,None
694c0fb2-8448-44a8-bfbd-41257bec00d5,IKEv2,Main,AES-256-GCM,256,SHA1,21,ECDSA-Sig,Tunnel,True,3600,28,Strong,Weak hash SHA1
47990515-aa47-49b4-a3eb-ebd1eef296ad,IKEv2,Main,3DES,112,SHA512,1,ECDSA-Sig,Tunnel,True,86400,72,Weak,Weak encryption 3DES; Weak DH group 1
6a7f80b5-c8f3-42dc-879f-a91af2e4bf11,IKEv2,Main,AES-256-GCM,256,SHA512,19,RSA-Sig,Tunnel,True,28800,0,Low,None
39729df5-6ece-407b-99f5-dae23d22099d,IKEv2,Main,AES-256-CBC,256,SHA1,2,ECDSA-Sig,Tunnel,False,86400,85,Critical,Weak hash SHA1; Weak DH group 2; Perfect Forward Secrecy (PFS) is disabled
2fca128c-a764-4174-98b1-e9583fdcb372,IKEv1,Main,AES-128-CBC,128,SHA512,31,PSK,Transport,True,86400,25,Strong,Legacy IKEv1 used
51a5fff5-dd2d-4379-9829-d49ab2298f37,IKEv2,Main,DES,56,SHA256,31,ECDSA-Sig,Tunnel,False,28800,65,Weak,Weak encryption DES; Perfect Forward Secrecy (PFS) is disabled
987f003f-d9f6-4fbb-af3d-12b41f55b62b,IKEv2,Main,AES-128-CBC,128,SHA256,31,PSK,Tunnel,True,3600,1,Low,None
28cbf1a0-b3bd-42e8-8f41-ea006ab4cfd9,IKEv2,Main,DES,56,SHA512,14,PSK,Transport,False,86400,57,Moderate,Weak encryption DES; Perfect Forward Secrecy (PFS) is disabled
80b8ddf5-ea24-4139-b6c2-07f6d12117d6,IKEv2,Main,AES-256-GCM,256,SHA1,5,ECDSA-Sig,Tunnel,False,3600,83,Critical,Weak hash SHA1; Weak DH group 5; Perfect Forward Secrecy (PFS) is disabled
749e159d-bdf1-48a5-a6ba-31369ff2adbe,IKEv1,Main,AES-256-GCM,256,MD5,19,RSA-Sig,Tunnel,False,86400,74,Weak,Legacy IKEv1 used; Weak hash MD5; Perfect Forward Secrecy (PFS) is disabled
56938d3f-230c-4ff8-bbe2-aa4a45e4835c,IKEv1,Quick,3DES,112,SHA512,1,ECDSA-Sig,Tunnel,True,28800,85,Critical,Legacy IKEv1 used; Weak encryption 3DES; Weak DH group 1
a9d8f532-7f78-4140-83aa-0e685fab17a6,IKEv2,Main,3DES,112,SHA384,31,PSK,Tunnel,False,3600,55,Moderate,Weak encryption 3DES; Perfect Forward Secrecy (PFS) is disabled
f2f6bea6-7f5a-4a2a-9b95-cfce17d00d22,IKEv1,Aggressive,ChaCha20-Poly1305,256,SHA384,31,ECDSA-Sig,Transport,True,28800,55,Moderate,Legacy IKEv1 used; IKEv1 Aggressive mode vulnerable to offline dictionary attacks
07678200-f81c-4b2c-8899-1314241a9280,IKEv2,Main,ChaCha20-Poly1305,256,SHA384,21,RSA-Sig,Tunnel,False,3600,17,Low,Perfect Forward Secrecy (PFS) is disabled
0d16645a-1213-48e1-8c1a-87580f692184,IKEv2,Main,AES-256-CBC,256,SHA256,2,RSA-Sig,Transport,False,3600,53,Moderate,Weak DH group 2; Perfect Forward Secrecy (PFS) is disabled
a59c3f95-164e-4c53-832f-db1530027760,IKEv1,Main,3DES,112,MD5,5,RSA-Sig,Transport,True,28800,100,Critical,Legacy IKEv1 used; Weak encryption 3DES; Weak hash MD5; Weak DH group 5
7cbd491f-7014-4573-a853-aebe7936986e,IKEv1,Aggressive,ChaCha20-Poly1305,256,SHA384,20,PSK,Transport,False,28800,92,Critical,Legacy IKEv1 used; IKEv1 Aggressive mode vulnerable to offline dictionary attacks; PSK with Aggressive Mode is highly risky; Perfect Forward Secrecy (PFS) is disabled
cc5dc890-bf98-4fc5-8aae-fb6d0750641b,IKEv2,Main,AES-256-GCM,256,SHA384,21,PSK,Transport,False,28800,17,Low,Perfect Forward Secrecy (PFS) is disabled
b0cd3212-e41d-4048-abf2-f9ff2ae141e2,IKEv2,Main,3DES,112,SHA512,21,PSK,Tunnel,False,3600,56,Moderate,Weak encryption 3DES; Perfect Forward Secrecy (PFS) is disabled
3a8f1da7-491c-458d-9d7c-ba0313fa42f3,IKEv2,Main,ChaCha20-Poly1305,256,SHA384,1,PSK,Transport,False,86400,52,Moderate,Weak DH group 1; Perfect Forward Secrecy (PFS) is disabled
48cd75b0-b038-4755-be81-0c9b980b3fb5,IKEv2,Main,3DES,112,SHA384,5,PSK,Transport,False,86400,90,Critical,Weak encryption 3DES; Weak DH group 5; Perfect Forward Secrecy (PFS) is disabled
e634585e-544a-4853-8b64-cf6c7b0536e0,IKEv2,Main,3DES,112,SHA1,2,PSK,Tunnel,False,28800,100,Critical,Weak encryption 3DES; Weak hash SHA1; Weak DH group 2; Perfect Forward Secrecy (PFS) is disabled
fbd8e248-93c0-44ec-819a-9ac4002f728c,IKEv1,Main,ChaCha20-Poly1305,256,SHA256,20,ECDSA-Sig,Transport,True,28800,20,Strong,Legacy IKEv1 used
b3d52c45-e0f4-4965-a189-61cce7233443,IKEv2,Main,DES,56,SHA256,2,PSK,Tunnel,True,86400,69,Weak,Weak encryption DES; Weak DH group 2
86654833-fc69-44dd-b31d-fa13759dd247,IKEv1,Aggressive,3DES,112,SHA1,21,RSA-Sig,Tunnel,True,86400,100,Critical,Legacy IKEv1 used; IKEv1 Aggressive mode vulnerable to offline dictionary attacks; Weak encryption 3DES; Weak hash SHA1
773aad21-47f6-4044-a54c-0e63cb883dd7,IKEv1,Aggressive,AES-256-CBC,256,SHA1,31,PSK,Tunnel,True,3600,100,Critical,Legacy IKEv1 used; IKEv1 Aggressive mode vulnerable to offline dictionary attacks; Weak hash SHA1; PSK with Aggressive Mode is highly risky
96fcc218-21cb-4eb0-9c53-8fa7fb7e3567,IKEv2,Main,3DES,112,SHA512,2,RSA-Sig,Transport,True,3600,68,Weak,Weak encryption 3DES; Weak DH group 2
ff0c86e6-5f0c-4a8e-a5ad-30df01b781a5,IKEv2,Main,3DES,112,SHA512,19,RSA-Sig,Transport,True,28800,43,Moderate,Weak encryption 3DES
37e1cb62-7bd6-496d-9299-091a3b51cda8,IKEv2,Main,AES-256-CBC,256,SHA256,1,PSK,Transport,False,86400,55,Moderate,Weak DH group 1; Perfect Forward Secrecy (PFS) is disabled
2193463b-9ca7-4164-97d4-9330f81a074c,IKEv2,Main,DES,56,SHA512,19,ECDSA-Sig,Tunnel,True,86400,41,Moderate,Weak encryption DES
9d98e576-557e-42ae-8778-0434b4450433,IKEv1,Main,3DES,112,SHA1,5,ECDSA-Sig,Transport,True,3600,100,Critical,Legacy IKEv1 used; Weak encryption 3DES; Weak hash SHA1; Weak DH group 5
a5671c33-5347-44f0-9242-caf008a3eaf6,IKEv2,Main,AES-256-CBC,256,SHA384,31,ECDSA-Sig,Tunnel,False,86400,18,Low,Perfect Forward Secrecy (PFS) is disabled
ab9413c9-6e26-4076-8a51-3feeb0be4b3c,IKEv2,Main,AES-256-CBC,256,SHA1,1,PSK,Transport,False,28800,76,Weak,Weak hash SHA1; Weak DH group 1; Perfect Forward Secrecy (PFS) is disabled
eadcf22f-e061-4f08-a9ef-dac0166eccb9,IKEv2,Main,3DES,112,SHA384,19,RSA-Sig,Transport,True,3600,42,Moderate,Weak encryption 3DES
903995b9-4bd1-45a3-ba42-741244e2b102,IKEv2,Main,3DES,112,SHA256,14,RSA-Sig,Transport,False,86400,62,Weak,Weak encryption 3DES; Perfect Forward Secrecy (PFS) is disabled
f32b799d-bbd7-48a2-80dc-3aa4d8b97e55,IKEv1,Main,AES-128-CBC,128,SHA256,1,ECDSA-Sig,Tunnel,False,28800,74,Weak,Legacy IKEv1 used; Weak DH group 1; Perfect Forward Secrecy (PFS) is disabled
8536c1a6-28ef-4d98-87cb-61da29969edf,IKEv1,Aggressive,AES-128-CBC,128,SHA256,14,PSK,Transport,False,3600,92,Critical,Legacy IKEv1 used; IKEv1 Aggressive mode vulnerable to offline dictionary attacks; PSK with Aggressive Mode is highly risky; Perfect Forward Secrecy (PFS) is disabled
b31ea1f4-20e9-407a-8957-2c7d68b576fe,IKEv2,Main,AES-256-GCM,256,SHA1,20,PSK,Transport,False,28800,46,Moderate,Weak hash SHA1; Perfect Forward Secrecy (PFS) is disabled
3ccd822a-2604-4015-b59a-977cdd2c701d,IKEv2,Main,ChaCha20-Poly1305,256,SHA512,14,ECDSA-Sig,Transport,True,3600,2,Low,None
9eadf2c7-c879-43f9-bd1a-a1fc7bc7b90b,IKEv2,Main,ChaCha20-Poly1305,256,SHA256,1,PSK,Transport,True,28800,32,Strong,Weak DH group 1
2e14e9b5-c370-47e5-b4b5-7ef5a43c033f,IKEv1,Quick,AES-256-GCM,256,SHA1,20,ECDSA-Sig,Transport,True,28800,50,Moderate,Legacy IKEv1 used; Weak hash SHA1
ea4d11ea-f783-4709-8271-965e248e2cc3,IKEv1,Aggressive,AES-256-GCM,256,SHA256,2,ECDSA-Sig,Transport,True,3600,76,Weak,Legacy IKEv1 used; IKEv1 Aggressive mode vulnerable to offline dictionary attacks; Weak DH group 2
a8be1d27-b3b5-4f16-8a96-4ef2c3844faa,IKEv2,Main,3DES,112,SHA384,5,RSA-Sig,Transport,True,3600,72,Weak,Weak encryption 3DES; Weak DH group 5
bd56ca03-3553-42dc-af08-17806d6b5371,IKEv2,Main,DES,56,SHA512,21,RSA-Sig,Transport,True,28800,45,Moderate,Weak encryption DES
0534f779-f0b8-4a55-a9b0-d9b11241cb8a,IKEv2,Main,AES-256-GCM,256,SHA384,5,PSK,Tunnel,False,86400,45,Moderate,Weak DH group 5; Perfect Forward Secrecy (PFS) is disabled
170eee0d-b977-4e5a-aa53-a70b47a8485b,IKEv2,Main,AES-256-GCM,256,SHA384,21,RSA-Sig,Tunnel,True,86400,0,Low,None
b901b94c-4e50-4547-8395-e2001c913c67,IKEv2,Main,DES,56,SHA256,31,RSA-Sig,Transport,False,86400,61,Weak,Weak encryption DES; Perfect Forward Secrecy (PFS) is disabled
79d4338f-4f55-4c5a-8b09-48c872b6602f,IKEv1,Quick,AES-256-CBC,256,MD5,20,PSK,Transport,True,86400,51,Moderate,Legacy IKEv1 used; Weak hash MD5
d4efc424-e58b-4408-b3fc-8df7dded9fb3,IKEv2,Main,DES,56,MD5,14,RSA-Sig,Tunnel,False,3600,85,Critical,Weak encryption DES; Weak hash MD5; Perfect Forward Secrecy (PFS) is disabled
a1767487-2693-46f1-b8d5-7dd0e44286c6,IKEv1,Aggressive,AES-128-CBC,128,SHA512,2,PSK,Tunnel,False,28800,100,Critical,Legacy IKEv1 used; IKEv1 Aggressive mode vulnerable to offline dictionary attacks; Weak DH group 2; PSK with Aggressive Mode is highly risky; Perfect Forward Secrecy (PFS) is disabled
d55cbca3-4bed-4d06-bc33-ee455872e8f4,IKEv2,Main,DES,56,SHA512,14,ECDSA-Sig,Transport,False,3600,63,Weak,Weak encryption DES; Perfect Forward Secrecy (PFS) is disabled
09caa59d-10b5-49c6-a676-119802236d52,IKEv2,Main,ChaCha20-Poly1305,256,SHA1,31,PSK,Tunnel,False,28800,45,Moderate,Weak hash SHA1; Perfect Forward Secrecy (PFS) is disabled
f71bca97-ed77-48b4-b094-db7c7c50a09a,IKEv2,Main,AES-128-CBC,128,SHA384,21,ECDSA-Sig,Tunnel,True,28800,0,Low,None
5d85cb4a-49a3-4127-9e36-eac0a46a222a,IKEv1,Main,ChaCha20-Poly1305,256,SHA384,2,ECDSA-Sig,Transport,False,28800,74,Weak,Legacy IKEv1 used; Weak DH group 2; Perfect Forward Secrecy (PFS) is disabled
94d1fe12-2dfc-4ecb-bdda-9a76cd3eef21,IKEv2,Main,3DES,112,SHA384,20,RSA-Sig,Transport,True,3600,44,Moderate,Weak encryption 3DES
e3c070ae-d4fd-4d73-8bc5-c1694d22d36b,IKEv2,Main,3DES,112,SHA512,2,ECDSA-Sig,Transport,False,86400,95,Critical,Weak encryption 3DES; Weak DH group 2; Perfect Forward Secrecy (PFS) is disabled
0e030ebe-e491-4e2d-af74-555c904f0e62,IKEv2,Main,AES-128-CBC,128,SHA384,5,ECDSA-Sig,Tunnel,True,86400,29,Strong,Weak DH group 5
1b5594a5-d003-4dcf-862b-975a10ff53a9,IKEv2,Main,ChaCha20-Poly1305,256,SHA1,2,ECDSA-Sig,Tunnel,True,28800,63,Weak,Weak hash SHA1; Weak DH group 2
5a1c4013-da02-4268-9b5d-2a8ebb81e617,IKEv1,Main,DES,56,SHA512,2,RSA-Sig,Transport,False,86400,100,Critical,Legacy IKEv1 used; Weak encryption DES; Weak DH group 2; Perfect Forward Secrecy (PFS) is disabled
49429c9e-5957-4455-8e0d-2be20b106136,IKEv2,Main,AES-256-CBC,256,MD5,14,PSK,Transport,False,28800,48,Moderate,Weak hash MD5; Perfect Forward Secrecy (PFS) is disabled
40f83686-0c8f-402f-9733-ae37832f7a5a,IKEv1,Quick,AES-256-GCM,256,MD5,2,RSA-Sig,Transport,True,28800,85,Critical,Legacy IKEv1 used; Weak hash MD5; Weak DH group 2
4c5f0d53-d69e-48f4-ab12-3e9477848aef,IKEv2,Main,AES-256-GCM,256,SHA384,31,RSA-Sig,Tunnel,False,28800,25,Strong,Perfect Forward Secrecy (PFS) is disabled
19bf1dde-1350-4539-a02d-6d62e7503d9e,IKEv2,Main,AES-256-CBC,256,SHA256,5,RSA-Sig,Tunnel,False,3600,52,Moderate,Weak DH group 5; Perfect Forward Secrecy (PFS) is disabled
f52b81c3-d423-4ef4-b3b5-3abc7e4f48d1,IKEv2,Main,DES,56,SHA1,19,PSK,Tunnel,True,28800,70,Weak,Weak encryption DES; Weak hash SHA1
8f90fce0-54e5-4ba8-a15e-fcce240dc39e,IKEv1,Quick,3DES,112,SHA1,20,PSK,Transport,True,28800,90,Critical,Legacy IKEv1 used; Weak encryption 3DES; Weak hash SHA1
2dfb55a3-dac0-4d12-976d-1a54ae15fc27,IKEv1,Quick,AES-256-GCM,256,SHA384,1,ECDSA-Sig,Transport,False,3600,65,Weak,Legacy IKEv1 used; Weak DH group 1; Perfect Forward Secrecy (PFS) is disabled
8cfba8f4-7e20-4f75-9a81-c4ae2899a632,IKEv2,Main,AES-256-GCM,256,SHA384,21,ECDSA-Sig,Tunnel,False,3600,18,Low,Perfect Forward Secrecy (PFS) is disabled
95a2d9cf-550a-480e-8b61-67d10e6dec11,IKEv2,Main,AES-128-CBC,128,SHA1,5,ECDSA-Sig,Tunnel,True,3600,62,Weak,Weak hash SHA1; Weak DH group 5
91dda718-85fc-47ac-97f3-f08092d50a09,IKEv2,Main,DES,56,SHA384,19,PSK,Transport,True,28800,40,Moderate,Weak encryption DES
21519eac-caa6-48ca-9867-5c903501ab58,IKEv1,Quick,AES-256-GCM,256,MD5,5,ECDSA-Sig,Tunnel,True,86400,83,Critical,Legacy IKEv1 used; Weak hash MD5; Weak DH group 5
7e9ee78e-11d1-4867-b49f-1f32ec505fa2,IKEv2,Main,AES-128-CBC,128,SHA384,31,PSK,Transport,True,3600,4,Low,None
767c3803-5337-4456-aa13-5488f33e0ba0,IKEv2,Main,ChaCha20-Poly1305,256,MD5,14,RSA-Sig,Transport,True,86400,34,Strong,Weak hash MD5
6ac12758-b42e-4c43-a9ba-4ea182084a14,IKEv2,Main,AES-256-CBC,256,MD5,20,PSK,Transport,True,28800,32,Strong,Weak hash MD5
8cbe83d2-6b18-4f54-85bb-ca317d0a0f4f,IKEv2,Main,DES,56,SHA1,2,ECDSA-Sig,Transport,True,3600,100,Critical,Weak encryption DES; Weak hash SHA1; Weak DH group 2
e73b3fa5-d8ef-4ae0-8da0-74ad068de2b9,IKEv2,Main,AES-256-GCM,256,MD5,31,PSK,Transport,False,86400,50,Moderate,Weak hash MD5; Perfect Forward Secrecy (PFS) is disabled
d69f0f43-1d8d-402b-aa60-87e645ca261c,IKEv1,Aggressive,AES-256-CBC,256,SHA512,5,PSK,Transport,False,28800,100,Critical,Legacy IKEv1 used; IKEv1 Aggressive mode vulnerable to offline dictionary attacks; Weak DH group 5; PSK with Aggressive Mode is highly risky; Perfect Forward Secrecy (PFS) is disabled
808faebb-95b5-4fae-9c43-7c8ac87a8e43,IKEv2,Main,3DES,112,SHA256,14,ECDSA-Sig,Transport,True,86400,36,Strong,Weak encryption 3DES
998ffcfa-2d93-42d6-a7ea-17e878a0e528,IKEv2,Main,AES-128-CBC,128,SHA512,20,RSA-Sig,Tunnel,False,86400,16,Low,Perfect Forward Secrecy (PFS) is disabled
62ddc39f-722d-4ae1-a508-d5b67d70fe0c,IKEv1,Quick,AES-256-GCM,256,MD5,20,RSA-Sig,Tunnel,True,28800,55,Moderate,Legacy IKEv1 used; Weak hash MD5
774c11e7-31e4-49af-b4f4-d4b8f8a7d665,IKEv2,Main,AES-128-CBC,128,SHA512,20,ECDSA-Sig,Transport,True,28800,0,Low,None
cbb43c62-2bc2-43f3-86a8-3b59f2d9af1b,IKEv2,Main,ChaCha20-Poly1305,256,SHA256,19,RSA-Sig,Transport,True,3600,0,Low,None
5ad8b79f-f53f-42d4-bf85-b638a3fbcfd0,IKEv2,Main,AES-256-CBC,256,MD5,14,PSK,Transport,True,86400,30,Strong,Weak hash MD5
aeee2bbc-675f-4326-b245-da7cec6603d9,IKEv2,Main,3DES,112,SHA384,21,RSA-Sig,Tunnel,True,86400,40,Moderate,Weak encryption 3DES
110209e9-8ebe-4a8f-b323-05285566e1c8,IKEv1,Main,DES,56,SHA256,31,ECDSA-Sig,Transport,False,3600,85,Critical,Legacy IKEv1 used; Weak encryption DES; Perfect Forward Secrecy (PFS) is disabled
c164021d-d993-41f3-a0ee-c5b5095d1b9d,IKEv1,Aggressive,AES-256-CBC,256,SHA256,19,PSK,Tunnel,True,28800,69,Weak,Legacy IKEv1 used; IKEv1 Aggressive mode vulnerable to offline dictionary attacks; PSK with Aggressive Mode is highly risky
1bd714f6-d275-4697-a459-a57a2635a300,IKEv2,Main,3DES,112,SHA1,21,PSK,Tunnel,True,3600,73,Weak,Weak encryption 3DES; Weak hash SHA1
f290254f-a2fb-4138-97ca-dfbfa37eaa5d,IKEv1,Quick,DES,56,SHA1,20,RSA-Sig,Tunnel,False,3600,100,Critical,Legacy IKEv1 used; Weak encryption DES; Weak hash SHA1; Perfect Forward Secrecy (PFS) is disabled
d23cf684-1247-49c7-b2f7-eb4a4d4b64ee,IKEv2,Main,AES-256-GCM,256,MD5,19,RSA-Sig,Transport,False,28800,50,Moderate,Weak hash MD5; Perfect Forward Secrecy (PFS) is disabled
7e7def04-1c10-4591-bc40-31f31af457d6,IKEv2,Main,AES-256-CBC,256,MD5,14,RSA-Sig,Transport,False,86400,46,Moderate,Weak hash MD5; Perfect Forward Secrecy (PFS) is disabled
86fafd5f-b8f2-47a2-87e0-8cdde6423ce7,IKEv2,Main,DES,56,SHA1,31,RSA-Sig,Transport,False,28800,85,Critical,Weak encryption DES; Weak hash SHA1; Perfect Forward Secrecy (PFS) is disabled
dcdc400b-e7f4-495d-9a7a-94afc9a9c865,IKEv1,Main,AES-256-GCM,256,MD5,1,ECDSA-Sig,Transport,False,3600,97,Critical,Legacy IKEv1 used; Weak hash MD5; Weak DH group 1; Perfect Forward Secrecy (PFS) is disabled
b3e2bd8e-5d93-40e3-ab74-4e2bd675496b,IKEv2,Main,3DES,112,SHA384,14,RSA-Sig,Tunnel,True,28800,42,Moderate,Weak encryption 3DES
713e31f8-e93b-45ff-b857-8d43eff6e030,IKEv2,Main,ChaCha20-Poly1305,256,SHA384,14,ECDSA-Sig,Tunnel,False,86400,17,Low,Perfect Forward Secrecy (PFS) is disabled
776b7fe7-6743-4bbd-adc9-779498b59c53,IKEv2,Main,AES-256-CBC,256,MD5,1,ECDSA-Sig,Tunnel,True,3600,61,Weak,Weak hash MD5; Weak DH group 1
36257dd1-f3de-41ab-9481-aff7019e6dd3,IKEv2,Main,AES-128-CBC,128,MD5,1,RSA-Sig,Tunnel,False,3600,76,Weak,Weak hash MD5; Weak DH group 1; Perfect Forward Secrecy (PFS) is disabled
32033076-f8da-432d-99a8-edc39f4bb7a8,IKEv2,Main,AES-128-CBC,128,MD5,21,ECDSA-Sig,Transport,True,3600,29,Strong,Weak hash MD5
c7bbf0c9-facd-4a6a-bd28-1fbd5c21f48f,IKEv1,Quick,DES,56,SHA1,19,PSK,Transport,False,28800,100,Critical,Legacy IKEv1 used; Weak encryption DES; Weak hash SHA1; Perfect Forward Secrecy (PFS) is disabled
b17979da-f57a-4da2-b065-73308da20127,IKEv1,Quick,AES-256-CBC,256,SHA256,31,PSK,Tunnel,True,28800,18,Low,Legacy IKEv1 used
13624f2a-91bf-49b2-83ca-aa655b0da4f7,IKEv2,Main,AES-256-CBC,256,MD5,14,ECDSA-Sig,Tunnel,True,3600,28,Strong,Weak hash MD5
9296d81b-950a-4f0a-bb8c-8aa65552dd5c,IKEv1,Aggressive,AES-128-CBC,128,SHA1,21,ECDSA-Sig,Tunnel,True,28800,76,Weak,Legacy IKEv1 used; IKEv1 Aggressive mode vulnerable to offline dictionary attacks; Weak hash SHA1
4178e11c-790c-438a-8bb3-4de4a94be576,IKEv2,Main,AES-256-GCM,256,MD5,1,RSA-Sig,Tunnel,False,86400,81,Critical,Weak hash MD5; Weak DH group 1; Perfect Forward Secrecy (PFS) is disabled
32bd451b-b23c-4463-87b5-06ca76586c99,IKEv1,Quick,AES-256-GCM,256,SHA1,20,PSK,Transport,False,28800,68,Weak,Legacy IKEv1 used; Weak hash SHA1; Perfect Forward Secrecy (PFS) is disabled
d9c3c38a-71d1-4cc4-97c9-db9ba08bfdaa,IKEv1,Main,DES,56,MD5,5,RSA-Sig,Transport,False,86400,100,Critical,Legacy IKEv1 used; Weak encryption DES; Weak hash MD5; Weak DH group 5; Perfect Forward Secrecy (PFS) is disabled
4893972a-721b-4b5e-9f48-40873a783353,IKEv1,Main,AES-128-CBC,128,SHA384,31,ECDSA-Sig,Tunnel,True,3600,18,Low,Legacy IKEv1 used
78a12064-c9fc-4057-916d-228a6d7a011b,IKEv2,Main,AES-256-CBC,256,SHA512,5,RSA-Sig,Transport,False,86400,50,Moderate,Weak DH group 5; Perfect Forward Secrecy (PFS) is disabled
4576c471-d071-4c9b-a1a5-2f4641c9ccb8,IKEv2,Main,AES-256-CBC,256,SHA512,19,PSK,Transport,True,28800,0,Low,None
a5dcf8a0-934a-47de-8b89-99d29673a65d,IKEv1,Quick,DES,56,SHA512,31,RSA-Sig,Transport,True,28800,61,Weak,Legacy IKEv1 used; Weak encryption DES
0747c8de-f14c-4dba-b791-716180b18a44,IKEv2,Main,AES-256-CBC,256,SHA512,31,RSA-Sig,Transport,False,28800,15,Low,Perfect Forward Secrecy (PFS) is disabled
0a2eb4e7-402f-4ca8-8be3-5c24a6dd6390,IKEv2,Main,AES-128-CBC,128,SHA512,19,RSA-Sig,Tunnel,False,86400,25,Strong,Perfect Forward Secrecy (PFS) is disabled
6f8a08a8-3141-4641-b505-369617870e2c,IKEv2,Main,AES-128-CBC,128,SHA512,1,ECDSA-Sig,Transport,True,28800,35,Strong,Weak DH group 1
51ee9186-0cc3-4c36-9e97-6661859208dd,IKEv2,Main,AES-256-GCM,256,SHA256,5,RSA-Sig,Tunnel,False,86400,54,Moderate,Weak DH group 5; Perfect Forward Secrecy (PFS) is disabled
03ae4249-65ae-45ae-a739-91a495b7c5b6,IKEv1,Main,AES-128-CBC,128,SHA1,31,PSK,Tunnel,True,3600,46,Moderate,Legacy IKEv1 used; Weak hash SHA1
fec6afcc-8fc5-4cac-874f-d87ab33aa014,IKEv2,Main,AES-256-CBC,256,SHA512,31,PSK,Transport,False,3600,22,Strong,Perfect Forward Secrecy (PFS) is disabled
3e90209d-5220-4fc0-98be-d0a47c38f497,IKEv1,Quick,AES-256-GCM,256,MD5,20,ECDSA-Sig,Tunnel,True,86400,52,Moderate,Legacy IKEv1 used; Weak hash MD5
fc8e2e90-bc15-4676-9e5e-fe1abb79cde5,IKEv2,Main,ChaCha20-Poly1305,256,MD5,1,RSA-Sig,Transport,False,28800,85,Critical,Weak hash MD5; Weak DH group 1; Perfect Forward Secrecy (PFS) is disabled
a430f69c-db7b-4b6b-b5d1-6a4f58a78f78,IKEv2,Main,AES-128-CBC,128,SHA384,5,PSK,Tunnel,True,86400,34,Strong,Weak DH group 5
d695682e-0019-4271-80e9-c79bf6a72bc3,IKEv2,Main,DES,56,MD5,31,RSA-Sig,Transport,True,86400,73,Weak,Weak encryption DES; Weak hash MD5
b6b7b396-30da-4c80-8c22-44d45c157b36,IKEv1,Quick,AES-256-GCM,256,MD5,20,PSK,Transport,False,86400,67,Weak,Legacy IKEv1 used; Weak hash MD5; Perfect Forward Secrecy (PFS) is disabled
f7951cf4-8b78-47eb-9174-798bd2163d3f,IKEv2,Main,AES-256-CBC,256,SHA512,19,ECDSA-Sig,Transport,False,3600,22,Strong,Perfect Forward Secrecy (PFS) is disabled
4c7ea872-8781-4b4b-9441-dd5413ebc645,IKEv2,Main,AES-128-CBC,128,SHA384,21,PSK,Transport,True,3600,0,Low,None
b44848b0-ffed-4bde-ba2d-26bb5f96192d,IKEv1,Main,AES-256-GCM,256,SHA256,19,RSA-Sig,Tunnel,False,3600,43,Moderate,Legacy IKEv1 used; Perfect Forward Secrecy (PFS) is disabled
ce1bb380-51bb-4a3f-ba8f-a8468b235d6f,IKEv1,Quick,ChaCha20-Poly1305,256,SHA1,14,RSA-Sig,Tunnel,True,3600,45,Moderate,Legacy IKEv1 used; Weak hash SHA1
ddab14a8-10db-4127-b56a-db3474a395c8,IKEv2,Main,ChaCha20-Poly1305,256,SHA256,21,RSA-Sig,Transport,False,28800,23,Strong,Perfect Forward Secrecy (PFS) is disabled
ebc7d7b2-5e75-4d74-b5e3-03175b42999a,IKEv1,Quick,AES-256-GCM,256,MD5,31,PSK,Tunnel,True,3600,51,Moderate,Legacy IKEv1 used; Weak hash MD5
35f4f854-2997-40e6-9609-fbc5e0e5a5af,IKEv2,Main,AES-128-CBC,128,SHA256,14,RSA-Sig,Tunnel,False,86400,24,Strong,Perfect Forward Secrecy (PFS) is disabled
8bad0d19-9709-4319-b033-a510c6256c79,IKEv2,Main,3DES,112,SHA384,5,PSK,Transport,True,3600,72,Weak,Weak encryption 3DES; Weak DH group 5
a37be6a1-1a28-463b-9126-8983ae997603,IKEv2,Main,AES-256-CBC,256,SHA512,20,PSK,Transport,False,28800,23,Strong,Perfect Forward Secrecy (PFS) is disabled
2a5f2b5a-93c0-4069-96b6-f81c8e60b9a3,IKEv2,Main,DES,56,SHA384,5,ECDSA-Sig,Transport,True,3600,67,Weak,Weak encryption DES; Weak DH group 5
6cbd3486-e450-4b35-8e66-92bd15b2c263,IKEv2,Main,ChaCha20-Poly1305,256,SHA1,21,RSA-Sig,Transport,False,86400,54,Moderate,Weak hash SHA1; Perfect Forward Secrecy (PFS) is disabled
69df397c-4cf2-44a7-9964-11e773cb92e2,IKEv1,Aggressive,DES,56,MD5,21,RSA-Sig,Tunnel,False,28800,100,Critical,Legacy IKEv1 used; IKEv1 Aggressive mode vulnerable to offline dictionary attacks; Weak encryption DES; Weak hash MD5; Perfect Forward Secrecy (PFS) is disabled
b2120529-2b1a-4c02-952e-0bc8d63a3fc4,IKEv2,Main,AES-256-GCM,256,SHA1,2,ECDSA-Sig,Tunnel,True,86400,57,Moderate,Weak hash SHA1; Weak DH group 2
3d8df27d-ae4a-430d-84de-bdecc608f365,IKEv2,Main,AES-128-CBC,128,MD5,21,ECDSA-Sig,Tunnel,False,28800,46,Moderate,Weak hash MD5; Perfect Forward Secrecy (PFS) is disabled
b21880d7-8bd4-47a3-b3ac-46fdee8be918,IKEv2,Main,DES,56,SHA384,14,PSK,Transport,True,3600,41,Moderate,Weak encryption DES
3d1710db-66ac-4830-a7f6-016801af8b08,IKEv2,Main,3DES,112,SHA1,20,RSA-Sig,Transport,True,86400,75,Weak,Weak encryption 3DES; Weak hash SHA1
543373c3-d245-4608-a60b-d8cff61fe3fc,IKEv2,Main,3DES,112,SHA512,1,RSA-Sig,Transport,False,3600,94,Critical,Weak encryption 3DES; Weak DH group 1; Perfect Forward Secrecy (PFS) is disabled
a6fabcbb-e67c-437e-87cc-5312c6386f0a,IKEv1,Main,DES,56,MD5,20,PSK,Tunnel,True,28800,94,Critical,Legacy IKEv1 used; Weak encryption DES; Weak hash MD5
4ae7ed56-d0e8-406b-bb5b-8460404bead7,IKEv2,Main,3DES,112,SHA1,21,PSK,Tunnel,False,28800,90,Critical,Weak encryption 3DES; Weak hash SHA1; Perfect Forward Secrecy (PFS) is disabled
760aa951-cf59-4e66-9e65-b5de1e0f1a0e,IKEv2,Main,DES,56,SHA512,20,RSA-Sig,Tunnel,True,86400,43,Moderate,Weak encryption DES
a04bdf1a-92f9-43ae-a52f-0f25ae357ec8,IKEv2,Main,AES-256-CBC,256,SHA384,31,PSK,Transport,True,86400,1,Low,None
ca32da81-4981-40e8-bedf-b1baef336626,IKEv2,Main,DES,56,SHA256,5,RSA-Sig,Tunnel,True,28800,71,Weak,Weak encryption DES; Weak DH group 5
fcfaa55a-f001-4220-81e2-a01511207e70,IKEv2,Main,AES-256-GCM,256,SHA384,21,RSA-Sig,Tunnel,True,28800,4,Low,None
e355e0a2-fdf9-46d5-b773-48d4db17fb44,IKEv2,Main,AES-128-CBC,128,SHA384,21,PSK,Transport,False,28800,18,Low,Perfect Forward Secrecy (PFS) is disabled
eb949604-7e90-4c2e-972d-eb244c2b69ba,IKEv1,Aggressive,AES-256-GCM,256,SHA384,19,RSA-Sig,Tunnel,True,3600,49,Moderate,Legacy IKEv1 used; IKEv1 Aggressive mode vulnerable to offline dictionary attacks
d880b82e-fd33-436c-9604-d82aee24170e,IKEv2,Main,AES-256-CBC,256,MD5,21,PSK,Transport,True,3600,31,Strong,Weak hash MD5
9a66f0b0-b6b5-411e-8f86-525cb1931134,IKEv1,Quick,AES-256-GCM,256,MD5,2,ECDSA-Sig,Transport,True,86400,80,Critical,Legacy IKEv1 used; Weak hash MD5; Weak DH group 2
7400bd98-53f1-4691-b1dc-27baa39a13bf,IKEv2,Main,AES-256-GCM,256,SHA1,20,ECDSA-Sig,Transport,True,86400,29,Strong,Weak hash SHA1
9624d4f5-7f63-40df-be87-41374b4583a5,IKEv1,Quick,ChaCha20-Poly1305,256,SHA256,20,ECDSA-Sig,Transport,False,86400,42,Moderate,Legacy IKEv1 used; Perfect Forward Secrecy (PFS) is disabled
f83dc8d4-9f84-44a5-8e31-989b27706008,IKEv2,Main,AES-256-GCM,256,SHA1,21,RSA-Sig,Tunnel,True,28800,27,Strong,Weak hash SHA1
e026d32d-ccc1-414c-8a1b-977b06096876,IKEv1,Main,AES-256-CBC,256,SHA512,1,PSK,Tunnel,False,3600,67,Weak,Legacy IKEv1 used; Weak DH group 1; Perfect Forward Secrecy (PFS) is disabled
868cd566-0512-4e78-98ef-bdfc04960d2b,IKEv2,Main,AES-256-GCM,256,SHA512,19,RSA-Sig,Transport,True,3600,1,Low,None
bd4002b3-028e-49ce-a684-ad5de3dbac84,IKEv1,Aggressive,ChaCha20-Poly1305,256,MD5,1,RSA-Sig,Transport,False,28800,100,Critical,Legacy IKEv1 used; IKEv1 Aggressive mode vulnerable to offline dictionary attacks; Weak hash MD5; Weak DH group 1; Perfect Forward Secrecy (PFS) is disabled
aac585e7-0f6d-4438-8a15-4b0c287ffb0d,IKEv2,Main,AES-256-CBC,256,SHA1,1,ECDSA-Sig,Transport,True,28800,63,Weak,Weak hash SHA1; Weak DH group 1
367f70e0-bba3-498a-91d2-a18a5af96696,IKEv1,Quick,3DES,112,SHA384,21,ECDSA-Sig,Transport,False,86400,79,Weak,Legacy IKEv1 used; Weak encryption 3DES; Perfect Forward Secrecy (PFS) is disabled
987a8360-a3b5-402e-94be-b80f6a869ebb,IKEv1,Main,AES-128-CBC,128,SHA1,5,RSA-Sig,Tunnel,False,86400,100,Critical,Legacy IKEv1 used; Weak hash SHA1; Weak DH group 5; Perfect Forward Secrecy (PFS) is disabled
aaf5a5a9-b039-4669-a0bd-98a1d1cc6b9c,IKEv2,Main,AES-256-GCM,256,SHA1,31,RSA-Sig,Tunnel,True,28800,30,Strong,Weak hash SHA1
9f209d5f-dbd3-4133-b1c5-a8991b17eb1c,IKEv1,Quick,ChaCha20-Poly1305,256,SHA256,1,PSK,Tunnel,False,86400,73,Weak,Legacy IKEv1 used; Weak DH group 1; Perfect Forward Secrecy (PFS) is disabled
f73374a9-135f-4d74-af3f-5bccd42a154e,IKEv2,Main,3DES,112,SHA512,31,PSK,Tunnel,False,28800,65,Weak,Weak encryption 3DES; Perfect Forward Secrecy (PFS) is disabled
04be2289-8eac-45c5-9d44-72a191ff94b7,IKEv2,Main,DES,56,SHA1,21,PSK,Tunnel,False,86400,88,Critical,Weak encryption DES; Weak hash SHA1; Perfect Forward Secrecy (PFS) is disabled
8158a4df-7488-4d01-99fb-fa8c04e251d7,IKEv1,Aggressive,DES,56,SHA256,2,PSK,Tunnel,True,3600,100,Critical,Legacy IKEv1 used; IKEv1 Aggressive mode vulnerable to offline dictionary attacks; Weak encryption DES; Weak DH group 2; PSK with Aggressive Mode is highly risky
ffd97950-5301-4495-9f25-8e3ce5f7ccc7,IKEv2,Main,3DES,112,SHA1,20,ECDSA-Sig,Tunnel,True,3600,68,Weak,Weak encryption 3DES; Weak hash SHA1
b3a1482e-a91f-41e7-913c-2f5cece0a7e5,IKEv2,Main,3DES,112,SHA512,20,RSA-Sig,Tunnel,False,28800,64,Weak,Weak encryption 3DES; Perfect Forward Secrecy (PFS) is disabled
ff81dbcb-531b-4700-a995-807542bacc89,IKEv2,Main,DES,56,SHA256,2,PSK,Tunnel,False,3600,89,Critical,Weak encryption DES; Weak DH group 2; Perfect Forward Secrecy (PFS) is disabled
51a520d4-e242-4c72-9c80-75d3e339912e,IKEv2,Main,DES,56,SHA1,1,RSA-Sig,Tunnel,True,28800,100,Critical,Weak encryption DES; Weak hash SHA1; Weak DH group 1
548fb499-ff6a-4906-86dd-8005d67332f6,IKEv1,Quick,ChaCha20-Poly1305,256,SHA512,5,RSA-Sig,Tunnel,True,28800,50,Moderate,Legacy IKEv1 used; Weak DH group 5
903fbe62-e48c-4a68-a094-9d2a1601cf8e,IKEv1,Quick,AES-256-GCM,256,MD5,5,ECDSA-Sig,Transport,True,86400,85,Critical,Legacy IKEv1 used; Weak hash MD5; Weak DH group 5
89ed4e49-bba5-444e-91f6-aa16ea11f265,IKEv2,Main,3DES,112,SHA512,14,PSK,Tunnel,False,86400,57,Moderate,Weak encryption 3DES; Perfect Forward Secrecy (PFS) is disabled
da020b5b-65c4-4d70-853b-238b7ebf4378,IKEv2,Main,AES-256-GCM,256,SHA1,14,RSA-Sig,Tunnel,False,3600,55,Moderate,Weak hash SHA1; Perfect Forward Secrecy (PFS) is disabled
97024ef3-3a8e-4708-872a-d31340d30188,IKEv1,Quick,AES-256-GCM,256,MD5,1,PSK,Tunnel,False,86400,97,Critical,Legacy IKEv1 used; Weak hash MD5; Weak DH group 1; Perfect Forward Secrecy (PFS) is disabled
eccd589a-c967-4da6-b371-66f234f073f8,IKEv1,Aggressive,AES-256-CBC,256,SHA256,2,ECDSA-Sig,Tunnel,True,28800,83,Critical,Legacy IKEv1 used; IKEv1 Aggressive mode vulnerable to offline dictionary attacks; Weak DH group 2
32ccd30e-0c59-4a08-b72e-b9533f609db0,IKEv2,Main,AES-256-CBC,256,SHA1,5,PSK,Transport,True,3600,63,Weak,Weak hash SHA1; Weak DH group 5
cb42f8f0-8078-48d8-99e2-137bfe28e19d,IKEv1,Main,AES-256-GCM,256,SHA384,31,RSA-Sig,Tunnel,False,3600,45,Moderate,Legacy IKEv1 used; Perfect Forward Secrecy (PFS) is disabled
8def89ff-7f55-4a97-9274-6827ec1274f3,IKEv1,Quick,AES-256-GCM,256,MD5,21,PSK,Transport,False,28800,70,Weak,Legacy IKEv1 used; Weak hash MD5; Perfect Forward Secrecy (PFS) is disabled
7efe1bdf-4e7f-452d-9465-e5651e765825,IKEv1,Main,AES-256-GCM,256,SHA384,31,PSK,Transport,True,3600,16,Low,Legacy IKEv1 used
e2bb0419-4c21-41d5-88b5-87aac175ab38,IKEv1,Quick,3DES,112,SHA256,5,ECDSA-Sig,Transport,True,86400,90,Critical,Legacy IKEv1 used; Weak encryption 3DES; Weak DH group 5
660a14ee-85a3-494c-995d-2e388b3969ed,IKEv2,Main,AES-256-CBC,256,SHA384,20,PSK,Tunnel,False,28800,23,Strong,Perfect Forward Secrecy (PFS) is disabled
6916b5db-4596-4212-8ba6-ea97891ed785,IKEv1,Main,AES-128-CBC,128,MD5,14,PSK,Tunnel,True,28800,52,Moderate,Legacy IKEv1 used; Weak hash MD5
d780011a-0ae0-48a3-b97a-28e1bad63bbb,IKEv1,Main,ChaCha20-Poly1305,256,SHA1,19,ECDSA-Sig,Transport,True,3600,54,Moderate,Legacy IKEv1 used; Weak hash SHA1
ff401b4c-3060-4762-b4cc-73e78e53e0a5,IKEv2,Main,ChaCha20-Poly1305,256,SHA384,14,RSA-Sig,Transport,False,86400,24,Strong,Perfect Forward Secrecy (PFS) is disabled
744df8f6-b2ad-4aee-a4e8-2866034d0a2f,IKEv2,Main,DES,56,MD5,5,RSA-Sig,Tunnel,True,3600,100,Critical,Weak encryption DES; Weak hash MD5; Weak DH group 5
ccea798a-0a5e-4f7c-87e3-58e780942752,IKEv2,Main,ChaCha20-Poly1305,256,MD5,31,ECDSA-Sig,Transport,True,86400,31,Strong,Weak hash MD5
14a7d5a3-3617-46b9-a50a-c481a6832baa,IKEv2,Main,AES-256-GCM,256,SHA512,21,RSA-Sig,Tunnel,False,86400,25,Strong,Perfect Forward Secrecy (PFS) is disabled
e000a229-bae6-4d2b-8c19-02ffcb8e5606,IKEv1,Aggressive,DES,56,SHA256,14,PSK,Tunnel,False,28800,100,Critical,Legacy IKEv1 used; IKEv1 Aggressive mode vulnerable to offline dictionary attacks; Weak encryption DES; PSK with Aggressive Mode is highly risky; Perfect Forward Secrecy (PFS) is disabled
b22bad84-0dac-4fee-a616-62ee28d9f52b,IKEv2,Main,AES-256-CBC,256,SHA512,5,PSK,Transport,False,3600,49,Moderate,Weak DH group 5; Perfect Forward Secrecy (PFS) is disabled
4362192e-6b32-453e-bad8-6c650778d39f,IKEv2,Main,DES,56,SHA1,14,RSA-Sig,Transport,False,86400,91,Critical,Weak encryption DES; Weak hash SHA1; Perfect Forward Secrecy (PFS) is disabled
f3db7cda-02a9-41ac-8842-7dfe56f8c5e2,IKEv2,Main,AES-256-GCM,256,MD5,14,ECDSA-Sig,Transport,False,86400,45,Moderate,Weak hash MD5; Perfect Forward Secrecy (PFS) is disabled
1675b8ac-45a5-4f6a-8cef-d0092eb67e3b,IKEv1,Main,AES-128-CBC,128,MD5,21,RSA-Sig,Transport,True,3600,53,Moderate,Legacy IKEv1 used; Weak hash MD5
8c2e3cd8-5dcc-4339-8d68-409299bda145,IKEv2,Main,ChaCha20-Poly1305,256,SHA384,14,PSK,Tunnel,False,86400,16,Low,Perfect Forward Secrecy (PFS) is disabled
56842f8e-3008-4e01-ac01-21f64c3003b0,IKEv2,Main,AES-128-CBC,128,SHA1,1,ECDSA-Sig,Transport,False,28800,75,Weak,Weak hash SHA1; Weak DH group 1; Perfect Forward Secrecy (PFS) is disabled
dff74dcc-d6d4-417b-8ec9-3c5830f078e6,IKEv2,Main,AES-256-GCM,256,SHA384,31,ECDSA-Sig,Tunnel,True,28800,1,Low,None
1e009dff-b325-4c2a-a7e8-998714725f82,IKEv2,Main,AES-256-CBC,256,MD5,20,RSA-Sig,Tunnel,True,28800,27,Strong,Weak hash MD5
6d7065f8-44ac-46b0-9456-c62a72d10666,IKEv2,Main,DES,56,MD5,2,PSK,Transport,False,28800,100,Critical,Weak encryption DES; Weak hash MD5; Weak DH group 2; Perfect Forward Secrecy (PFS) is disabled
583ebd7a-a4b7-49aa-a1f2-5131067af70d,IKEv2,Main,ChaCha20-Poly1305,256,MD5,31,RSA-Sig,Tunnel,False,28800,55,Moderate,Weak hash MD5; Perfect Forward Secrecy (PFS) is disabled
4ed00b5d-1a14-445f-b7a4-6c5986e78449,IKEv2,Main,3DES,112,SHA512,1,PSK,Transport,False,3600,85,Critical,Weak encryption 3DES; Weak DH group 1; Perfect Forward Secrecy (PFS) is disabled
d66cc02e-d69e-4c39-9173-aefd3872fc0c,IKEv2,Main,AES-256-GCM,256,SHA512,14,PSK,Tunnel,False,3600,18,Low,Perfect Forward Secrecy (PFS) is disabled
707b7382-c246-4622-a1a7-2c8aa8611fd6,IKEv2,Main,AES-128-CBC,128,MD5,21,ECDSA-Sig,Tunnel,False,86400,49,Moderate,Weak hash MD5; Perfect Forward Secrecy (PFS) is disabled
2aa060a2-4589-4232-afd5-94cb262fa6e6,IKEv1,Aggressive,3DES,112,SHA1,14,PSK,Tunnel,True,3600,100,Critical,Legacy IKEv1 used; IKEv1 Aggressive mode vulnerable to offline dictionary attacks; Weak encryption 3DES; Weak hash SHA1; PSK with Aggressive Mode is highly risky
e2061c63-2600-4745-83f6-7cfeeb0e17fe,IKEv1,Aggressive,AES-256-GCM,256,SHA256,19,RSA-Sig,Tunnel,False,86400,69,Weak,Legacy IKEv1 used; IKEv1 Aggressive mode vulnerable to offline dictionary attacks; Perfect Forward Secrecy (PFS) is disabled
e7340526-c399-44a7-b54b-6ba2b2986794,IKEv2,Main,3DES,112,SHA512,5,RSA-Sig,Tunnel,True,28800,75,Weak,Weak encryption 3DES; Weak DH group 5
2d2a3263-f035-4f5f-a432-b2a22b8a4ce8,IKEv1,Main,AES-128-CBC,128,SHA512,5,RSA-Sig,Transport,False,28800,69,Weak,Legacy IKEv1 used; Weak DH group 5; Perfect Forward Secrecy (PFS) is disabled
8ac46c64-a254-4a3f-a927-e3ea060fc85f,IKEv2,Main,ChaCha20-Poly1305,256,SHA512,1,ECDSA-Sig,Tunnel,True,3600,27,Strong,Weak DH group 1
622c7cd1-003c-4362-b112-28d6887e1069,IKEv1,Main,AES-256-CBC,256,SHA1,19,RSA-Sig,Tunnel,False,3600,65,Weak,Legacy IKEv1 used; Weak hash SHA1; Perfect Forward Secrecy (PFS) is disabled
16dc598f-e01d-4a6c-b97f-e5de0488f3c5,IKEv1,Aggressive,AES-256-CBC,256,SHA384,1,ECDSA-Sig,Transport,False,86400,99,Critical,Legacy IKEv1 used; IKEv1 Aggressive mode vulnerable to offline dictionary attacks; Weak DH group 1; Perfect Forward Secrecy (PFS) is disabled
